상가업소번호,상호명,상권업종중분류명,행정동명,경도,위도,기초지자체 방문자 비율,상권분류
MA0106202201A1469259,롯데시네마경주황성_티켓외,한식,황성동,129.2181173,35.88078515,3.2,로컬상권
MA0106202201A2301794,시골여행감포점,한식,감포읍,129.4907698,35.78167217,4.5,로컬상권
MA0106202201A1573196,카가와식당경주점,일식,황남동,129.2093191,35.83427334,10.7,핫플레이스
MA0106202201A1825041,이상복경주빵본사판매점,기타 간이,황남동,129.2087905,35.83316576,10.7,핫플레이스
MA0106202201A0625358,풀무원푸드앤컬처원전인력양성원,한식,감포읍,129.4928268,35.77212402,4.5,로컬상권
MA0106202201A1825045,이상복경주빵경주IC점,기타 간이,황남동,129.2036305,35.81703264,10.7,핫플레이스
MA0106202201A1825047,이상복경주빵보문본가,기타 간이,보덕동,129.2641162,35.85265229,12.9,핫플레이스
MA0106202201A0010423,버거킹경주용강DT점,기타 간이,용강동,129.2298856,35.88075637,1.6,로컬상권
MA0106202201A1825043,이상복경주빵본가,기타 간이,월성동,129.2193777,35.83587199,7.1,핫플레이스
MA0106202201A0153362,커피빈경주미탐시티,비알코올 ,보덕동,129.2898593,35.83455809,12.9,핫플레이스
MA0106202201A0010545,비케이알경주터미널FS점,기타 간이,황남동,129.2030803,35.83794705,10.7,핫플레이스
MA0106202201A1461256,수연당,기타 간이,황오동,129.2176351,35.84204028,11.3,핫플레이스
MA0106202201A1825044,이상복경주빵터미널지점,기타 간이,황오동,129.203016,35.83882225,11.3,핫플레이스
MA0106202201A1258148,도검오마카세,서양식,용강동,129.229135,35.88399602,1.6,로컬상권
MA0106202201A0878939,외동휴게소울산,한식,외동읍,129.2854987,35.67147152,5.0,핫플레이스
MA0106202201A0625205,풀무원푸드앤컬처주택금융공사미래인재원,한식,감포읍,129.491369,35.77182088,4.5,로컬상권
MA0106202201A0422216,달콤커피경주,비알코올 ,황오동,129.2043812,35.8389684,11.3,핫플레이스
MA0106202201A1469669,경주시청황리단길생활문화센터,한식,황남동,129.210497,35.83525183,10.7,핫플레이스
MA0106202201A0393684,세라젬웰카페경주노동점,한식,황오동,129.2131101,35.84207869,11.3,핫플레이스
MA0106202201A0625202,풀무원푸드앤컬처현대자동차영남교육시설,한식,양남면,129.4567855,35.67036723,4.6,로컬상권
MA0106202202A2319972,프프프베이커리,한식,황남동,129.2097235,35.83608601,10.7,핫플레이스
MA0106202201A1825042,이상복경주빵보문점,한식,보덕동,129.2852476,35.83657412,12.9,핫플레이스
MA0106202202A0056362,이디야국립경주박물관점,비알코올 ,월성동,129.2286804,35.82942849,7.1,핫플레이스
MA010120220809127514,보쌈이야기,한식,성건동,129.2070132,35.85487758,3.3,로컬상권
MA010120220805994745,박군꼬치,주점,안강읍,129.1955341,36.00182182,3.2,로컬상권
MA010120220806370328,포석정,비알코올 ,황남동,129.2094706,35.80701385,10.7,핫플레이스
MA010120220813796744,로보티머,비알코올 ,선도동,129.1857081,35.84403113,2.0,로컬상권
MA010120220809108471,고향숯불갈비,한식,천북면,129.2889854,35.92648829,3.4,로컬상권
MA010120220811220602,바실라,비알코올 ,불국동,129.311634,35.80171302,6.1,핫플레이스
MA010120220814112148,아러이막막,기타 간이,선도동,129.1894765,35.84142154,2.0,로컬상권
MA010120220800532450,꽃길,비알코올 ,황남동,129.2068281,35.83861712,10.7,핫플레이스
MA010120220809710094,또묵꼬묵꼬,기타 간이,성건동,129.2098803,35.85369855,3.3,로컬상권
MA010120220804993467,유니정원,기타 간이,불국동,129.3267271,35.78412198,6.1,핫플레이스
MA010120220813876809,밀면당기고,한식,황오동,129.2196705,35.84161524,11.3,핫플레이스
MA010120220803149702,황오당,기타 간이,황오동,129.2147788,35.84120095,11.3,핫플레이스
MA010120220813375792,다현추어탕,한식,성건동,129.2075938,35.85027158,3.3,로컬상권
MA010120220805461764,좋은인연,비알코올 ,양남면,129.4673955,35.68000723,4.6,로컬상권
MA010120220805961402,모모케이크샵,기타 간이,성건동,129.2075834,35.8534885,3.3,로컬상권
MA010120220809121461,외동맷돌순두부,한식,외동읍,129.3245128,35.70955917,5.0,핫플레이스
MA010120220809324490,경주마당불손칼국수,한식,황오동,129.2174651,35.84348509,11.3,핫플레이스
MA010120220810186445,손가맥집,주점,황남동,129.2122737,35.83507495,10.7,핫플레이스
MA010120220808444278,해피조이,기타 간이,황성동,129.2102152,35.86575735,3.2,로컬상권
MA010120220812320278,순수치킨,기타 간이,외동읍,129.3236489,35.67065987,5.0,핫플레이스
MA010120220808503729,주전자막걸리,주점,용강동,129.225091,35.88469276,1.6,로컬상권
MA010120220814016196,신구한식당,한식,천북면,129.2709759,35.89754719,3.4,로컬상권
MA010120220805218224,단추식당,주점,동천동,129.2259728,35.85448261,2.1,로컬상권
MA010120220809130988,좋은하루,주점,건천읍,129.1052481,35.84928882,7.6,핫플레이스
MA010120220808013076,한우한판,한식,현곡면,129.1748865,35.88984766,1.2,로컬상권
MA010120220808614253,형아분식,기타 간이,성건동,129.2067435,35.84395286,3.3,로컬상권
MA010120220803098857,꼴로스,동남아시아,성건동,129.2062366,35.84323233,3.3,로컬상권
MA010120220809118785,에덴숯불식당,한식,선도동,129.1774963,35.84482904,2.0,로컬상권
MA010120220803448003,도은,한식,감포읍,129.5023273,35.80678597,4.5,로컬상권
MA010120220809128257,사거리떡방앗간,기타 간이,안강읍,129.2283391,35.99096299,3.2,로컬상권
MA010120220812712440,수다방,비알코올 ,서면,129.0480446,35.89506107,0.9,로컬상권
MA010120220805985110,통영원산반점2,중식,선도동,129.1827286,35.8431302,2.0,로컬상권
MA010120220809103834,베스킨라빈스,기타 간이,황오동,129.2118079,35.8422108,11.3,핫플레이스
MA010120220812103999,정촌돼지국밥,한식,외동읍,129.3359776,35.67350275,5.0,핫플레이스
MA010120220808809183,꼬꼬,기타 간이,안강읍,129.2150501,35.9895333,3.2,로컬상권
MA010120220804145983,줄줄이행복분식,기타 간이,성건동,129.2067435,35.84395286,3.3,로컬상권
MA010120220812009433,금오산전통칼국수,한식,황남동,129.2057652,35.79822459,10.7,핫플레이스
MA010120220812458404,간이역국수,주점,불국동,129.3067145,35.77234378,6.1,핫플레이스
MA010120220809123976,네코짱,일식,황오동,129.2134208,35.84131608,11.3,핫플레이스
MA010120220803073488,이디야커피동천현대점,비알코올 ,동천동,129.2264509,35.85218511,2.1,로컬상권
MA010120220809167005,라플레르,한식,동천동,129.2431227,35.84250408,2.1,로컬상권
MA010120220810196523,하영산장,한식,산내면,129.0591563,35.65989595,1.0,로컬상권
MA010120220809126434,커피안단테,비알코올 ,황성동,129.2182915,35.86758171,3.2,로컬상권
MA010120220803426720,교촌가,기타 간이,황남동,129.2136335,35.83304057,10.7,핫플레이스
MA010120220812259254,고서방칡냉면바다장어구이,한식,동천동,129.2261222,35.85111896,2.1,로컬상권
MA010120220809114040,돈쓰김,기타 간이,안강읍,129.196221,36.00499888,3.2,로컬상권
MA010120220810382826,향화꼬치,한식,성건동,129.2070206,35.85434583,3.3,로컬상권
MA010120220803141252,터미널옛날통닭,기타 간이,황오동,129.2027991,35.84097973,11.3,핫플레이스
MA010120220809639675,완도참전복집,한식,동천동,129.2257348,35.85626207,2.1,로컬상권
MA010120220808795066,대박포차,주점,안강읍,129.2150501,35.9895333,3.2,로컬상권
MA010120220807172333,정가국수,한식,선도동,129.1642552,35.8385267,2.0,로컬상권
MA010120220805144046,불국사토함산밀면,한식,불국동,129.2981952,35.77751672,6.1,핫플레이스
MA010120220809289659,동방식당,기타 간이,성건동,129.2067435,35.84395286,3.3,로컬상권
MA010120220811200007,비빔밥,한식,황성동,129.2116763,35.8665504,3.2,로컬상권
MA010120220803162380,국수나무용황지구점,한식,용강동,129.2280009,35.8834314,1.6,로컬상권
MA010120220804457155,진성FNC,기타 간이,황성동,129.2108229,35.86571913,3.2,로컬상권
MA010120220814278373,카페노프랭크,비알코올 ,보덕동,129.293309,35.84484511,12.9,핫플레이스
MA010120220809126306,쇼케이스스틸룸,서양식,황오동,129.2104457,35.8421728,11.3,핫플레이스
MA010120220809115494,거래처,주점,황성동,129.2112504,35.8675584,3.2,로컬상권
MA010120220809114442,팔우정촌두부,한식,황오동,129.2162908,35.84145238,11.3,핫플레이스
MA010120220809119196,이문안,한식,강동면,129.2817218,35.96436126,1.8,로컬상권
MA010120220809100682,검찰청구내매점,구내식당·뷔페,황오동,129.2103881,35.84528247,11.3,핫플레이스
MA010120220813647658,더족보,한식,안강읍,129.2188259,35.99252697,3.2,로컬상권
MA010120220813656815,브로스커피,비알코올 ,월성동,129.2401375,35.81466357,7.1,핫플레이스
MA010120220812752135,카페라비,비알코올 ,감포읍,129.4934407,35.76593946,4.5,로컬상권
MA010120220809107921,한마음식당,한식,외동읍,129.3252288,35.7148074,5.0,핫플레이스
MA010120220800834001,헤라노래궁,주점,동천동,129.2237161,35.85492087,2.1,로컬상권
MA010120220803132472,공차경주노동점,비알코올 ,황오동,129.2133165,35.84353458,11.3,핫플레이스
MA010120220813904305,레이지선데이,비알코올 ,황남동,129.210315,35.83746274,10.7,핫플레이스
MA010120220812824129,샌드리아,기타 간이,황성동,129.2138268,35.86586202,3.2,로컬상권
MA010120220808140273,봉황국밥,한식,황오동,129.2098667,35.84244476,11.3,핫플레이스
MA010120220805482926,커피뉴빈,비알코올 ,황성동,129.2139624,35.86755348,3.2,로컬상권
MA010120220809127295,CH푸드,구내식당·뷔페,천북면,129.2748489,35.90750226,3.4,로컬상권
MA010120220807030098,일억원짜장,중식,건천읍,129.1008228,35.8480958,7.6,핫플레이스
MA010120220809110599,초원,주점,양남면,129.463452,35.67494325,4.6,로컬상권
MA010120220810254998,해천농원,한식,보덕동,129.328217,35.87639395,12.9,핫플레이스
MA010120220809116977,치코파닭,기타 간이,성건동,129.2075834,35.8534885,3.3,로컬상권
MA010120220814103848,얼큰동태시원굴국밥,한식,안강읍,129.1925831,35.99976742,3.2,로컬상권
MA010120220809021204,행복맛집,기타 간이,안강읍,129.1928865,36.00111341,3.2,로컬상권
MA010120220813663476,경양식,서양식,황남동,129.2101612,35.83670869,10.7,핫플레이스
MA010120220809111804,호식이두마리치킨,기타 간이,건천읍,129.1009543,35.84846294,7.6,핫플레이스
MA010120220807161513,이조실비,주점,내남면,129.198447,35.75098117,4.1,로컬상권
MA010120220813320247,남해식당,한식,동천동,129.2280987,35.8505597,2.1,로컬상권
MA010120220809150056,경북경주시니어클럽루왁,비알코올 ,황오동,129.211804,35.84127378,11.3,핫플레이스
MA010120220813092666,옹심이칼국수,한식,안강읍,129.1938484,36.00101472,3.2,로컬상권
MA010120220802932523,상하이푸드,중식,외동읍,129.3126504,35.67141235,5.0,핫플레이스
MA010120220809131385,동해민물매운탕식당,한식,외동읍,129.3228125,35.71568304,5.0,핫플레이스
MA010120220805205699,카페로드,비알코올 ,외동읍,129.3274671,35.71313323,5.0,핫플레이스
MA010120220809106914,유수정,한식,불국동,129.3182148,35.78800773,6.1,핫플레이스
MA010120220809595185,세나다방,비알코올 ,안강읍,129.2250246,35.98979914,3.2,로컬상권
MA010120220803709514,레트로지,기타 간이,성건동,129.2052661,35.85573863,3.3,로컬상권
MA010120220809123850,달인한우소고기국밥;돼지찌게,한식,동천동,129.2327741,35.8452108,2.1,로컬상권
MA010120220811785404,옛골청국장,한식,안강읍,129.2282362,35.99282101,3.2,로컬상권
MA010120220803829418,정아노래단란주점,주점,강동면,129.2741958,35.98790357,1.8,로컬상권
MA010120220805145321,도초,한식,황남동,129.192335,35.80052475,10.7,핫플레이스
MA010120220813737707,빙고호프,주점,황오동,129.2157709,35.84742688,11.3,핫플레이스
MA010120220809131476,삼일국수열무보리밥,한식,천북면,129.2418943,35.9112309,3.4,로컬상권
MA010120220809160046,삼성분식,기타 간이,강동면,129.2857687,36.0062894,1.8,로컬상권
MA010120220811873358,진성닭갈비.신라찜닭.김형우족발,한식,동천동,129.2357478,35.84391205,2.1,로컬상권
MA010120220812606308,샷타,일식,황남동,129.2103092,35.83566075,10.7,핫플레이스
MA010120220800290357,달봉김밥,기타 간이,안강읍,129.2252962,35.98999233,3.2,로컬상권
MA010120220812844206,소판당,한식,성건동,129.2137444,35.85016738,3.3,로컬상권
MA010120220809130189,대장부,한식,안강읍,129.2151221,35.99012664,3.2,로컬상권
MA010120220806974566,시골식당,한식,외동읍,129.3288956,35.6809745,5.0,핫플레이스
MA010120220801142750,황성떡집,기타 간이,황성동,129.2142489,35.87267512,3.2,로컬상권
MA010120220808148718,원가어탕,한식,황오동,129.2100108,35.84564082,11.3,핫플레이스
MA010120220809110391,밥먹고술먹고,주점,황성동,129.2194776,35.86803734,3.2,로컬상권
MA010120220801136342,빙그레꽈베기,기타 간이,동천동,129.2328651,35.84727249,2.1,로컬상권
MA010120220809118145,칠칠다방,비알코올 ,안강읍,129.2275715,35.99126558,3.2,로컬상권
MA010120220810660237,대복다방,비알코올 ,건천읍,129.1054381,35.84935757,7.6,핫플레이스
MA010120220809111256,산성숯불갈비,한식,월성동,129.2581148,35.84514252,7.1,핫플레이스
MA010120220808069505,양북식당,한식,성건동,129.2067435,35.84395286,3.3,로컬상권
MA010120220804633530,미쳐버린파닭,기타 간이,성건동,129.1898758,35.8627781,3.3,로컬상권
MA010120220809126036,네네치킨충효점,기타 간이,선도동,129.1872427,35.84188573,2.0,로컬상권
MA010120220809128045,우리집순두부,한식,내남면,129.2060735,35.76016743,4.1,로컬상권
MA010120220800299762,코꾼지,한식,현곡면,129.2017173,35.86668836,1.2,로컬상권
MA010120220812526718,인정푸드,기타 간이,성건동,129.2063325,35.85427738,3.3,로컬상권
MA010120220809106962,현대밀면,한식,황오동,129.2075533,35.844821,11.3,핫플레이스
MA010120220812272507,오니와플,기타 간이,월성동,129.2292619,35.84071677,7.1,핫플레이스
MA010120220809114915,숯불구이삼겹살더홈,기타 간이,성건동,129.2104795,35.85455253,3.3,로컬상권
MA010120220809111467,유승식육식당,한식,선도동,129.1811386,35.84366367,2.0,로컬상권
MA010120220809115228,화목돼지국밥,한식,황성동,129.214368,35.86502308,3.2,로컬상권
MA010120220813124972,헬로!리로,비알코올 ,황오동,129.2102144,35.8422131,11.3,핫플레이스
MA010120220803443089,한방족발,한식,외동읍,129.3261834,35.71496014,5.0,핫플레이스
MA010120220809645785,교리김밥봉황대점,기타 간이,황남동,129.2096797,35.83929454,10.7,핫플레이스
MA010120220810659425,족발해,한식,동천동,129.2264584,35.85561793,2.1,로컬상권
MA010120220808000984,노랑통닭경주,기타 간이,용강동,129.2257936,35.86153206,1.6,로컬상권
MA010120220810909368,단석산가는길,한식,건천읍,129.0685014,35.80657665,7.6,핫플레이스
MA010120220808546229,다소미,한식,외동읍,129.3194146,35.71204534,5.0,핫플레이스
MA010120220809946736,불퉁이주막촌,한식,동천동,129.2285118,35.85029074,2.1,로컬상권
MA010120220803387964,위드식당,주점,동천동,129.2232958,35.85651449,2.1,로컬상권
MA010120220811367477,훼미리,서양식,안강읍,129.2280399,35.98781497,3.2,로컬상권
MA010120220809102954,고향해장국,한식,불국동,129.3047517,35.77175971,6.1,핫플레이스
MA010120220808484542,빈카,비알코올 ,보덕동,129.2625886,35.85887117,12.9,핫플레이스
MA010120220808353354,목련,비알코올 ,황남동,129.2077218,35.7917912,10.7,핫플레이스
MA010120220812615175,컴포즈커피,비알코올 ,황성동,129.2134989,35.86601223,3.2,로컬상권
MA010120220803332671,브릴랑,비알코올 ,성건동,129.1931411,35.86036678,3.3,로컬상권
MA010120220809130072,김밥천국,기타 간이,불국동,129.3080897,35.77325446,6.1,핫플레이스
MA010120220813667016,꽃돼지삼겹살,한식,황오동,129.220439,35.84179025,11.3,핫플레이스
MA010120220805117391,카페행복두레,비알코올 ,선도동,129.1968693,35.84024134,2.0,로컬상권
MA010120220806809934,대원식당,한식,불국동,129.328944,35.78506116,6.1,핫플레이스
MA010120220809100680,페리카나치킨,기타 간이,황오동,129.2122854,35.84704962,11.3,핫플레이스
MA010120220808046701,산전샘짬뽕,중식,외동읍,129.3005819,35.71449742,5.0,핫플레이스
MA010120220809110100,화통삼,한식,동천동,129.224465,35.85320404,2.1,로컬상권
MA010120220809100705,해물마당,한식,성건동,129.2071727,35.85583877,3.3,로컬상권
MA010120220809112819,동원국밥,한식,황성동,129.219027,35.86934317,3.2,로컬상권
MA010120220811975378,춘향이,한식,외동읍,129.3129668,35.77252999,5.0,핫플레이스
MA010120220808633446,가고파다방,비알코올 ,감포읍,129.5019856,35.80576596,4.5,로컬상권
MA010120220809129032,소문난암뽕수육,한식,용강동,129.2247301,35.86822847,1.6,로컬상권
MA010120220811627106,커피연두,비알코올 ,선도동,129.1901623,35.82652369,2.0,로컬상권
MA010120220805209037,한동서만나,한식,안강읍,129.1839961,36.00080715,3.2,로컬상권
MA010120220806277626,도담,구내식당·뷔페,안강읍,129.1666481,35.99736458,3.2,로컬상권
MA010120220808445457,베스트웨스턴cafe411,비알코올 ,감포읍,129.4927163,35.77106314,4.5,로컬상권
MA010120220808008096,김가네전통손칼국수,한식,안강읍,129.1955995,36.00018075,3.2,로컬상권
MA010120220812680034,씨네마맥주,주점,현곡면,129.2031779,35.86826543,1.2,로컬상권
MA010120220808027289,고봉민김밥알천점,기타 간이,동천동,129.2305598,35.84912642,2.1,로컬상권
MA010120220809111446,옛날맛돼지국밥,한식,성건동,129.2140472,35.85190082,3.3,로컬상권
MA010120220808800777,홍대카페다방,비알코올 ,강동면,129.2857687,36.0062894,1.8,로컬상권
MA010120220800311196,우회전,한식,선도동,129.1852498,35.84305733,2.0,로컬상권
MA010120220809112635,한돈가,한식,불국동,129.2981554,35.77843654,6.1,핫플레이스
MA010120220807884417,오븐에꾸운닭,기타 간이,불국동,129.3091472,35.77120682,6.1,핫플레이스
MA010120220801148419,김밥나라,기타 간이,외동읍,129.3246717,35.71426853,5.0,핫플레이스
MA010120220809108417,금룡반점,중식,불국동,129.3023495,35.78047371,6.1,핫플레이스
MA010120220809665928,청춘야끼,기타 간이,성건동,129.2067435,35.84395286,3.3,로컬상권
MA010120220809103679,감자바우,한식,황오동,129.2119066,35.84297487,11.3,핫플레이스
MA010120220809103517,현대해물칼국수,한식,양남면,129.4535981,35.66580103,4.6,로컬상권
MA010120220805116847,분홍이네,기타 간이,황남동,129.2110285,35.83446715,10.7,핫플레이스
MA010120220809128803,퀸,비알코올 ,황오동,129.2093293,35.84222037,11.3,핫플레이스
MA010120220811758458,경주밥집,한식,월성동,129.2221566,35.83870395,7.1,핫플레이스
MA010120220803169599,드림cake,기타 간이,용강동,129.2276112,35.88256463,1.6,로컬상권
MA010120220809114347,다보식당,한식,성건동,129.2028211,35.84337611,3.3,로컬상권
MA010120220809130055,놀러와,주점,동천동,129.2233621,35.85572034,2.1,로컬상권
MA010120220809118430,초당400년순두부,한식,불국동,129.3181188,35.78774828,6.1,핫플레이스
MA010120220808238527,편한술집,주점,황성동,129.2105079,35.86912186,3.2,로컬상권
MA010120220811694722,민이네,한식,성건동,129.2067435,35.84395286,3.3,로컬상권
MA010120220809124292,홈플러스경주점이디야,비알코올 ,용강동,129.2248649,35.87344299,1.6,로컬상권
MA010120220809110348,황금소숯불,한식,천북면,129.2890167,35.92719049,3.4,로컬상권
MA010120220806758091,빵나무아래,기타 간이,용강동,129.2324945,35.87587834,1.6,로컬상권
MA010120220809104231,이연쌈밥,한식,안강읍,129.1838981,36.00207938,3.2,로컬상권
MA010120220801143688,최박사돼지숯불갈비,한식,용강동,129.2248606,35.86220711,1.6,로컬상권
MA010120220803089770,해바라기룸비지니스,주점,동천동,129.2235439,35.85628463,2.1,로컬상권
MA010120220809110257,백반/한정식,한식,외동읍,129.3236056,35.71636152,5.0,핫플레이스
MA010120220813658165,양남칼국수보리밥,한식,양남면,129.464321,35.68165602,4.6,로컬상권
MA010120220809900473,경주중앙시장목화식당,한식,성건동,129.2067435,35.84395286,3.3,로컬상권
MA010120220809129639,소낙비식당,한식,외동읍,129.3332409,35.67811512,5.0,핫플레이스
MA010120220812859971,동그라미,비알코올 ,동천동,129.227969,35.84671467,2.1,로컬상권
MA010120220814263003,한양각,중식,산내면,129.0408737,35.75745335,1.0,로컬상권
MA010120220809104925,동해회식당,한식,양남면,129.4741394,35.69061781,4.6,로컬상권
MA010120220809117772,054피자,기타 간이,선도동,129.1781103,35.84380873,2.0,로컬상권
MA010120220809109655,교촌치킨,기타 간이,선도동,129.1876739,35.84227434,2.0,로컬상권
MA010120220809120716,자연단란주점,주점,내남면,129.203572,35.73480346,4.1,로컬상권
MA010120220809111754,평화반점,중식,안강읍,129.2232006,35.99275229,3.2,로컬상권
MA010120220809121034,산갈래닭갈비,한식,성건동,129.2041573,35.85286664,3.3,로컬상권
MA010120220809130949,왕손짜장,중식,황남동,129.2173292,35.82111465,10.7,핫플레이스
MA010120220809127713,저잣거리,한식,황오동,129.2085394,35.84565887,11.3,핫플레이스
MA010120220809336647,안강맛집,한식,안강읍,129.2278899,36.00021582,3.2,로컬상권
MA010120220809109169,복천숯불바베큐,기타 간이,황성동,129.2116072,35.8660561,3.2,로컬상권
MA010120220807114605,틈새커피,비알코올 ,서면,129.049508,35.89340516,0.9,로컬상권
MA010120220809131416,귀빈반점,중식,내남면,129.1987946,35.75075856,4.1,로컬상권
MA010120220812276378,프롬상록,비알코올 ,황남동,129.2118371,35.83648862,10.7,핫플레이스
MA010120220806878296,달:담달달한사랑을담다,기타 간이,안강읍,129.2155324,35.99448903,3.2,로컬상권
MA010120220811943678,꽃신주식,한식,불국동,129.328944,35.78506116,6.1,핫플레이스
MA010120220809114182,이천식당,한식,감포읍,129.5012726,35.80454645,4.5,로컬상권
MA010120220803437538,식당경주,한식,선도동,129.1516055,35.81881354,2.0,로컬상권
MA010120220804322496,교촌치킨,기타 간이,안강읍,129.1964798,36.00153419,3.2,로컬상권
MA010120220805991247,스타벅스보문,비알코올 ,보덕동,129.2859534,35.83880426,12.9,핫플레이스
MA010120220814017295,이디야커피경주북군점,비알코올 ,보덕동,129.2640799,35.85293229,12.9,핫플레이스
MA010120220809102204,국시마을,한식,동천동,129.225574,35.85882401,2.1,로컬상권
MA010120220809103514,굽네치킨성건,기타 간이,황오동,129.2124322,35.84715504,11.3,핫플레이스
MA010120220809111110,대사관식당,주점,용강동,129.2300876,35.87650874,1.6,로컬상권
MA010120220809116895,우주떡방앗간,기타 간이,동천동,129.2259665,35.85465392,2.1,로컬상권
MA010120220810990763,저잣거리생선구이정식,한식,불국동,129.2981096,35.77723003,6.1,핫플레이스
MA010120220810181959,동궁노래궁,주점,동천동,129.223108,35.85652698,2.1,로컬상권
MA010120220809111029,충효식당,한식,황오동,129.2054536,35.84212941,11.3,핫플레이스
MA010120220804692559,10커피하우스,비알코올 ,용강동,129.2313515,35.88564879,1.6,로컬상권
MA010120220809103349,늘푸른참가자미횟집,한식,안강읍,129.1955065,36.00122765,3.2,로컬상권
MA010120220809108418,양지２식당,구내식당·뷔페,외동읍,129.3054988,35.66156595,5.0,핫플레이스
MA010120220809121436,흑장군,한식,건천읍,129.076583,35.83146006,7.6,핫플레이스
MA010120220812316245,상록수,비알코올 ,건천읍,129.1052302,35.84986581,7.6,핫플레이스
MA010120220809925140,옛날집,한식,안강읍,129.2264518,35.99126835,3.2,로컬상권
MA010120220812309873,롯데리아경주,기타 간이,황성동,129.2147058,35.86602602,3.2,로컬상권
MA010120220805544592,지코바치킨,기타 간이,성건동,129.2102478,35.85098866,3.3,로컬상권
MA010120220806874100,청춘야식,한식,양남면,129.4706953,35.70069881,4.6,로컬상권
MA010120220806973395,황남경주식당,한식,황남동,129.2120835,35.83579929,10.7,핫플레이스
MA010120220808039167,천마식당,한식,외동읍,129.3121458,35.68491971,5.0,핫플레이스
MA010120220812510423,순흥숯불고기,한식,외동읍,129.3277912,35.70035023,5.0,핫플레이스
MA010120220811774060,필케트링,구내식당·뷔페,외동읍,129.3165866,35.66967872,5.0,핫플레이스
MA010120220800452220,멕시카나,기타 간이,강동면,129.2767801,35.98948536,1.8,로컬상권
MA010120220812440822,금빛다방,비알코올 ,감포읍,129.5025779,35.80666362,4.5,로컬상권
MA010120220809115596,도깨비반점,중식,안강읍,129.2222362,35.98920211,3.2,로컬상권
MA010120220804727869,청솔다방,비알코올 ,건천읍,129.1017094,35.85149533,7.6,핫플레이스
MA010120220800083482,다홍,비알코올 ,동천동,129.223395,35.8521426,2.1,로컬상권
MA010120220809101847,예송식당,한식,선도동,129.1860359,35.84226812,2.0,로컬상권
MA010120220808535114,와우단란주점,주점,황오동,129.2102144,35.8422131,11.3,핫플레이스
MA010120220806723085,정담,한식,외동읍,129.2862225,35.70611214,5.0,핫플레이스
MA010120220804708454,도솔마을,한식,황남동,129.2111214,35.8370154,10.7,핫플레이스
MA010120220808813391,물레방아생고기,한식,동천동,129.2215456,35.85289766,2.1,로컬상권
MA010120220808833934,감포이견대횟집,한식,감포읍,129.4847943,35.74599919,4.5,로컬상권
MA010120220811488493,정화송이순두부,한식,보덕동,129.262443,35.85141336,12.9,핫플레이스
MA010120220810989472,모화반점,중식,외동읍,129.3320302,35.68129223,5.0,핫플레이스
MA010120220809118408,공원유스텔,한식,불국동,129.3258732,35.78479626,6.1,핫플레이스
MA010120220809124515,하해회식당,한식,감포읍,129.4855869,35.74554131,4.5,로컬상권
MA010120220809168859,부용,중식,현곡면,129.2025766,35.86453713,1.2,로컬상권
MA010120220807063331,이호점,주점,황오동,129.2035599,35.83928082,11.3,핫플레이스
MA010120220811553805,달바다국수랑전,한식,양남면,129.4681054,35.68010981,4.6,로컬상권
MA010120220805331069,대게먹자,한식,안강읍,129.2252196,35.99160658,3.2,로컬상권
MA010120220810145340,중앙시장전통육전,기타 간이,성건동,129.2067435,35.84395286,3.3,로컬상권
MA010120220809108218,경주호명동198빵,기타 간이,강동면,129.2481532,35.97109506,1.8,로컬상권
MA010120220814344915,홍스포차,기타 간이,성건동,129.2060653,35.85502114,3.3,로컬상권
MA010120220813250453,오메가메,주점,동천동,129.2267178,35.85025193,2.1,로컬상권
MA010120220809123002,조가네떡갈비쌈밥.스쿠터,한식,보덕동,129.2848302,35.83629373,12.9,핫플레이스
MA010120220809111386,안동찜닭,한식,황오동,129.2109668,35.84220826,11.3,핫플레이스
MA010120220809102634,우리반점,중식,건천읍,129.1305911,35.82399069,7.6,핫플레이스
MA010120220809130454,현일식당,한식,산내면,129.0449344,35.75715909,1.0,로컬상권
MA010120220809123636,홍기와식당,한식,용강동,129.224723,35.86164201,1.6,로컬상권
MA010120220808559352,수내닭꼬치,한식,황성동,129.2183383,35.86767095,3.2,로컬상권
MA010120220804893690,요리모노,한식,성건동,129.2056366,35.85392974,3.3,로컬상권
MA010120220809113532,초록식품,기타 간이,황오동,129.206485,35.83941634,11.3,핫플레이스
MA010120220809106870,경도기획,기타 간이,불국동,129.3038414,35.77239888,6.1,핫플레이스
MA010120220807028264,다호숯불촌,한식,동천동,129.233556,35.84783631,2.1,로컬상권
MA010120220813888476,남산옥,한식,안강읍,129.2175546,35.99345152,3.2,로컬상권
MA010120220810026118,행복한분식,기타 간이,강동면,129.2741504,35.98748095,1.8,로컬상권
MA010120220804428605,커피톡,비알코올 ,성건동,129.2125237,35.8512441,3.3,로컬상권
MA010120220809118798,땅땅치킨,기타 간이,성건동,129.1921214,35.86071879,3.3,로컬상권
MA010120220809128748,동근이숯불두마리치킨건천점,기타 간이,건천읍,129.1013266,35.84831226,7.6,핫플레이스
MA010120220814126146,테이트모던,기타 간이,성건동,129.1907699,35.86148231,3.3,로컬상권
MA010120220809104229,코모도조선호텔가화정,주점,보덕동,129.2851399,35.84438811,12.9,핫플레이스
MA010120220804983337,카페일라고,비알코올 ,용강동,129.2351789,35.87370195,1.6,로컬상권
MA010120220812320692,미러볼디저트클럽,기타 간이,황성동,129.2198968,35.86719162,3.2,로컬상권
MA010120220806532115,텐퍼센트커피경주,비알코올 ,안강읍,129.2241009,35.99243826,3.2,로컬상권
MA010120220812330485,청년분식,기타 간이,황남동,129.2097411,35.83871674,10.7,핫플레이스
MA010120220809124942,우정다방,비알코올 ,안강읍,129.2260794,35.99182489,3.2,로컬상권
MA010120220807282874,대아손짜장,중식,동천동,129.2321685,35.846898,2.1,로컬상권
MA010120220809119062,일진식당,한식,천북면,129.2821807,35.91405767,3.4,로컬상권
MA010120220809112316,다유,한식,천북면,129.27158,35.86753153,3.4,로컬상권
MA010120220800465011,힐튼7080,비알코올 ,황오동,129.2031324,35.83982929,11.3,핫플레이스
MA010120220804146194,여행카페,비알코올 ,황오동,129.2172345,35.85149962,11.3,핫플레이스
MA010120220810845052,마산생아구,한식,성건동,129.2050815,35.85266946,3.3,로컬상권
MA010120220809123081,마루이,한식,황오동,129.2027995,35.84219613,11.3,핫플레이스
MA010120220813329619,고향집식당,한식,선도동,129.1501675,35.81882126,2.0,로컬상권
MA010120220813806009,시장수산,한식,불국동,129.3011741,35.77575677,6.1,핫플레이스
MA010120220814298122,모루,한식,황남동,129.2112925,35.83600308,10.7,핫플레이스
MA010120220809108581,백련,비알코올 ,황오동,129.2109826,35.84437048,11.3,핫플레이스
MA010120220808831208,온에어식당,주점,성건동,129.2058723,35.85564641,3.3,로컬상권
MA010120220814376625,경주돼지국밥,한식,불국동,129.3004027,35.77584362,6.1,핫플레이스
MA010120220802589181,안강갈비탕,한식,안강읍,129.2273778,35.99107996,3.2,로컬상권
MA010120220809946642,나우커피경주,비알코올 ,황오동,129.2151821,35.84217565,11.3,핫플레이스
MA010120220814355610,월하정인,한식,월성동,129.2150906,35.83013037,7.1,핫플레이스
MA010120220809121019,신성반점,중식,황오동,129.2030008,35.83947128,11.3,핫플레이스
MA010120220808438891,불난집식당,한식,감포읍,129.5030811,35.80437364,4.5,로컬상권
MA010120220809101420,커피한잔,비알코올 ,황성동,129.2149418,35.86495844,3.2,로컬상권
MA010120220813404681,계림분식,기타 간이,성건동,129.2067435,35.84395286,3.3,로컬상권
MA010120220813971700,호야치킨클럽,기타 간이,동천동,129.2293497,35.84701342,2.1,로컬상권
MA010120220809105903,다오래,한식,황오동,129.2169742,35.84254805,11.3,핫플레이스
MA010120220809119696,통영아구찜식당,한식,동천동,129.2237033,35.8552545,2.1,로컬상권
MA010120220803108780,공차경주,비알코올 ,황성동,129.2151853,35.86734171,3.2,로컬상권
MA010120220809113704,세원복회식당,한식,황성동,129.2127364,35.86407102,3.2,로컬상권
MA010120220809126800,어촌,주점,내남면,129.1953598,35.75166832,4.1,로컬상권
MA010120220809121296,우일식당,한식,황오동,129.2041168,35.83981123,11.3,핫플레이스
MA010120220809116922,용강콩떼기밭떼기,한식,용강동,129.231025,35.87756356,1.6,로컬상권
MA010120220811223426,피넛푸드,구내식당·뷔페,성건동,129.1910382,35.86479326,3.3,로컬상권
MA010120220813548440,조방낙지,한식,황오동,129.2103446,35.84251706,11.3,핫플레이스
MA010120220812699845,카페희월로스팅룸,비알코올 ,동천동,129.226259,35.85600907,2.1,로컬상권
MA010120220801724888,원통숯불뒷고기,한식,안강읍,129.2188896,35.99282313,3.2,로컬상권
MA010120220809125080,돈갈비,한식,동천동,129.2255883,35.85814796,2.1,로컬상권
MA010120220810215316,경주돼지집,한식,성건동,129.2063455,35.85315083,3.3,로컬상권
MA010120220808606078,교동면옥경주대릉원점,한식,황남동,129.2149371,35.83376441,10.7,핫플레이스
MA010120220812252152,성동가가,비알코올 ,황오동,129.2148662,35.84951597,11.3,핫플레이스
MA010120220809730559,황토정,한식,황남동,129.2121049,35.81983235,10.7,핫플레이스
MA010120220814348814,두꺼비식당,한식,황남동,129.2109184,35.83448719,10.7,핫플레이스
MA010120220803375642,소금강산,한식,용강동,129.2344038,35.86266065,1.6,로컬상권
MA010120220813349643,햇님푸드,한식,외동읍,129.3136045,35.69985801,5.0,핫플레이스
MA010120220813375364,비엔나커피하우스경주용황로점,비알코올 ,용강동,129.2244951,35.88278459,1.6,로컬상권
MA010120220812365697,비비큐경주,기타 간이,안강읍,129.1955714,36.0019653,3.2,로컬상권
MA010120220802269697,천북휴게소,기타 간이,천북면,129.2859534,35.91583296,3.4,로컬상권
MA010120220803821359,토리포차,주점,건천읍,129.1057586,35.84850496,7.6,핫플레이스
MA010120220809125800,닭이랑,한식,동천동,129.2340672,35.85185445,2.1,로컬상권
MA010120220806855423,비비큐소노벨경주점,기타 간이,보덕동,129.2817006,35.84678716,12.9,핫플레이스
MA010120220810999948,챔스푸드,한식,외동읍,129.2888228,35.65910898,5.0,핫플레이스
MA010120220803414803,큰기와,한식,황남동,129.2079003,35.83498422,10.7,핫플레이스
MA010120220809107228,대구회식당,한식,감포읍,129.511029,35.81441598,4.5,로컬상권
MA010120220813829605,가람떡마을,기타 간이,현곡면,129.2020935,35.86668146,1.2,로컬상권
MA010120220810024553,계림가정식부페,구내식당·뷔페,불국동,129.3011666,35.77472973,6.1,핫플레이스
MA010120220809104153,정원찜나라,한식,건천읍,129.1041805,35.85160524,7.6,핫플레이스
MA010120220800095459,우리한우별관,한식,강동면,129.2468416,36.06820405,1.8,로컬상권
MA010120220809109762,신형섭커피,비알코올 ,황오동,129.2151731,35.84264436,11.3,핫플레이스
MA010120220814286264,동원홈푸드일진,구내식당·뷔페,황성동,129.215628,35.87568618,3.2,로컬상권
MA010120220814318370,경포횟집,한식,황성동,129.2163239,35.87006887,3.2,로컬상권
MA010120220809203543,카페플로리안,비알코올 ,황남동,129.2102224,35.83612188,10.7,핫플레이스
MA010120220809531538,조아조아치킨,기타 간이,외동읍,129.3417669,35.72080282,5.0,핫플레이스
MA010120220810358758,감포밀면,한식,감포읍,129.4993906,35.80801839,4.5,로컬상권
MA010120220810543098,부루네,비알코올 ,황오동,129.2142954,35.8433183,11.3,핫플레이스
MA010120220804785628,스윗하비,비알코올 ,황오동,129.2175341,35.84159162,11.3,핫플레이스
MA010120220809112022,용강해물손칼국수,한식,용강동,129.2312227,35.87592901,1.6,로컬상권
MA010120220809124812,산속애,한식,불국동,129.3219843,35.78909729,6.1,핫플레이스
MA010120220802281845,도너우스페흐,동남아시아,성건동,129.2055946,35.85521,3.3,로컬상권
MA010120220809823345,오복소맥타운,주점,동천동,129.2231398,35.8521203,2.1,로컬상권
MA010120220809125020,잇즈,비알코올 ,선도동,129.1860279,35.84278186,2.0,로컬상권
MA010120220812244275,네네치킨,기타 간이,내남면,129.198447,35.75098117,4.1,로컬상권
MA010120220809112387,자금성반점,중식,현곡면,129.2044592,35.86896275,1.2,로컬상권
MA010120220808079884,포항물회,한식,황오동,129.2102392,35.84430307,11.3,핫플레이스
MA010120220810066591,앤의정원,서양식,월성동,129.2523486,35.83573584,7.1,핫플레이스
MA010120220809130099,다인등갈비,한식,황남동,129.2172406,35.83621781,10.7,핫플레이스
MA010120220809100941,산마루식당,한식,현곡면,129.134312,35.90912852,1.2,로컬상권
MA010120220809834948,한라식당,한식,황오동,129.2169441,35.8450445,11.3,핫플레이스
MA010120220811753743,홍푸드,한식,외동읍,129.3400728,35.68667749,5.0,핫플레이스
MA010120220809676530,제일분식,기타 간이,성건동,129.2067435,35.84395286,3.3,로컬상권
MA010120220809118866,송학구이,한식,황남동,129.2099502,35.83628007,10.7,핫플레이스
MA010120220809614726,쇼콜라,비알코올 ,불국동,129.328944,35.78506116,6.1,핫플레이스
MA010120220804152906,이상복빵박물관점,비알코올 ,월성동,129.2313937,35.83070266,7.1,핫플레이스
MA010120220812009241,백조식당,한식,황남동,129.2108921,35.83592935,10.7,핫플레이스
MA010120220809126760,커피플레이스,비알코올 ,황성동,129.2116763,35.8665504,3.2,로컬상권
MA010120220812715593,맘스터치경주월드점,기타 간이,보덕동,129.279148,35.83609533,12.9,핫플레이스
MA010120220802281990,칠갑산석쇠구이,한식,불국동,129.3001571,35.77537978,6.1,핫플레이스
MA010120220811950489,크라운호프경주,주점,외동읍,129.3255835,35.71180909,5.0,핫플레이스
MA010120220813052500,카페다빈치산대들녁집,비알코올 ,안강읍,129.2051669,35.99573431,3.2,로컬상권
MA010120220809605234,포레스트,비알코올 ,산내면,129.0665708,35.64855024,1.0,로컬상권
MA010120220809123359,백록담숯불바베큐,기타 간이,안강읍,129.1972561,36.00153799,3.2,로컬상권
MA010120220813171188,구이달인,한식,양남면,129.4743929,35.69345979,4.6,로컬상권
MA010120220812826203,파리바게뜨경주,기타 간이,현곡면,129.1747911,35.89040803,1.2,로컬상권
MA010120220805535127,본죽용황점,한식,용강동,129.2265334,35.88440471,1.6,로컬상권
MA010120220803122765,전술,주점,성건동,129.2028542,35.84457389,3.3,로컬상권
MA010120220803581287,73포차,주점,외동읍,129.3417669,35.72080282,5.0,핫플레이스
MA010120220806909770,캄보디아식당,동남아시아,황오동,129.2151932,35.8425719,11.3,핫플레이스
MA010120220809823076,멕시카나치킨,기타 간이,황성동,129.2193489,35.86818389,3.2,로컬상권
MA010120220812266916,해가담,한식,황오동,129.2117943,35.84092256,11.3,핫플레이스
MA010120220809129118,장인족발,한식,성건동,129.2054812,35.85311265,3.3,로컬상권
MA010120220807560035,웰쿡,한식,감포읍,129.5049922,35.80922618,4.5,로컬상권
MA010120220813279792,시즈닝,서양식,황남동,129.2124392,35.83545935,10.7,핫플레이스
MA010120220812719730,나이프,비알코올 ,감포읍,129.4949976,35.77401612,4.5,로컬상권
MA010120220809104269,삼다도횟집,한식,양남면,129.4643681,35.6670316,4.6,로컬상권
MA010120220809301263,봄날&꽃자리,비알코올 ,황남동,129.2132401,35.83521033,10.7,핫플레이스
MA010120220806788602,맛을담은쭈꾸미랑낙지랑,한식,안강읍,129.2165378,35.99356943,3.2,로컬상권
MA010120220809332003,블루문유스텔,한식,불국동,129.3257037,35.7846734,6.1,핫플레이스
MA010120220809117318,바보온달한식뷔페,구내식당·뷔페,성건동,129.2067435,35.84395286,3.3,로컬상권
MA010120220809117102,금성관,한식,동천동,129.2339505,35.84769382,2.1,로컬상권
MA010120220804768433,크리스탈주점,주점,건천읍,129.1013017,35.84862806,7.6,핫플레이스
MA010120220807108465,던킨경주,기타 간이,동천동,129.224043,35.85632045,2.1,로컬상권
MA010120220807060754,레아,주점,성건동,129.2055946,35.85521,3.3,로컬상권
MA010120220809302619,석계식당,한식,외동읍,129.3373146,35.67163867,5.0,핫플레이스
MA010120220814304549,호정노래궁,주점,황오동,129.2158859,35.84320788,11.3,핫플레이스
MA010120220809130539,현대가든,한식,산내면,129.0596169,35.70101401,1.0,로컬상권
MA010120220812950368,바넘커피,비알코올 ,월성동,129.220143,35.83712832,7.1,핫플레이스
MA010120220809128152,대가손칼국수,한식,불국동,129.3011129,35.77631659,6.1,핫플레이스
MA010120220808317849,후라이드참잘하는집,기타 간이,황성동,129.2146654,35.86536901,3.2,로컬상권
MA010120220809160652,실비주점,주점,감포읍,129.5028114,35.80705519,4.5,로컬상권
MA010120220807399696,별봉아이스,기타 간이,황남동,129.2096825,35.83899714,10.7,핫플레이스
MA010120220809100713,화산골산장,한식,천북면,129.2937065,35.92617288,3.4,로컬상권
MA010120220803601654,해야분식,기타 간이,용강동,129.2304706,35.87832172,1.6,로컬상권
MA010120220810414416,오늘카츠,한식,용강동,129.2283175,35.88327235,1.6,로컬상권
MA010120220809130530,뉴일광식육식당,한식,산내면,129.0458299,35.7575944,1.0,로컬상권
MA010120220810205842,고깃집,한식,안강읍,129.213203,35.9916758,3.2,로컬상권
MA010120220814380176,강동치킨,기타 간이,강동면,129.2750399,35.98988781,1.8,로컬상권
MA010120220805371367,모든일이술술,주점,동천동,129.2231115,35.8562566,2.1,로컬상권
MA010120220809488745,어림지,한식,월성동,129.2221338,35.83788442,7.1,핫플레이스
MA010120220809105509,연수회집,한식,감포읍,129.4955409,35.7920968,4.5,로컬상권
MA010120220809118153,복담은식당,한식,성건동,129.2056587,35.8423419,3.3,로컬상권
MA010120220809125813,애비뉴,비알코올 ,외동읍,129.3089894,35.76651546,5.0,핫플레이스
MA010120220812858572,워낭숯불갈비,한식,안강읍,129.193106,36.00143377,3.2,로컬상권
MA010120220805447312,양남부식,한식,양남면,129.4637102,35.67508212,4.6,로컬상권
MA010120220809121671,마티나타,비알코올 ,보덕동,129.2802084,35.84723899,12.9,핫플레이스
MA010120220812082978,등뼈,한식,문무대왕면,129.4413592,35.79120955,2.4,로컬상권
MA010120220803034641,행포케용황점,기타 간이,용강동,129.2267445,35.8820581,1.6,로컬상권
MA010120220807030765,신흥갈비곰탕,한식,황성동,129.2145127,35.86664229,3.2,로컬상권
MA010120220806798139,영심휴게소,기타 간이,황오동,129.2125697,35.84334109,11.3,핫플레이스
MA010120220814066527,두낫디스터브베이커스경주,비알코올 ,황남동,129.2101407,35.83317697,10.7,핫플레이스
MA010120220809125991,경아분식,기타 간이,외동읍,129.3250702,35.71505375,5.0,핫플레이스
MA010120220803262528,명동쫄면,한식,황오동,129.2132452,35.84256276,11.3,핫플레이스
MA010120220806941414,피오레,비알코올 ,동천동,129.2203918,35.85914519,2.1,로컬상권
MA010120220811982920,썬노래궁,주점,동천동,129.2231708,35.85600321,2.1,로컬상권
MA010120220814255412,테이크5,비알코올 ,용강동,129.2321071,35.88061598,1.6,로컬상권
MA010120220809120795,경주떡집,기타 간이,성건동,129.2095885,35.85315428,3.3,로컬상권
MA010120220809112601,땅고개휴게소식당,한식,건천읍,129.0639134,35.79513976,7.6,핫플레이스
MA010120220809127888,멕시카나경주노서점,기타 간이,황오동,129.2067778,35.83960018,11.3,핫플레이스
MA010120220809120513,신정반점,중식,선도동,129.1739215,35.84360529,2.0,로컬상권
MA010120220806353943,마시그래이,비알코올 ,황성동,129.2122899,35.86393509,3.2,로컬상권
MA010120220806032660,초이스시,기타 간이,성건동,129.2067435,35.84395286,3.3,로컬상권
MA010120220802924991,987,기타 간이,황남동,129.2114276,35.83688361,10.7,핫플레이스
MA010120220805084887,은식당,한식,내남면,129.1951536,35.75180724,4.1,로컬상권
MA010120220804864426,바르숙,한식,성건동,129.2058954,35.8548801,3.3,로컬상권
MA010120220813048062,봄봄,비알코올 ,안강읍,129.2234821,35.9925128,3.2,로컬상권
MA010120220809124260,카페베네경주,비알코올 ,황성동,129.2143751,35.86448233,3.2,로컬상권
MA010120220813145722,뚜레쥬르경주용황점,기타 간이,용강동,129.2260504,35.88297201,1.6,로컬상권
MA010120220810216501,미소,기타 간이,성건동,129.2034058,35.85290746,3.3,로컬상권
MA010120220809113456,청록집밥,한식,용강동,129.2229783,35.86258437,1.6,로컬상권
MA010120220808808986,한옥탭하우스,주점,황남동,129.2114468,35.83637868,10.7,핫플레이스
MA010120220803242987,정수횟집,한식,감포읍,129.4935418,35.79182295,4.5,로컬상권
MA010120220809107505,스모프치킨점,기타 간이,천북면,129.2686098,35.89534838,3.4,로컬상권
MA010120220809129049,부산밀면,한식,용강동,129.224511,35.86078995,1.6,로컬상권
MA010120220809111915,에덴동산,서양식,선도동,129.1945456,35.84104971,2.0,로컬상권
MA010120220809101877,명성한식당,한식,불국동,129.3274254,35.78531584,6.1,핫플레이스
MA010120220814170720,라베,기타 간이,현곡면,129.2067213,35.87388594,1.2,로컬상권
MA010120220800917869,정코다리경주점,한식,용강동,129.2296819,35.88257124,1.6,로컬상권
MA010120220812684812,참맛,한식,천북면,129.2697826,35.89686696,3.4,로컬상권
MA010120220805503038,알리바바커피앤도넛,비알코올 ,황오동,129.2114174,35.84488508,11.3,핫플레이스
MA010120220809117314,대구반야월막창,한식,황오동,129.2160176,35.8411781,11.3,핫플레이스
MA010120220813518722,반월성화덕피자,기타 간이,월성동,129.2322207,35.84244588,7.1,핫플레이스
MA010120220809100698,예진횟집,한식,황오동,129.2047812,35.8394296,11.3,핫플레이스
MA010120220803312118,박통뒷고기식당,한식,용강동,129.2307392,35.87684804,1.6,로컬상권
MA010120220803079402,주력발전소,한식,동천동,129.2264709,35.8552753,2.1,로컬상권
MA010120220809150835,대신기업건천지점,기타 간이,건천읍,129.109229,35.8299362,7.6,핫플레이스
MA010120220813765540,거송식당,기타 간이,성건동,129.2067435,35.84395286,3.3,로컬상권
MA010120220814141924,아이엠도넛경주용황점,기타 간이,용강동,129.2261291,35.88498888,1.6,로컬상권
MA010120220809113560,고향막창,한식,양남면,129.4713781,35.69955852,4.6,로컬상권
MA010120220807415727,킹스돈,한식,동천동,129.2252968,35.855243,2.1,로컬상권
MA010120220802662138,이데인-뉴코뮤직타운경주점,주점,동천동,129.2239615,35.85498841,2.1,로컬상권
MA010120220809127866,미림다방,비알코올 ,건천읍,129.1014029,35.84868937,7.6,핫플레이스
MA010120220809175025,순희막걸리,한식,성건동,129.2099533,35.85114725,3.3,로컬상권
MA010120220809129026,옛날집,한식,산내면,129.0568692,35.69596984,1.0,로컬상권
MA010120220809131943,LA돈가스,서양식,동천동,129.2300836,35.84832433,2.1,로컬상권
MA010120220812925152,꼬꼬번피자치킨경주,기타 간이,안강읍,129.2151621,35.99116208,3.2,로컬상권
MA010120220811909237,오미손칼국수,한식,황오동,129.2194216,35.84181806,11.3,핫플레이스
MA010120220804850594,팁스,기타 간이,보덕동,129.2847597,35.83615091,12.9,핫플레이스
MA010120220808208074,뉴왕뼈,한식,외동읍,129.3257475,35.7121303,5.0,핫플레이스
MA010120220809110081,고궁다방,비알코올 ,황오동,129.2158046,35.84704782,11.3,핫플레이스
MA010120220803422085,황남본가,주점,황남동,129.212303,35.83533572,10.7,핫플레이스
MA010120220813780121,카페77에비뉴,비알코올 ,황오동,129.2093293,35.84222037,11.3,핫플레이스
MA010120220809120907,토박이식당,한식,보덕동,129.2633345,35.85240572,12.9,핫플레이스
MA010120220810963237,왔다막썰어횟집,한식,선도동,129.1850411,35.84311519,2.0,로컬상권
MA010120220803594881,유로코피자,기타 간이,황성동,129.2201347,35.86461025,3.2,로컬상권
MA010120220812638602,에프엑스렌트카페,비알코올 ,황오동,129.2161084,35.84961019,11.3,핫플레이스
MA010120220804960319,일미국수방,한식,안강읍,129.2278287,35.99016155,3.2,로컬상권
MA010120220814087930,골목식당부잣집쌈밥,한식,용강동,129.2267681,35.87775972,1.6,로컬상권
MA010120220809110008,새벽바다회,한식,감포읍,129.5179558,35.84108427,4.5,로컬상권
MA010120220804145016,장날족발,한식,성건동,129.2067435,35.84395286,3.3,로컬상권
MA010120220812380981,산호다방,비알코올 ,황오동,129.2166094,35.84296026,11.3,핫플레이스
MA010120220809104204,밀면식당,한식,황오동,129.2144384,35.84169379,11.3,핫플레이스
MA010120220809118946,도원,주점,동천동,129.2237785,35.85675784,2.1,로컬상권
MA010120220812256791,오월에국수,한식,선도동,129.1854826,35.84347659,2.0,로컬상권
MA010120220812307593,화가배,비알코올 ,황남동,129.2151186,35.83431971,10.7,핫플레이스
MA010120220812926301,꽃담,한식,산내면,129.0643396,35.65365269,1.0,로컬상권
MA010120220803272190,뽀뽀다방,비알코올 ,건천읍,129.1055491,35.84895015,7.6,핫플레이스
MA010120220809131021,창성숯불,한식,문무대왕면,129.4412806,35.79333752,2.4,로컬상권
MA010120220809127817,에스케이와이갈비농장,한식,성건동,129.207068,35.8532637,3.3,로컬상권
MA010120220803417974,예다움꽃차카페,비알코올 ,동천동,129.2299011,35.85168859,2.1,로컬상권
MA010120220813869570,모량,한식,건천읍,129.1281447,35.82725985,7.6,핫플레이스
MA010120220809121865,대구떡집,기타 간이,감포읍,129.502011,35.80410761,4.5,로컬상권
MA010120220805133040,달성다방,비알코올 ,강동면,129.242411,36.05716858,1.8,로컬상권
MA010120220806361325,선화,비알코올 ,황남동,129.20894,35.83895674,10.7,핫플레이스
MA010120220809112711,청산식당,한식,황오동,129.2077151,35.84426839,11.3,핫플레이스
MA010120220808099885,전주24시콩나물국밥행복한꽈배기,한식,불국동,129.309042,35.76833454,6.1,핫플레이스
MA010120220812907295,경주착한보쌈,한식,황오동,129.2031324,35.83982929,11.3,핫플레이스
MA010120220813646571,동네맛집,한식,황오동,129.2199088,35.84182708,11.3,핫플레이스
MA010120220812652517,하삼동커피경주,비알코올 ,양남면,129.4711444,35.69986065,4.6,로컬상권
MA010120220802866797,포메인경주점,동남아시아,황성동,129.2240095,35.88402801,3.2,로컬상권
MA010120220802936676,경주맨션,기타 간이,황오동,129.2207657,35.84517213,11.3,핫플레이스
MA010120220809112775,기소야,일식,황오동,129.2106946,35.84196999,11.3,핫플레이스
MA010120220809123480,만복래백숙,한식,외동읍,129.3211964,35.71291201,5.0,핫플레이스
MA010120220809110504,매리트,주점,동천동,129.2236967,35.85422743,2.1,로컬상권
MA010120220813879351,여우비노래방단란주점,주점,황오동,129.2030648,35.8417858,11.3,핫플레이스
MA010120220808800218,족발야시장금장점,한식,현곡면,129.2020476,35.86742116,1.2,로컬상권
MA010120220809114360,천북청국장,한식,천북면,129.2703129,35.89488368,3.4,로컬상권
MA010120220809125995,헤리티지,비알코올 ,보덕동,129.2831653,35.83032452,12.9,핫플레이스
MA010120220803574339,비에이치씨경주양남점,기타 간이,양남면,129.47295,35.69358857,4.6,로컬상권
MA010120220805683115,수석정,한식,월성동,129.2373056,35.82570004,7.1,핫플레이스
MA010120220807014822,감포통닭,기타 간이,감포읍,129.5030506,35.80375259,4.5,로컬상권
MA010120220804578258,김경진의LIVE뽕닭,기타 간이,용강동,129.2234676,35.86147604,1.6,로컬상권
MA010120220811006356,나들목,한식,내남면,129.1998892,35.75117105,4.1,로컬상권
MA010120220805297641,리식당,한식,동천동,129.2227107,35.85300225,2.1,로컬상권
MA010120220811013425,흑돈촌,한식,양남면,129.4727234,35.69912542,4.6,로컬상권
MA010120220809124703,메사,서양식,황오동,129.210164,35.84318716,11.3,핫플레이스
MA010120220809911942,소담정곤드레,한식,황남동,129.2065496,35.79819217,10.7,핫플레이스
MA010120220804155968,복성탁주,주점,성건동,129.2058243,35.84232984,3.3,로컬상권
MA010120220806642001,신라회센타,한식,불국동,129.3077214,35.7723695,6.1,핫플레이스
MA010120220800160956,놋전국수,한식,황남동,129.2084704,35.83359514,10.7,핫플레이스
MA010120220805349223,녹음제과,기타 간이,황남동,129.2078767,35.83612898,10.7,핫플레이스
MA010120220809111353,골목집가마솥,한식,황오동,129.2097668,35.8464202,11.3,핫플레이스
MA010120220810994840,할매횟집,한식,감포읍,129.4912836,35.78962631,4.5,로컬상권
MA010120220809109583,맛있는떡집,기타 간이,황오동,129.2167586,35.84474157,11.3,핫플레이스
MA010120220803432899,다경다방,비알코올 ,안강읍,129.216672,35.99123329,3.2,로컬상권
MA010120220809155042,대밭골정원,한식,천북면,129.2806749,35.86853947,3.4,로컬상권
MA010120220809130128,김밥나라,기타 간이,성건동,129.2058737,35.85529497,3.3,로컬상권
MA010120220810877066,공영푸드,기타 간이,성건동,129.2099154,35.8525716,3.3,로컬상권
MA010120220800103296,참돈뒷고기,한식,성건동,129.2047952,35.85232331,3.3,로컬상권
MA010120220807139150,아베크,비알코올 ,성건동,129.1872881,35.85884264,3.3,로컬상권
MA010120220809118211,소문난소대감민물장어숯불장어구이,한식,황성동,129.2140184,35.86558818,3.2,로컬상권
MA010120220805374981,길몽,주점,용강동,129.2277725,35.88318335,1.6,로컬상권
MA010120220812841871,오늘도오뎅바,주점,동천동,129.2233146,35.856397,2.1,로컬상권
MA010120220812452591,신바람막걸리,주점,동천동,129.226976,35.8503823,2.1,로컬상권
MA010120220805444683,다담,한식,현곡면,129.1548002,35.86901715,1.2,로컬상권
MA010120220800998142,삼도옛날통닭포차,기타 간이,성건동,129.1895132,35.86086549,3.3,로컬상권
MA010120220809165736,이학년일반,한식,성건동,129.2051153,35.85429072,3.3,로컬상권
MA010120220812333774,삼미식당,한식,성건동,129.2062934,35.84248342,3.3,로컬상권
MA010120220813131091,온동네,한식,황오동,129.2159527,35.8408369,11.3,핫플레이스
MA010120220802585281,고기듬뿍대왕비빔밥,한식,동천동,129.2240192,35.85150933,2.1,로컬상권
MA010120220805056421,이디야황성휴포레점,비알코올 ,황성동,129.2142489,35.87267512,3.2,로컬상권
MA010120220809115239,복다방,비알코올 ,서면,129.0505025,35.8933251,0.9,로컬상권
MA010120220809114335,박가네손짜장,중식,안강읍,129.1865738,35.99738131,3.2,로컬상권
MA010120220812157390,참치마찌,일식,동천동,129.2246549,35.85405651,2.1,로컬상권
MA010120220807759903,금빛,한식,황오동,129.2038811,35.83929294,11.3,핫플레이스
MA010120220809118662,우향다옥,한식,강동면,129.253443,36.00080148,1.8,로컬상권
MA010120220809960380,해피한식,한식,성건동,129.2081058,35.85396546,3.3,로컬상권
MA010120220809124532,신해변타운식당,한식,감포읍,129.5103679,35.81906087,4.5,로컬상권
MA010120220813134279,주령구빵,기타 간이,황남동,129.2157302,35.82090087,10.7,핫플레이스
MA010120220809148302,맷돌순두부,한식,보덕동,129.2628515,35.85176608,12.9,핫플레이스
MA010120220809124446,밀면시대,한식,선도동,129.1809946,35.84446822,2.0,로컬상권
MA010120220809120241,이삭토스트,기타 간이,황성동,129.2179146,35.86716518,3.2,로컬상권
MA010120220804999731,토담,한식,현곡면,129.20188,35.8669647,1.2,로컬상권
MA010120220804925385,시골집,한식,황오동,129.2083737,35.84726578,11.3,핫플레이스
MA010120220811014404,아리랑,한식,양남면,129.4734643,35.69557823,4.6,로컬상권
MA010120220813045938,참뼈감포점,한식,감포읍,129.4993946,35.80779305,4.5,로컬상권
MA010120220807112192,땅땅치킨,기타 간이,용강동,129.2240265,35.8600871,1.6,로컬상권
MA010120220800296121,오니,일식,황남동,129.2102998,35.83452561,10.7,핫플레이스
MA010120220809103540,보성반점,중식,동천동,129.2293607,35.85017587,2.1,로컬상권
MA010120220809108357,전통돼지국밥,한식,동천동,129.2227864,35.85492007,2.1,로컬상권
MA010120220809113892,마리오델모나코,비알코올 ,월성동,129.2197323,35.83589247,7.1,핫플레이스
MA010120220809113481,큰바다횟집,한식,황성동,129.2111355,35.86740734,3.2,로컬상권
MA010120220809110989,탕수육팬더,중식,황성동,129.2152844,35.86970962,3.2,로컬상권
MA010120220809107781,산내떡방앗간,기타 간이,산내면,129.0449749,35.75744675,1.0,로컬상권
MA010120220808217225,어일식당,한식,문무대왕면,129.4415151,35.79052162,2.4,로컬상권
MA010120220809109989,동주복집,한식,동천동,129.2251645,35.85526347,2.1,로컬상권
MA010120220812497347,컴포즈커피경주,비알코올 ,현곡면,129.1745776,35.89029476,1.2,로컬상권
MA010120220808855630,석계공단식당,한식,외동읍,129.3051892,35.66423899,5.0,핫플레이스
MA010120220807035554,라라양과점,기타 간이,황남동,129.2093905,35.83844387,10.7,핫플레이스
MA010120220809102512,고향밀면,한식,황오동,129.2144452,35.84154049,11.3,핫플레이스
MA010120220803820544,처갓집,기타 간이,불국동,129.3072003,35.77270388,6.1,핫플레이스
MA010120220804049445,영희식당,한식,동천동,129.2262652,35.85504485,2.1,로컬상권
MA010120220800636372,102호,한식,황오동,129.2033644,35.83981602,11.3,핫플레이스
MA010120220813700090,공덕까페,기타 간이,강동면,129.2825921,36.01610785,1.8,로컬상권
MA010120220809749714,이디야커피,비알코올 ,황오동,129.2024663,35.8397514,11.3,핫플레이스
MA010120220806497160,처갓집양념치킨,기타 간이,동천동,129.2227476,35.85353318,2.1,로컬상권
MA010120220809127229,소연식당,한식,건천읍,129.1066137,35.84777812,7.6,핫플레이스
MA010120220806441153,경양카츠황리단길점,일식,황남동,129.2095813,35.83694462,10.7,핫플레이스
MA010120220809327913,파파존스경주점,기타 간이,황성동,129.2189877,35.86118948,3.2,로컬상권
MA010120220809128868,도미노피자보문점,기타 간이,보덕동,129.284818,35.83548304,12.9,핫플레이스
MA010120220813331744,미카도스시경주용황점,일식,황성동,129.2236926,35.88259222,3.2,로컬상권
MA010120220809397188,원더플꽈배기,기타 간이,안강읍,129.2165378,35.99356943,3.2,로컬상권
MA010120220814092790,양지식당,서양식,황남동,129.209214,35.83726674,10.7,핫플레이스
MA010120220812718266,용강국수,한식,용강동,129.2249395,35.86225971,1.6,로컬상권
MA010120220809267010,짬뽕역,중식,외동읍,129.3242722,35.71534849,5.0,핫플레이스
MA010120220811671808,수궁횟집,한식,양남면,129.4592337,35.66666811,4.6,로컬상권
MA010120220809106666,궁림손칼국수,한식,불국동,129.3124407,35.79825557,6.1,핫플레이스
MA010120220809130508,용명식당,한식,양남면,129.4591893,35.6662996,4.6,로컬상권
MA010120220809102642,보리네집분식,기타 간이,외동읍,129.325301,35.71539168,5.0,핫플레이스
MA010120220808185646,전주명가옥,한식,동천동,129.2244112,35.85365555,2.1,로컬상권
MA010120220810243511,한마음식당,한식,황성동,129.2177466,35.87900794,3.2,로컬상권
MA010120220809103690,대림반점,중식,황오동,129.2241993,35.84171167,11.3,핫플레이스
MA010120220811513234,참뼈,한식,불국동,129.3002827,35.77436822,6.1,핫플레이스
MA010120220809104658,파트너노래방,주점,동천동,129.2231708,35.85600321,2.1,로컬상권
MA010120220811729619,오륙돈,한식,황오동,129.2143837,35.84330767,11.3,핫플레이스
MA010120220805835758,천군,비알코올 ,보덕동,129.2908386,35.83436822,12.9,핫플레이스
MA010120220809104922,수렴산장,한식,외동읍,129.3306186,35.69957466,5.0,핫플레이스
MA010120220803347654,해암식당,한식,감포읍,129.4846645,35.74466839,4.5,로컬상권
MA010120220809116884,감나무집,한식,현곡면,129.1631535,35.89896199,1.2,로컬상권
MA010120220808725966,완도참전복집,한식,성건동,129.2083137,35.85667378,3.3,로컬상권
MA010120220814288256,한과방,기타 간이,동천동,129.2277424,35.8496923,2.1,로컬상권
MA010120220808186648,장산가든,한식,안강읍,129.2061229,35.99462648,3.2,로컬상권
MA010120220814088434,착한도깨비,비알코올 ,동천동,129.2327812,35.84585942,2.1,로컬상권
MA010120220809150044,경주시니어클럽국시사랑,한식,황성동,129.2093804,35.86559251,3.2,로컬상권
MA010120220805982971,녹아,비알코올 ,황남동,129.2117814,35.83607517,10.7,핫플레이스
MA010120220811570812,제일반점,중식,불국동,129.3008971,35.77496916,6.1,핫플레이스
MA010120220807827317,울산식당,한식,외동읍,129.3263426,35.70637917,5.0,핫플레이스
MA010120220809123570,굴따리분식당,기타 간이,황오동,129.2202323,35.84152376,11.3,핫플레이스
MA010120220810173324,맘스터치,기타 간이,동천동,129.2267594,35.85332371,2.1,로컬상권
MA010120220810879376,지금;돼지,한식,용강동,129.2246949,35.8685535,1.6,로컬상권
MA010120220809121162,로망스노래클럽,주점,동천동,129.2239851,35.85424912,2.1,로컬상권
MA010120220802781428,유가네한우곰탕보문점,한식,월성동,129.2521272,35.84316454,7.1,핫플레이스
MA010120220810548046,일호농장맛집,한식,내남면,129.118754,35.71195349,4.1,로컬상권
MA010120220809128574,경주여행밀면여행라멘,한식,용강동,129.2306835,35.88394023,1.6,로컬상권
MA010120220813659463,어일리Early,비알코올 ,문무대왕면,129.4447952,35.77883197,2.4,로컬상권
MA010120220804409848,영다방,비알코올 ,안강읍,129.2194793,35.98973072,3.2,로컬상권
MA010120220803995024,손오공&저팔계,한식,강동면,129.2818339,36.0071212,1.8,로컬상권
MA010120220806870345,가현추어탕,한식,천북면,129.2689788,35.89547655,3.4,로컬상권
MA010120220809122377,스노우팩토리,기타 간이,불국동,129.2655285,35.77737999,6.1,핫플레이스
MA010120220813682897,베트남노래,주점,동천동,129.2233704,35.8544317,2.1,로컬상권
MA010120220805500824,두레밀면석장,한식,성건동,129.1910803,35.86190014,3.3,로컬상권
MA010120220802512860,리밋,한식,황남동,129.2095435,35.83757605,10.7,핫플레이스
MA010120220809103805,동산미,한식,월성동,129.224748,35.82609544,7.1,핫플레이스
MA010120220808654618,청기와오리식당,한식,월성동,129.2438228,35.79191554,7.1,핫플레이스
MA010120220803530435,대남통닭,기타 간이,성건동,129.2067435,35.84395286,3.3,로컬상권
MA010120220808154791,매콤달콤,기타 간이,안강읍,129.1968264,36.00243788,3.2,로컬상권
MA010120220813766986,교동,한식,성건동,129.2047653,35.85803648,3.3,로컬상권
MA010120220812666310,카라노래궁,주점,동천동,129.2231519,35.85572424,2.1,로컬상권
MA010120220813274573,물방아감자탕,한식,동천동,129.2232958,35.85651449,2.1,로컬상권
MA010120220805326553,카페;황성,비알코올 ,황성동,129.2137315,35.86522404,3.2,로컬상권
MA010120220809114228,가자먹으러식당,한식,동천동,129.2338469,35.84637122,2.1,로컬상권
MA010120220804676662,점박이네숯불식당,한식,황남동,129.2100309,35.82722307,10.7,핫플레이스
MA010120220809109455,미스터피자경주,기타 간이,황오동,129.2127294,35.84271643,11.3,핫플레이스
MA010120220803847886,최가어탕,한식,동천동,129.226947,35.8497431,2.1,로컬상권
MA010120220808544313,오미뇽,비알코올 ,불국동,129.328944,35.78506116,6.1,핫플레이스
MA010120220809101228,번지없는주막,주점,동천동,129.2342393,35.84457986,2.1,로컬상권
MA010120220809121312,양푼이해물칼국수,한식,안강읍,129.2270511,35.99050036,3.2,로컬상권
MA010120220807123217,진수미가경주빵찰보리빵,기타 간이,불국동,129.3175619,35.78799329,6.1,핫플레이스
MA010120220809106627,캐비아치킨,기타 간이,황성동,129.2120733,35.86689449,3.2,로컬상권
MA010120220809129921,목장생갈비,한식,황오동,129.2065488,35.84211831,11.3,핫플레이스
MA010120220812048646,수월다방,비알코올 ,안강읍,129.2190923,35.99095426,3.2,로컬상권
MA010120220804948612,청도본가,한식,안강읍,129.2264061,35.99240449,3.2,로컬상권
MA010120220809104676,전주시골밥상,한식,불국동,129.328944,35.78506116,6.1,핫플레이스
MA010120220809126363,오동나무,한식,강동면,129.253994,35.99912424,1.8,로컬상권
MA010120220809120583,바람개비,기타 간이,동천동,129.2264335,35.85116725,2.1,로컬상권
MA010120220813032005,대원떡집,기타 간이,안강읍,129.2149065,35.98876107,3.2,로컬상권
MA010120220809889493,복이네,비알코올 ,황성동,129.21902,35.86512643,3.2,로컬상권
MA010120220812033227,황남상회가맥,한식,황남동,129.2132444,35.83536343,10.7,핫플레이스
MA010120220808725810,가장맛있는족발,한식,안강읍,129.2169352,35.99311157,3.2,로컬상권
MA010120220811843728,24시무인카페,비알코올 ,외동읍,129.3337764,35.6786814,5.0,핫플레이스
MA010120220813759129,족발공장&옛날통닭,한식,동천동,129.2249742,35.84885159,2.1,로컬상권
MA010120220809107518,감포중매인참가자미회,한식,동천동,129.2267569,35.85679276,2.1,로컬상권
MA010120220813791059,다방앤호프,주점,감포읍,129.4905057,35.7887955,4.5,로컬상권
MA010120220814086409,세심농원,비알코올 ,안강읍,129.1532817,36.02651954,3.2,로컬상권
MA010120220809109745,달구지수육국밥,한식,선도동,129.1858981,35.84248688,2.0,로컬상권
MA010120220803221057,배스킨라빈스경주,기타 간이,안강읍,129.2219595,35.9927753,3.2,로컬상권
MA010120220809701597,운수암미나리농장,한식,보덕동,129.3234535,35.87515272,12.9,핫플레이스
MA010120220811918116,능수버들,한식,황남동,129.2096099,35.80924589,10.7,핫플레이스
MA010120220802739572,회사가는날,한식,양남면,129.4640864,35.66936199,4.6,로컬상권
MA010120220811780433,성지골,한식,용강동,129.2313359,35.87759382,1.6,로컬상권
MA010120220806968179,스웨덴양과점,비알코올 ,황성동,129.2155807,35.86842467,3.2,로컬상권
MA010120220809671389,개미식당,한식,서면,129.0506723,35.89261036,0.9,로컬상권
MA010120220809111975,고향집흑염소,한식,불국동,129.3124566,35.77133242,6.1,핫플레이스
MA010120220809122456,한솥도시락경주,한식,성건동,129.1907699,35.86148231,3.3,로컬상권
MA010120220809124924,양남빵,기타 간이,양남면,129.4712925,35.69821777,4.6,로컬상권
MA010120220809105687,타잔,주점,동천동,129.223123,35.85429212,2.1,로컬상권
MA010120220812214332,김삿갓,주점,안강읍,129.2270515,35.99130227,3.2,로컬상권
MA010120220809100937,클래식브라운,구내식당·뷔페,동천동,129.2347785,35.84407426,2.1,로컬상권
MA010120220813468656,경주중앙시장야시장김가네닭강정,기타 간이,성건동,129.2067435,35.84395286,3.3,로컬상권
MA010120220813778514,인정커피&토스트,비알코올 ,황성동,129.217177,35.86810687,3.2,로컬상권
MA010120220809119733,동해물회,한식,황성동,129.2189993,35.86954191,3.2,로컬상권
MA010120220803391506,앤드테라스,비알코올 ,강동면,129.2824273,36.00731714,1.8,로컬상권
MA010120220807712586,왕아네치킨,기타 간이,문무대왕면,129.439754,35.79368387,2.4,로컬상권
MA010120220812222831,콜론디,비알코올 ,동천동,129.2231309,35.8573465,2.1,로컬상권
MA010120220805444644,토박이부대찌개,한식,황오동,129.2123056,35.84259809,11.3,핫플레이스
MA010120220809124549,산곰장어,주점,동천동,129.2331387,35.84755574,2.1,로컬상권
MA010120220813789793,라온커피로스터스,비알코올 ,황남동,129.2100519,35.80763389,10.7,핫플레이스
MA010120220807032595,천북손칼국수,한식,천북면,129.2685004,35.89539549,3.4,로컬상권
MA010120220804580757,선셋드몽,비알코올 ,천북면,129.2875769,35.88605026,3.4,로컬상권
MA010120220811872217,뚜레쥬르경주금장점,기타 간이,현곡면,129.2037837,35.86735327,1.2,로컬상권
MA010120220806610854,역전떡방앗간,기타 간이,외동읍,129.3235068,35.71410182,5.0,핫플레이스
MA010120220809110867,소전생고기식육식당,한식,용강동,129.2218124,35.86205631,1.6,로컬상권
MA010120220809113051,신토불이,한식,강동면,129.2758274,35.98912502,1.8,로컬상권
MA010120220812655610,대부룸가요주점,주점,동천동,129.2233581,35.85557625,2.1,로컬상권
MA010120220807148981,옹다방,비알코올 ,외동읍,129.3261966,35.7142751,5.0,핫플레이스
MA010120220812988954,백도씨,한식,동천동,129.2237785,35.85675784,2.1,로컬상권
MA010120220805850756,생선명가,한식,외동읍,129.3196703,35.73686401,5.0,핫플레이스
MA010120220804892848,이디야,비알코올 ,동천동,129.2253972,35.85843983,2.1,로컬상권
MA010120220810453495,열린막창,한식,안강읍,129.2196826,35.99144791,3.2,로컬상권
MA010120220811704983,윤가네식당,한식,보덕동,129.3206152,35.87576625,12.9,핫플레이스
MA010120220808208080,청와삼대주상절리점,한식,양남면,129.4727147,35.68597085,4.6,로컬상권
MA010120220805687207,참새와방앗간,기타 간이,양남면,129.4634489,35.67448379,4.6,로컬상권
MA010120220804883695,앨리스,주점,동천동,129.2231115,35.8562566,2.1,로컬상권
MA010120220809130461,향아식당,한식,건천읍,129.1026623,35.84901874,7.6,핫플레이스
MA010120220808760468,카페66℃,비알코올 ,황오동,129.2145371,35.84245786,11.3,핫플레이스
MA010120220814301359,할매낙지식당,한식,성건동,129.2065675,35.85077701,3.3,로컬상권
MA010120220808684420,샌드닉,기타 간이,동천동,129.2282082,35.851702,2.1,로컬상권
MA010120220814081209,양포해물타운,한식,황오동,129.2141671,35.84706,11.3,핫플레이스
MA010120220811013371,로뎀나무아래,한식,산내면,129.0577406,35.66625487,1.0,로컬상권
MA010120220810079805,의성할매손맛,한식,감포읍,129.502011,35.80410761,4.5,로컬상권
MA010120220813571930,유화식당,한식,안강읍,129.1687765,35.97061943,3.2,로컬상권
MA010120220812867879,김복희대구왕뽈찜보문점,한식,보덕동,129.2651397,35.85361511,12.9,핫플레이스
MA010120220808583420,하진식당,한식,동천동,129.2252015,35.84946008,2.1,로컬상권
MA010120220809115184,우방김밥천국,기타 간이,동천동,129.2261513,35.8596783,2.1,로컬상권
MA010120220811506785,옥산맷돌순두부,한식,안강읍,129.1746918,35.99310125,3.2,로컬상권
MA010120220806879226,호랑이카츠,일식,황남동,129.2093929,35.837732,10.7,핫플레이스
MA010120220810094488,티바두마리치킨,기타 간이,불국동,129.309293,35.76936591,6.1,핫플레이스
MA010120220806358156,황금레시피,기타 간이,황성동,129.2198891,35.86493016,3.2,로컬상권
MA010120220810996953,해국길,한식,감포읍,129.50161,35.80648556,4.5,로컬상권
MA010120220813772577,푸드란광,구내식당·뷔페,외동읍,129.3318401,35.72632981,5.0,핫플레이스
MA010120220806831351,달고나,주점,동천동,129.2227977,35.85373949,2.1,로컬상권
MA010120220812363110,봄봄경주보문점,비알코올 ,보덕동,129.2864879,35.84354252,12.9,핫플레이스
MA010120220813302464,동글이,한식,동천동,129.2228628,35.85567553,2.1,로컬상권
MA010120220809100888,카페노타리,비알코올 ,내남면,129.1981325,35.7507977,4.1,로컬상권
MA010120220809129858,배양골국밥,한식,내남면,129.2052803,35.77668031,4.1,로컬상권
MA010120220805289638,태양다방,비알코올 ,문무대왕면,129.4424468,35.78989,2.4,로컬상권
MA010120220806454959,용강갈비,한식,황성동,129.2219001,35.88342733,3.2,로컬상권
MA010120220806829771,경주한우충효,한식,선도동,129.1881237,35.84213099,2.0,로컬상권
MA010120220805513389,판미엔,중식,감포읍,129.5081529,35.82073792,4.5,로컬상권
MA010120220813686396,제일다방,비알코올 ,서면,129.0491405,35.89418635,0.9,로컬상권
MA010120220804317872,메이플,비알코올 ,불국동,129.3295974,35.78471512,6.1,핫플레이스
MA010120220806895354,오백베이커리엔카페,기타 간이,양남면,129.3726259,35.67082153,4.6,로컬상권
MA010120220809105948,꽃노을토종닭백숙,한식,선도동,129.1657549,35.83670658,2.0,로컬상권
MA010120220812471709,수정소반,한식,황남동,129.2053096,35.79854832,10.7,핫플레이스
MA010120220806874403,소전생고기,한식,안강읍,129.2285862,35.98949874,3.2,로컬상권
MA010120220804609940,진수미가경주빵찰보리빵,기타 간이,불국동,129.3169389,35.78862701,6.1,핫플레이스
MA010120220809103015,한봉순할매순두부,한식,보덕동,129.2621426,35.85135595,12.9,핫플레이스
MA010120220812791495,수다야,비알코올 ,황성동,129.2150754,35.87373211,3.2,로컬상권
MA010120220812000352,아구랑낙지랑요리하네,한식,동천동,129.2255182,35.85405854,2.1,로컬상권
MA010120220807949399,배리삼릉공원,비알코올 ,월성동,129.2181198,35.83639981,7.1,핫플레이스
MA010120220809122971,안동선계찜닭,한식,성건동,129.1905736,35.86199048,3.3,로컬상권
MA010120220809115446,마시조은집,한식,황오동,129.2106643,35.84247513,11.3,핫플레이스
MA010120220813684945,금성수산,한식,감포읍,129.5049922,35.80922618,4.5,로컬상권
MA010120220809104744,오돌족발,한식,동천동,129.2228097,35.85298239,2.1,로컬상권
MA010120220814042621,하늘공원투,주점,성건동,129.1910399,35.86163957,3.3,로컬상권
MA010120220810960830,커피스미스경주점,비알코올 ,보덕동,129.2805953,35.84761007,12.9,핫플레이스
MA010120220803123680,미친닭강정,기타 간이,성건동,129.2067435,35.84395286,3.3,로컬상권
MA010120220809130478,왕성회식당,한식,양남면,129.4755425,35.6974186,4.6,로컬상권
MA010120220806721796,국시한그릇,한식,선도동,129.1576396,35.82593181,2.0,로컬상권
MA010120220809117188,왕족발식당,한식,황성동,129.2158931,35.87129323,3.2,로컬상권
MA010120220809114387,부자횟집,한식,황성동,129.2194527,35.86793869,3.2,로컬상권
MA010120220809114908,양북떡집,기타 간이,황오동,129.2167556,35.8446335,11.3,핫플레이스
MA010120220813796732,육전국밥경주,한식,동천동,129.2249723,35.85868198,2.1,로컬상권
MA010120220809127184,커피공방원다방,비알코올 ,황성동,129.2142727,35.86796224,3.2,로컬상권
MA010120220809114983,목장마을,한식,강동면,129.2965724,35.94213814,1.8,로컬상권
MA010120220809113144,유성숯불갈비,한식,동천동,129.2308695,35.84912067,2.1,로컬상권
MA010120220809146853,이칠한우,한식,강동면,129.2871334,35.97291694,1.8,로컬상권
MA010120220813108023,보문각반점,중식,보덕동,129.284818,35.83548304,12.9,핫플레이스
MA010120220813296455,국밥쟁이밀면꾼,한식,현곡면,129.202758,35.86948954,1.2,로컬상권
MA010120220809114232,해녀회식당,한식,감포읍,129.5119441,35.81642407,4.5,로컬상권
MA010120220809166898,별장주원산오리,한식,안강읍,129.156148,35.98760642,3.2,로컬상권
MA010120220809102205,오리본가,한식,성건동,129.2086288,35.85646075,3.3,로컬상권
MA010120220809103732,장터숯불갈비,한식,황성동,129.2188784,35.8683818,3.2,로컬상권
MA010120220810143206,에스에스와이유통,기타 간이,황남동,129.1936157,35.8125034,10.7,핫플레이스
MA010120220812717928,금척고속기사식당,한식,건천읍,129.1114049,35.83188032,7.6,핫플레이스
MA010120220812234393,다올푸드,한식,외동읍,129.2990403,35.70467848,5.0,핫플레이스
MA010120220809100899,대성식당,한식,황성동,129.2223347,35.87164272,3.2,로컬상권
MA010120220809691573,땅땅치킨,기타 간이,안강읍,129.1953395,36.00240204,3.2,로컬상권
MA010120220809118615,수복삼겹식당,한식,동천동,129.2416767,35.84656773,2.1,로컬상권
MA010120220802938900,오호리준모모치준황남,주점,황남동,129.2109962,35.83370185,10.7,핫플레이스
MA010120220809121120,신경주빵,기타 간이,선도동,129.1491795,35.81869477,2.0,로컬상권
MA010120220808133773,화반,한식,용강동,129.2294844,35.88224153,1.6,로컬상권
MA010120220802936727,티바두마리치킨외동,기타 간이,외동읍,129.3166674,35.68011127,5.0,핫플레이스
MA010120220807777783,마리구이,주점,황오동,129.2204528,35.84188911,11.3,핫플레이스
MA010120220805959629,낭만이태리,서양식,황남동,129.2112919,35.83677799,10.7,핫플레이스
MA010120220809112968,푸른바다회센타,한식,감포읍,129.5044472,35.80420101,4.5,로컬상권
MA010120220809109690,정가네숯불,한식,선도동,129.1878786,35.84166691,2.0,로컬상권
MA010120220809114129,금장6고기,한식,현곡면,129.2027025,35.864688,1.2,로컬상권
MA010120220809108310,초원다방,비알코올 ,문무대왕면,129.4405882,35.79347772,2.4,로컬상권
MA010120220809108428,순이식당,한식,안강읍,129.2215284,35.99084608,3.2,로컬상권
MA010120220807993266,황금십원빵,기타 간이,황남동,129.2096825,35.83899714,10.7,핫플레이스
MA010120220812370434,외동밀면,한식,외동읍,129.3289974,35.70156131,5.0,핫플레이스
MA010120220812595555,달구닭,한식,외동읍,129.3253943,35.71175869,5.0,핫플레이스
MA010120220809108991,선비오리가든,한식,황성동,129.219378,35.86168685,3.2,로컬상권
MA010120220809263099,부카페,비알코올 ,용강동,129.2250249,35.88035098,1.6,로컬상권
MA010120220811988030,앞발뒷발,한식,외동읍,129.3245231,35.71485708,5.0,핫플레이스
MA010120220812425884,주도가,주점,황남동,129.2103092,35.83566075,10.7,핫플레이스
MA010120220812996156,장푸드,한식,황성동,129.2192432,35.87114125,3.2,로컬상권
MA010120220809547870,다빈반점,중식,동천동,129.2267162,35.85731612,2.1,로컬상권
MA010120220808036724,김가네,한식,문무대왕면,129.4426089,35.79157159,2.4,로컬상권
MA010120220810589793,영구네,한식,안강읍,129.2132869,35.99071016,3.2,로컬상권
MA010120220809635143,아무카페,비알코올 ,월성동,129.2525822,35.83303736,7.1,핫플레이스
MA010120220813100646,산마루메기매운탕,한식,양남면,129.3985551,35.66794683,4.6,로컬상권
MA010120220809110499,이모해물촌,한식,양남면,129.4698603,35.69976989,4.6,로컬상권
MA010120220802959254,용강가야밀면,한식,용강동,129.2294478,35.87856598,1.6,로컬상권
MA010120220813421263,별빛마을생오리,한식,선도동,129.1824372,35.84420775,2.0,로컬상권
MA010120220803109682,홍다방,비알코올 ,건천읍,129.1038154,35.84993566,7.6,핫플레이스
MA010120220805133597,불국사가는길,한식,불국동,129.3264573,35.78207286,6.1,핫플레이스
MA010120220800845268,순수당,기타 간이,용강동,129.2255625,35.88294502,1.6,로컬상권
MA010120220810434647,구번가카페,비알코올 ,용강동,129.224404,35.86290036,1.6,로컬상권
MA010120220813156973,곰돌이국수,한식,월성동,129.2659808,35.80342956,7.1,핫플레이스
MA010120220809130521,바위회식당,한식,양남면,129.4747014,35.69021882,4.6,로컬상권
MA010120220809128223,대성막창,한식,선도동,129.1848951,35.84344222,2.0,로컬상권
MA010120220810343358,소담,한식,황오동,129.2108526,35.84287714,11.3,핫플레이스
MA010120220811729065,주주총회,한식,감포읍,129.5026918,35.80676937,4.5,로컬상권
MA010120220813193207,녹슨나발,주점,황성동,129.2143996,35.86576136,3.2,로컬상권
MA010120220803144456,삼영식당,한식,서면,129.0506872,35.89318679,0.9,로컬상권
MA010120220805178898,시골쌈밥,한식,양남면,129.4596926,35.71001549,4.6,로컬상권
MA010120220810245044,막끌리네,주점,외동읍,129.3263877,35.71438853,5.0,핫플레이스
MA010120220813394157,나가수7080,주점,황오동,129.2170019,35.84831422,11.3,핫플레이스
MA010120220809113516,서울깍두기,한식,동천동,129.2290477,35.84650543,2.1,로컬상권
MA010120220813759950,카페안길,비알코올 ,천북면,129.2891985,35.9261959,3.4,로컬상권
MA010120220809108573,청실금,한식,건천읍,129.1210238,35.77211431,7.6,핫플레이스
MA010120220805131548,금장명가밀면,한식,현곡면,129.2027731,35.86603827,1.2,로컬상권
MA010120220809101001,페리카나치킨,기타 간이,동천동,129.2287292,35.85054801,2.1,로컬상권
MA010120220804789237,미르다방,비알코올 ,안강읍,129.2214273,35.98961355,3.2,로컬상권
MA010120220811940911,몽그리,주점,황남동,129.2097816,35.83698599,10.7,핫플레이스
MA010120220808128964,김복희대구뽈짐용황점,한식,황성동,129.2215701,35.88231615,3.2,로컬상권
MA010120220809491785,김박사아구찜,한식,양남면,129.4729776,35.6937682,4.6,로컬상권
MA010120220811085119,피크닉,주점,외동읍,129.3271126,35.71423936,5.0,핫플레이스
MA010120220811760281,왕창식당,한식,황남동,129.2049216,35.8369041,10.7,핫플레이스
MA010120220802973846,아이러브피자앤치킨,기타 간이,황성동,129.2112504,35.8675584,3.2,로컬상권
MA010120220809129357,송원숯불갈비,한식,외동읍,129.3253144,35.70901206,5.0,핫플레이스
MA010120220808459712,토담가마솥국밥,한식,외동읍,129.317928,35.7754709,5.0,핫플레이스
MA010120220808626161,엔젤그린푸드,구내식당·뷔페,외동읍,129.304987,35.67525367,5.0,핫플레이스
MA010120220805334067,하임스,비알코올 ,선도동,129.1685986,35.84929704,2.0,로컬상권
MA010120220808857106,영양숯불식당,한식,산내면,129.0464768,35.75781767,1.0,로컬상권
MA010120220809114541,포항식당,한식,강동면,129.242411,36.05716858,1.8,로컬상권
MA010120220805438507,카페알바트로스,비알코올 ,외동읍,129.3378339,35.71666248,5.0,핫플레이스
MA010120220809111710,대운토속식당,한식,보덕동,129.2632026,35.85399403,12.9,핫플레이스
MA010120220809120842,베스킨라빈스경주,기타 간이,성건동,129.2060003,35.85547286,3.3,로컬상권
MA010120220806623396,뒷고기땡기재,한식,동천동,129.2246217,35.8552465,2.1,로컬상권
MA010120220813180930,조은날,한식,양남면,129.4627109,35.67203012,4.6,로컬상권
MA010120220807883426,다올,한식,안강읍,129.2273241,35.99074758,3.2,로컬상권
MA010120220808058472,엄마손김밥,기타 간이,용강동,129.2229783,35.86258437,1.6,로컬상권
MA010120220800388298,장수식당,한식,용강동,129.2296078,35.88387912,1.6,로컬상권
MA010120220814232273,치킨스테이크,기타 간이,성건동,129.2067435,35.84395286,3.3,로컬상권
MA010120220806696973,드루와,주점,불국동,129.3072003,35.77270388,6.1,핫플레이스
MA010120220810259494,투다리식당,주점,성건동,129.214073,35.85203549,3.3,로컬상권
MA010120220814089920,황성독도식당,일식,황성동,129.219361,35.86584096,3.2,로컬상권
MA010120220810242878,시장커피숍,비알코올 ,성건동,129.2067435,35.84395286,3.3,로컬상권
MA010120220807560353,천일가든,한식,동천동,129.2239351,35.85483573,2.1,로컬상권
MA010120220813136786,스모프치킨산내점,기타 간이,산내면,129.0470103,35.75792573,1.0,로컬상권
MA010120220810423026,시계태엽더사로,비알코올 ,황오동,129.2146329,35.84709647,11.3,핫플레이스
MA010120220810234555,최박사,한식,불국동,129.3146834,35.78521051,6.1,핫플레이스
MA010120220809121914,솔밭오리진흙구이,한식,안강읍,129.1225296,35.98582741,3.2,로컬상권
MA010120220809131401,열이반점,중식,현곡면,129.2021167,35.86632062,1.2,로컬상권
MA010120220803408837,감포오리,한식,감포읍,129.5177059,35.8405309,4.5,로컬상권
MA010120220811888739,뚱이네,한식,성건동,129.1907738,35.86122093,3.3,로컬상권
MA010120220810424699,한동식육식당,한식,안강읍,129.1839961,36.00080715,3.2,로컬상권
MA010120220805947566,투다리충효,주점,선도동,129.1756452,35.84512389,2.0,로컬상권
MA010120220809117382,등뼈충효점,한식,선도동,129.1868293,35.84174008,2.0,로컬상권
MA010120220806887121,꽃단비,한식,산내면,129.0517757,35.6717813,1.0,로컬상권
MA010120220809129528,우여사김밥,기타 간이,동천동,129.225981,35.857546,2.1,로컬상권
MA010120220807396521,선주식당,한식,동천동,129.2252015,35.84946008,2.1,로컬상권
MA010120220808544046,강릉마약닭강정,비알코올 ,월성동,129.2691392,35.80209049,7.1,핫플레이스
MA010120220805475021,알마아타,서양식,성건동,129.2080672,35.85297502,3.3,로컬상권
MA010120220809127528,포항식당,한식,안강읍,129.1625791,36.01280065,3.2,로컬상권
MA010120220805646379,빠박이막창,한식,안강읍,129.1934532,36.00115711,3.2,로컬상권
MA010120220803080254,전통손칼국수,한식,성건동,129.2067435,35.84395286,3.3,로컬상권
MA010120220805286178,부엉순두부,한식,성건동,129.196239,35.850687,3.3,로컬상권
MA010120220811901998,해맞이회타운,한식,감포읍,129.4865938,35.74699813,4.5,로컬상권
MA010120220808251374,화수컴퍼니,주점,보덕동,129.2909001,35.83958401,12.9,핫플레이스
MA010120220804572803,시나본황리단길점,비알코올 ,황남동,129.2082263,35.8367623,10.7,핫플레이스
MA010120220814053657,우회전용황점,한식,용강동,129.2255625,35.88294502,1.6,로컬상권
MA010120220809129028,별카페,비알코올 ,황오동,129.216809,35.84297459,11.3,핫플레이스
MA010120220809130050,전통숯불,한식,산내면,129.0466518,35.75817513,1.0,로컬상권
MA010120220808600899,몽디왕갈비탕,한식,건천읍,129.1042747,35.85181985,7.6,핫플레이스
MA010120220809104536,돈짱,한식,동천동,129.2255742,35.85843655,2.1,로컬상권
MA010120220809104629,세왕다방,비알코올 ,성건동,129.2072713,35.8538096,3.3,로컬상권
MA010120220809102298,왕성떡집,기타 간이,황오동,129.2164803,35.84468363,11.3,핫플레이스
MA010120220808344488,고기서만나,한식,안강읍,129.196853,36.00299603,3.2,로컬상권
MA010120220808685276,호야횟집,한식,불국동,129.3102235,35.770195,6.1,핫플레이스
MA010120220802931649,유정장어,한식,선도동,129.1880358,35.84134868,2.0,로컬상권
MA010120220803183330,자가제빵선명희피자경주,기타 간이,동천동,129.2281095,35.84936112,2.1,로컬상권
MA010120220805117501,면백가,중식,용강동,129.2323586,35.88405326,1.6,로컬상권
MA010120220803782478,오늘,기타 간이,선도동,129.172794,35.84649103,2.0,로컬상권
MA010120220805173276,태산반점,중식,용강동,129.2264686,35.87773824,1.6,로컬상권
MA010120220811045180,달룡이마늘보쌈;왕족발,한식,성건동,129.2060836,35.85408372,3.3,로컬상권
MA010120220813603058,니드커피,비알코올 ,불국동,129.3023955,35.77708493,6.1,핫플레이스
MA010120220813191327,노벰버,비알코올 ,황남동,129.2092101,35.83513133,10.7,핫플레이스
MA010120220805240085,맛을담은쭈꾸미랑낙지랑,한식,외동읍,129.3293266,35.68136262,5.0,핫플레이스
MA010120220811229097,길손한정식,한식,외동읍,129.3149381,35.75739071,5.0,핫플레이스
MA010120220809108959,백년찻집,비알코올 ,문무대왕면,129.3619693,35.81215008,2.4,로컬상권
MA010120220809129337,깨비분식,기타 간이,황성동,129.2181334,35.85555573,3.2,로컬상권
MA010120220810301505,로보티머,비알코올 ,선도동,129.1857081,35.84403113,2.0,로컬상권
MA010120220805516312,바실라상사사회적협동조합,비알코올 ,성건동,129.2045839,35.85308407,3.3,로컬상권
MA010120220811516836,산들애,한식,내남면,129.2039909,35.77523523,4.1,로컬상권
MA010120220809119085,전통맛경주빵,기타 간이,보덕동,129.2837762,35.83388099,12.9,핫플레이스
MA010120220809111006,원조경주빵,기타 간이,황오동,129.2138677,35.84027165,11.3,핫플레이스
MA010120220804598636,은성한우소머리곰탕,한식,안강읍,129.2282089,35.99264131,3.2,로컬상권
MA010120220813146601,고향마루,한식,양남면,129.4509393,35.66226014,4.6,로컬상권
MA010120220804408947,나무안,비알코올 ,동천동,129.2254153,35.85829533,2.1,로컬상권
MA010120220809124525,진영,한식,감포읍,129.5090237,35.82134142,4.5,로컬상권
MA010120220809126491,팔복분식,기타 간이,성건동,129.2067435,35.84395286,3.3,로컬상권
MA010120220809122431,낙지마실,한식,보덕동,129.2629791,35.85158347,12.9,핫플레이스
MA010120220813977130,경주갈비탕,한식,외동읍,129.3236056,35.71636152,5.0,핫플레이스
MA010120220810304446,가야포차선지;수구레국밥,한식,동천동,129.2253857,35.85802557,2.1,로컬상권
MA010120220800689203,더샘;Garden,비알코올 ,보덕동,129.2620476,35.85151992,12.9,핫플레이스
MA010120220800754444,갈매기횟집,한식,감포읍,129.4867091,35.74608574,4.5,로컬상권
MA010120220813705170,해든들깨칼국수,한식,용강동,129.2295934,35.8833658,1.6,로컬상권
MA010120220810026580,향수분식,기타 간이,동천동,129.2232412,35.85535316,2.1,로컬상권
MA010120220805000577,시골숯불한우촌,한식,서면,129.0455468,35.89611285,0.9,로컬상권
MA010120220814125746,해솔래식당,한식,양남면,129.4633349,35.67400859,4.6,로컬상권
MA010120220809117598,벤자마스라운지,비알코올 ,동천동,129.2375879,35.84402195,2.1,로컬상권
MA010120220808075124,반월성한정식,한식,황오동,129.2153449,35.84126259,11.3,핫플레이스
MA010120220809116962,청강숯불식당,한식,동천동,129.23252,35.84759427,2.1,로컬상권
MA010120220814196581,비비큐치킨,기타 간이,성건동,129.2066612,35.85216289,3.3,로컬상권
MA010120220808359601,소리지571,비알코올 ,천북면,129.2846994,35.9030443,3.4,로컬상권
MA010120220809122056,필노래궁,주점,감포읍,129.5017088,35.80434816,4.5,로컬상권
MA010120220803108129,이모찬스,기타 간이,황오동,129.2140262,35.85074787,11.3,핫플레이스
MA010120220812411522,롯뽄기,일식,황남동,129.2112702,35.83520156,10.7,핫플레이스
MA010120220811661766,메밀촌옹심이마을,한식,동천동,129.230678,35.84979099,2.1,로컬상권
MA010120220809118042,후노래궁,주점,동천동,129.2231218,35.85464355,2.1,로컬상권
MA010120220809118212,발리호프,주점,동천동,129.2311491,35.84882714,2.1,로컬상권
MA010120220809105227,한줄기손칼국수,한식,성건동,129.2117333,35.8546646,3.3,로컬상권
MA010120220811040593,교촌치킨성건,기타 간이,성건동,129.2073835,35.85505999,3.3,로컬상권
MA010120220809117968,경주빵,기타 간이,월성동,129.2201707,35.83653312,7.1,핫플레이스
MA010120220804932155,내남면8890,한식,동천동,129.2233704,35.8544317,2.1,로컬상권
MA010120220809169830,네코짱,기타 간이,황성동,129.2119636,35.86693255,3.2,로컬상권
MA010120220813573829,피자지아,기타 간이,외동읍,129.3248106,35.71372523,5.0,핫플레이스
MA010120220809125082,동해별미,한식,안강읍,129.2188522,35.99030096,3.2,로컬상권
MA010120220800837054,경북횟집,한식,양남면,129.4633468,35.66685429,4.6,로컬상권
MA010120220804381697,투썸플레이스경주,비알코올 ,성건동,129.2035768,35.85588678,3.3,로컬상권
MA010120220809114778,기와집,중식,동천동,129.2264312,35.85029329,2.1,로컬상권
MA010120220805392937,동네식당,한식,건천읍,129.1264272,35.82094677,7.6,핫플레이스
MA010120220809116638,유림횟집,한식,양남면,129.4647993,35.66741021,4.6,로컬상권
MA010120220809129958,맥시카나,기타 간이,성건동,129.2079288,35.8551671,3.3,로컬상권
MA010120220811223550,한우대가,한식,선도동,129.1672145,35.8439878,2.0,로컬상권
MA010120220805692771,영심이상회,기타 간이,불국동,129.3274188,35.78622601,6.1,핫플레이스
MA010120220809101520,운수대통가든,한식,강동면,129.2872874,35.9317646,1.8,로컬상권
MA010120220811849322,송가네칼국수,한식,산내면,129.0445652,35.75741767,1.0,로컬상권
MA010120220809128957,고니김밥,기타 간이,성건동,129.2070692,35.85530004,3.3,로컬상권
MA010120220809129349,디어빈스,비알코올 ,성건동,129.1891855,35.85981723,3.3,로컬상권
MA010120220809127386,다올감자탕,한식,황성동,129.219515,35.87017211,3.2,로컬상권
MA010120220807020003,용강대반점,중식,용강동,129.2267168,35.87750838,1.6,로컬상권
MA010120220809126136,노곡산마루,한식,내남면,129.2353122,35.73917349,4.1,로컬상권
MA010120220809110128,아로테스,비알코올 ,성건동,129.2056004,35.85502067,3.3,로컬상권
MA010120220809127399,경주화영육회,한식,동천동,129.2243413,35.85273779,2.1,로컬상권
MA010120220809128299,남명반점,중식,안강읍,129.224981,35.98903408,3.2,로컬상권
MA010120220803278152,6.6.구이,한식,황남동,129.2110053,35.83482799,10.7,핫플레이스
MA010120220809119260,삼원식당,한식,황오동,129.2170273,35.84525021,11.3,핫플레이스
MA010120220809102635,경주한식뷔페,구내식당·뷔페,용강동,129.224811,35.86756021,1.6,로컬상권
MA010120220810049610,둥지타코&커피,비알코올 ,불국동,129.3013126,35.77365471,6.1,핫플레이스
MA010120220809105889,처갓집양념치킨,기타 간이,황성동,129.2126627,35.86937952,3.2,로컬상권
MA010120220809106537,제주생도야지,한식,성건동,129.2051001,35.85254297,3.3,로컬상권
MA010120220809047716,김태주선산곱창,한식,황성동,129.2195566,35.86729703,3.2,로컬상권
MA010120220804936296,느티나무,한식,불국동,129.318951,35.78822779,6.1,핫플레이스
MA010120220809817247,남보다방,비알코올 ,외동읍,129.3343107,35.67806734,5.0,핫플레이스
MA010120220809112200,파리바게뜨,기타 간이,동천동,129.2240488,35.85652758,2.1,로컬상권
MA010120220809107575,감포아구찜,한식,동천동,129.2190898,35.85413244,2.1,로컬상권
MA010120220809107978,베네치아,비알코올 ,황성동,129.2141897,35.86776554,3.2,로컬상권
MA010120220805013210,호림정한식뷔페,구내식당·뷔페,건천읍,129.1438918,35.80020033,7.6,핫플레이스
MA010120220805277512,경주맛집밀면,한식,선도동,129.1839885,35.84266578,2.0,로컬상권
MA010120220802680361,전주으뜸식당,한식,불국동,129.3111383,35.77009632,6.1,핫플레이스
MA010120220809121894,파리바게뜨,기타 간이,황오동,129.2119237,35.84438919,11.3,핫플레이스
MA010120220803161613,디바인,주점,선도동,129.1814999,35.84352195,2.0,로컬상권
MA010120220803827092,병천토종순대국밥,한식,황오동,129.2029893,35.83905701,11.3,핫플레이스
MA010120220809166957,막걸리농장,주점,황오동,129.2094026,35.84725586,11.3,핫플레이스
MA010120220803100412,버터힐즈,기타 간이,황오동,129.2099098,35.84798539,11.3,핫플레이스
MA010120220805367393,재일식당,한식,황오동,129.2065828,35.84054986,11.3,핫플레이스
MA010120220809100648,반도식당,한식,황오동,129.209844,35.84481492,11.3,핫플레이스
MA010120220804540339,조은국시데이,한식,동천동,129.2193302,35.85401987,2.1,로컬상권
MA010120220812250473,진미아구찜,한식,성건동,129.2057036,35.84356649,3.3,로컬상권
MA010120220800112128,그냥술집,한식,동천동,129.2264697,35.85206762,2.1,로컬상권
MA010120220813373619,혀기,한식,황남동,129.2093428,35.8383186,10.7,핫플레이스
MA010120220809207167,훌림목,비알코올 ,황남동,129.2092419,35.83587862,10.7,핫플레이스
MA010120220812945769,글램,한식,성건동,129.2063144,35.8552238,3.3,로컬상권
MA010120220809126821,녹수식당,한식,황오동,129.2100854,35.84593679,11.3,핫플레이스
MA010120220807221724,아워홈신디프경주점,구내식당·뷔페,안강읍,129.1705249,35.97051572,3.2,로컬상권
MA010120220800525366,오아시스,주점,황남동,129.2086385,35.83646638,10.7,핫플레이스
MA010120220805939158,새소리카페,비알코올 ,안강읍,129.1956233,36.00383849,3.2,로컬상권
MA010120220804965155,노당옛날짜장,중식,안강읍,129.2284351,36.03178642,3.2,로컬상권
MA010120220805270438,뜰안,한식,외동읍,129.3214865,35.68673117,5.0,핫플레이스
MA010120220804783165,오늘은닭발,한식,황오동,129.2082738,35.84765506,11.3,핫플레이스
MA010120220807013433,고래사냥,주점,황오동,129.2027742,35.841683,11.3,핫플레이스
MA010120220810761201,동원국밥,한식,선도동,129.1792056,35.84420335,2.0,로컬상권
MA010120220802476992,본스치킨,기타 간이,외동읍,129.3253428,35.71112896,5.0,핫플레이스
MA010120220806902728,인생극장,한식,동천동,129.2231592,35.85558894,2.1,로컬상권
MA010120220809123595,소담,한식,동천동,129.2355261,35.84547498,2.1,로컬상권
MA010120220807050792,한끼밥상,한식,안강읍,129.1960639,35.99933429,3.2,로컬상권
MA010120220810231795,더벤티,비알코올 ,안강읍,129.1955341,36.00182182,3.2,로컬상권
MA010120220811792312,불닭발땡초동대문엽기떡볶이경주,기타 간이,황오동,129.2120995,35.8443409,11.3,핫플레이스
MA010120220812169422,60계경북경주,기타 간이,현곡면,129.1733975,35.89006384,1.2,로컬상권
MA010120220811729230,용강국밥,한식,천북면,129.2709272,35.94231996,3.4,로컬상권
MA010120220812363560,찐이야생삼겹살,한식,동천동,129.2280987,35.8505597,2.1,로컬상권
MA010120220803864717,인막창,주점,동천동,129.2228123,35.85505474,2.1,로컬상권
MA010120220809121261,서라벌대학교학생식당,한식,선도동,129.1825392,35.84187217,2.0,로컬상권
MA010120220811048263,주가네꼬막,한식,동천동,129.2231592,35.85558894,2.1,로컬상권
MA010120220813283519,다인식당,한식,강동면,129.2486886,35.94776656,1.8,로컬상권
MA010120220812947277,러브이즈,기타 간이,동천동,129.2253477,35.85745862,2.1,로컬상권
MA010120220809136707,아미랑,한식,보덕동,129.2851026,35.83460362,12.9,핫플레이스
MA010120220800926693,먹구가,한식,황오동,129.2101886,35.84845781,11.3,핫플레이스
MA010120220809485069,다해식당,한식,감포읍,129.5028553,35.80739666,4.5,로컬상권
MA010120220809105733,일품곰탕,한식,황남동,129.2092682,35.83922101,10.7,핫플레이스
MA010120220809102409,대화만두,기타 간이,황오동,129.2130027,35.84259426,11.3,핫플레이스
MA010120220808273015,옥산정식,한식,안강읍,129.1717927,35.99169412,3.2,로컬상권
MA010120220809897985,팀센추리우리골프클럽지점,한식,양남면,129.376997,35.67933112,4.6,로컬상권
MA010120220809106138,주달수횟집,한식,감포읍,129.4877368,35.74785747,4.5,로컬상권
MA010120220809106639,월성떡방앗간,기타 간이,동천동,129.2328651,35.84727249,2.1,로컬상권
MA010120220814193426,다온김밥,기타 간이,황오동,129.2175971,35.84703276,11.3,핫플레이스
MA010120220813487526,진양닭집,기타 간이,건천읍,129.1048124,35.84829628,7.6,핫플레이스
MA010120220809114848,무산식당,한식,건천읍,129.0903842,35.84211463,7.6,핫플레이스
MA010120220800140034,친정집,한식,황오동,129.2048188,35.83998756,11.3,핫플레이스
MA010120220813333522,미태리경주대릉원점,서양식,황남동,129.2145154,35.83332166,10.7,핫플레이스
MA010120220810415256,디멘션커피,비알코올 ,불국동,129.3261058,35.78405291,6.1,핫플레이스
MA010120220809129909,수가성순두부,한식,동천동,129.2254959,35.85523931,2.1,로컬상권
MA010120220808391324,인천항,한식,불국동,129.31155,35.77133183,6.1,핫플레이스
MA010120220805834295,베베르,비알코올 ,동천동,129.2270972,35.84759583,2.1,로컬상권
MA010120220804866212,이디야경주동문로점,비알코올 ,성건동,129.2140245,35.85267613,3.3,로컬상권
MA010120220809191811,장가네매운탕,한식,안강읍,129.2218445,35.99144391,3.2,로컬상권
MA010120220803927095,다슬기식당,한식,안강읍,129.2225916,35.99001546,3.2,로컬상권
MA010120220809117889,일점오커피숍,비알코올 ,안강읍,129.2282165,35.99251502,3.2,로컬상권
MA010120220809119233,달라스통닭,기타 간이,강동면,129.2760971,35.99040835,1.8,로컬상권
MA010120220805188928,황가정,한식,황성동,129.2210588,35.88224452,3.2,로컬상권
MA010120220800152626,돼지본가,한식,황성동,129.2161692,35.86808944,3.2,로컬상권
MA010120220809128856,가로수다방,비알코올 ,건천읍,129.1047972,35.84855785,7.6,핫플레이스
MA010120220811046157,장시돼지국밥,한식,건천읍,129.0864875,35.86402423,7.6,핫플레이스
MA010120220809131511,대밭가든,한식,천북면,129.2553202,35.92417039,3.4,로컬상권
MA010120220811020855,치킨홈닭짱,기타 간이,성건동,129.2065935,35.85411039,3.3,로컬상권
MA010120220809914164,하지메마시타,일식,황성동,129.2191573,35.86607899,3.2,로컬상권
MA010120220808298741,불리단길무인카페,한식,불국동,129.3243835,35.78566304,6.1,핫플레이스
MA010120220809112441,대왕기사식당,한식,문무대왕면,129.4427562,35.78591028,2.4,로컬상권
MA010120220808728347,카페본동,비알코올 ,양남면,129.4725968,35.70074984,4.6,로컬상권
MA010120220809124289,교촌치킨,기타 간이,동천동,129.2244411,35.85828635,2.1,로컬상권
MA010120220809129690,이승윤의알통떡강정,기타 간이,동천동,129.2187368,35.854175,2.1,로컬상권
MA010120220806432862,동원홈푸드명성공업점,구내식당·뷔페,외동읍,129.3154497,35.67580969,5.0,핫플레이스
MA010120220809126009,회밀리떳다,한식,감포읍,129.4901645,35.78884762,4.5,로컬상권
MA010120220809102328,효림식당,한식,성건동,129.2063724,35.85212315,3.3,로컬상권
MA010120220808668522,선봉식당,한식,외동읍,129.3362098,35.67957126,5.0,핫플레이스
MA010120220810282902,중화요리읍성,중식,황오동,129.2141377,35.84640278,11.3,핫플레이스
MA010120220806659050,이조한정식,한식,월성동,129.2509663,35.84163652,7.1,핫플레이스
MA010120220814280723,해물오뎅,비알코올 ,성건동,129.2052376,35.85391004,3.3,로컬상권
MA010120220809112138,미라찜,한식,건천읍,129.105173,35.85063272,7.6,핫플레이스
MA010120220809108998,호성식육식당,한식,감포읍,129.5021926,35.80495977,4.5,로컬상권
MA010120220809112542,플러스피자,기타 간이,용강동,129.2208039,35.8600296,1.6,로컬상권
MA010120220809124516,은아식당,한식,감포읍,129.4848571,35.74481758,4.5,로컬상권
MA010120220812796715,진수성찬,한식,월성동,129.2153223,35.83010807,7.1,핫플레이스
MA010120220809821523,명가,한식,안강읍,129.2161381,35.99354979,3.2,로컬상권
MA010120220812266562,원통숯불뒷고기,한식,불국동,129.307538,35.7725262,6.1,핫플레이스
MA010120220808623848,시골산촌,한식,서면,129.0345102,35.8625282,0.9,로컬상권
MA010120220813590942,경쥬르,기타 간이,선도동,129.1877859,35.82338628,2.0,로컬상권
MA010120220811682803,문산객잔,중식,외동읍,129.3233253,35.67130586,5.0,핫플레이스
MA010120220807558462,카페고래,비알코올 ,황성동,129.2196043,35.86821521,3.2,로컬상권
MA010120220810552564,빼돌린뒷고기,한식,선도동,129.1826134,35.84417751,2.0,로컬상권
MA010120220806523196,노래카페7080,주점,불국동,129.2998105,35.77486381,6.1,핫플레이스
MA010120220805445336,진용식당,한식,황남동,129.2104296,35.83600995,10.7,핫플레이스
MA010120220813246419,깍지집,한식,감포읍,129.4947245,35.7921588,4.5,로컬상권
MA010120220814064918,안코르,서양식,황남동,129.2097784,35.83686891,10.7,핫플레이스
MA010120220813633076,젤라또도넛아이스크림,기타 간이,황남동,129.2095926,35.83734988,10.7,핫플레이스
MA010120220814376507,맘스터치경주,기타 간이,황오동,129.2128047,35.84343588,11.3,핫플레이스
MA010120220808130393,동산구내식당,구내식당·뷔페,외동읍,129.33094,35.72767178,5.0,핫플레이스
MA010120220809130429,홍콩가는막창,한식,건천읍,129.1039585,35.84906813,7.6,핫플레이스
MA010120220812352898,카페리버,비알코올 ,양남면,129.4625303,35.67261948,4.6,로컬상권
MA010120220808124946,부두회식당,한식,감포읍,129.4842447,35.74431666,4.5,로컬상권
MA010120220813461969,돼지빠,한식,안강읍,129.1953258,36.00270864,3.2,로컬상권
MA010120220813896670,란다방,비알코올 ,안강읍,129.2226369,35.9920239,3.2,로컬상권
MA010120220802931451,합천돼지국밥,한식,성건동,129.2064623,35.847382,3.3,로컬상권
MA010120220812602967,바르다김선생경주보문점,기타 간이,보덕동,129.2909001,35.83958401,12.9,핫플레이스
MA010120220809329292,가보자막창,주점,안강읍,129.1958907,36.00308574,3.2,로컬상권
MA010120220804980887,타이반라우,동남아시아,외동읍,129.3302413,35.67636215,5.0,핫플레이스
MA010120220809101326,영재회센타,한식,감포읍,129.4881366,35.74827267,4.5,로컬상권
MA010120220809124168,수복식당,한식,동천동,129.2221161,35.85271591,2.1,로컬상권
MA010120220802963919,와와치킨,기타 간이,성건동,129.205637,35.8555426,3.3,로컬상권
MA010120220806631827,삼보식당,한식,불국동,129.3011741,35.77575677,6.1,핫플레이스
MA010120220808127817,커피와아띠,비알코올 ,황남동,129.2156068,35.83595962,10.7,핫플레이스
MA010120220808385928,천년지기,주점,건천읍,129.103912,35.84856435,7.6,핫플레이스
MA010120220800642462,왓더버거경주점,기타 간이,황남동,129.2177214,35.83639815,10.7,핫플레이스
MA010120220810005591,통큰돈까스입실,서양식,외동읍,129.3251301,35.71331358,5.0,핫플레이스
MA010120220805926223,장어사랑,한식,선도동,129.1694418,35.84856098,2.0,로컬상권
MA010120220809106966,오가야해장국,한식,안강읍,129.1947731,36.00197091,3.2,로컬상권
MA010120220806541558,부산한방차,비알코올 ,불국동,129.3273835,35.78577617,6.1,핫플레이스
MA010120220801524359,카페콜로네이드,비알코올 ,양남면,129.4737201,35.68669803,4.6,로컬상권
MA010120220805280607,평화떡공방,기타 간이,용강동,129.2297463,35.87657815,1.6,로컬상권
MA010120220805323189,막걸리타운,주점,성건동,129.2103378,35.85223945,3.3,로컬상권
MA010120220809117948,밥좀주소,한식,외동읍,129.290528,35.70330907,5.0,핫플레이스
MA010120220804530946,가장맛있는족발경주,한식,외동읍,129.3232628,35.71787288,5.0,핫플레이스
MA010120220809116264,옛맛그대로,한식,용강동,129.2221521,35.86074352,1.6,로컬상권
MA010120220812562792,삼거리칼국수,한식,내남면,129.2053738,35.75124178,4.1,로컬상권
MA010120220805538460,커피와,비알코올 ,황오동,129.215271,35.852527,11.3,핫플레이스
MA010120220809119545,라스베가스호프,주점,동천동,129.2270585,35.85530946,2.1,로컬상권
MA010120220809129991,춤추는산오징어해,한식,불국동,129.3072003,35.77270388,6.1,핫플레이스
MA010120220809122854,포구실비,주점,감포읍,129.5028346,35.80709075,4.5,로컬상권
MA010120220804780491,향미카페,비알코올 ,황오동,129.2165651,35.84733114,11.3,핫플레이스
MA010120220803255613,오리명가고향정,한식,안강읍,129.2073291,35.99335186,3.2,로컬상권
MA010120220809120248,송화촌,한식,성건동,129.1949661,35.8498813,3.3,로컬상권
MA010120220813167150,밀루,비알코올 ,동천동,129.2307818,35.84638313,2.1,로컬상권
MA010120220809118714,원스,주점,황성동,129.2131075,35.86507335,3.2,로컬상권
MA010120220810962000,디노,기타 간이,보덕동,129.2958444,35.85601446,12.9,핫플레이스
MA010120220809117201,경주꽃게장,한식,선도동,129.1668068,35.84283279,2.0,로컬상권
MA010120220808223863,럭셔리,주점,성건동,129.2060653,35.85502114,3.3,로컬상권
MA010120220813052121,양남생아구찜,한식,양남면,129.4621452,35.67374461,4.6,로컬상권
MA010120220809117408,새참식당,한식,안강읍,129.2287749,35.99423461,3.2,로컬상권
MA010120220812712714,페이지나인,서양식,보덕동,129.2692165,35.85180817,12.9,핫플레이스
MA010120220809127238,대발이막창,한식,황성동,129.2141234,35.8673703,3.2,로컬상권
MA010120220809118321,동네누부야가,주점,용강동,129.2286733,35.87700354,1.6,로컬상권
MA010120220809105071,매일떡집,기타 간이,성건동,129.2067435,35.84395286,3.3,로컬상권
MA010120220800617837,뉴실비타운,주점,건천읍,129.1020303,35.84813775,7.6,핫플레이스
MA010120220809114081,비비큐치킨불국사,기타 간이,불국동,129.3267975,35.78615694,6.1,핫플레이스
MA010120220801050730,아날로그,비알코올 ,양남면,129.4070793,35.66427164,4.6,로컬상권
MA010120220808070621,사랑을위하여,주점,황오동,129.2159141,35.84302715,11.3,핫플레이스
MA010120220805730573,나경이네,기타 간이,성건동,129.2067435,35.84395286,3.3,로컬상권
MA010120220805268281,호식이두마리충효점,기타 간이,선도동,129.1794527,35.84473949,2.0,로컬상권
MA010120220812987727,집으로고기,한식,안강읍,129.1957908,36.00268211,3.2,로컬상권
MA010120220813464961,화랑가든,한식,선도동,129.1964498,35.84107798,2.0,로컬상권
MA010120220807062145,요거프레소경주서라벌대점,비알코올 ,선도동,129.1871368,35.84165339,2.0,로컬상권
MA010120220809102467,신성떡방앗간,기타 간이,건천읍,129.1059611,35.84862755,7.6,핫플레이스
MA010120220809105380,신천식당,한식,황오동,129.215273,35.8470306,11.3,핫플레이스
MA010120220802328220,삼거리식당,주점,동천동,129.2264715,35.85648269,2.1,로컬상권
MA010120220808044032,엄마산딸기치킨&카페,기타 간이,양남면,129.4514014,35.66148487,4.6,로컬상권
MA010120220800083045,주전부리,기타 간이,건천읍,129.1039952,35.84836466,7.6,핫플레이스
MA010120220809627145,남해한정식,한식,천북면,129.2471078,35.89231989,3.4,로컬상권
MA010120220802923046,카페논,비알코올 ,안강읍,129.203761,36.00497765,3.2,로컬상권
MA010120220809124967,커피볶는마노,비알코올 ,월성동,129.2205739,35.83630941,7.1,핫플레이스
MA010120220809112592,보문호반오리,한식,보덕동,129.2681442,35.85263034,12.9,핫플레이스
MA010120220800915853,60계황성,기타 간이,황성동,129.2156669,35.86635069,3.2,로컬상권
MA010120220812952923,부벳비스트로,동남아시아,성건동,129.2079288,35.8551671,3.3,로컬상권
MA010120220813529375,근계국밥,한식,안강읍,129.2210437,35.98621479,3.2,로컬상권
MA010120220813954286,더케냐,비알코올 ,성건동,129.191358,35.85952532,3.3,로컬상권
MA010120220809117344,전촌참가자미회,한식,보덕동,129.264219,35.85354237,12.9,핫플레이스
MA010120220809113991,수연당제과,기타 간이,황오동,129.2174958,35.84299796,11.3,핫플레이스
MA010120220809128633,돈꼬꼬닭,기타 간이,양남면,129.451354,35.6610173,4.6,로컬상권
MA010120220805085683,양북식당,한식,황오동,129.2163118,35.84538956,11.3,핫플레이스
MA010120220809593104,이든푸드,한식,건천읍,129.0871702,35.87443769,7.6,핫플레이스
MA010120220812924268,하비비씨,서양식,강동면,129.2763926,35.99798927,1.8,로컬상권
MA010120220809108712,우동한그릇집,일식,동천동,129.2339833,35.84728774,2.1,로컬상권
MA010120220809103328,제일기사식당,한식,불국동,129.3080238,35.77212042,6.1,핫플레이스
MA010120220809121502,한옥카페부연,비알코올 ,불국동,129.3142645,35.79212048,6.1,핫플레이스
MA010120220809115311,대물식당,한식,서면,129.0512587,35.89344734,0.9,로컬상권
MA010120220807028569,짬뽕집,중식,황오동,129.2174913,35.84204294,11.3,핫플레이스
MA010120220809109819,오빠가요클럽,주점,동천동,129.2237161,35.85492087,2.1,로컬상권
MA010120220809127064,이삭토스트,기타 간이,황오동,129.2143986,35.84185671,11.3,핫플레이스
MA010120220804960552,보름달,비알코올 ,성건동,129.202455,35.84774389,3.3,로컬상권
MA010120220812625994,빽다방경주분황사점,비알코올 ,월성동,129.2318573,35.8425067,7.1,핫플레이스
MA010120220805056059,경주꽃빵,기타 간이,황남동,129.2103956,35.83638,10.7,핫플레이스
MA010120220810230789,삼거리막걸리,주점,성건동,129.2136006,35.85017003,3.3,로컬상권
MA010120220804288335,산마루식당,한식,안강읍,129.1344373,36.00313227,3.2,로컬상권
MA010120220809121048,흑염소산골에,한식,용강동,129.2361721,35.87201654,1.6,로컬상권
MA010120220802865998,구룡포회센타,한식,안강읍,129.2255627,35.99277154,3.2,로컬상권
MA010120220809131431,모화떡방앗간,기타 간이,외동읍,129.3354398,35.67816256,5.0,핫플레이스
MA010120220809104145,천일가든식육식당,한식,건천읍,129.1030053,35.84692227,7.6,핫플레이스
MA010120220813586950,동화로,한식,동천동,129.222815,35.85317152,2.1,로컬상권
MA010120220812786824,요거프레소경주,비알코올 ,안강읍,129.1956233,36.00383849,3.2,로컬상권
MA010120220812141961,맥시칸치킨모화점,기타 간이,외동읍,129.3333654,35.67746395,5.0,핫플레이스
MA010120220803118668,비천,비알코올 ,월성동,129.2534833,35.84298593,7.1,핫플레이스
MA010120220813053070,사또노래궁,주점,불국동,129.2986402,35.77799477,6.1,핫플레이스
MA010120220805197693,큰섬횟집,한식,동천동,129.2264709,35.8552753,2.1,로컬상권
MA010120220809154864,통영다찌,한식,동천동,129.2231693,35.85317397,2.1,로컬상권
MA010120220807039694,오케이반점,중식,감포읍,129.502157,35.80629397,4.5,로컬상권
MA010120220804789520,오스카데그레이,비알코올 ,황성동,129.2109864,35.86562602,3.2,로컬상권
MA010120220805730061,동경한밤,한식,황오동,129.2153843,35.84705558,11.3,핫플레이스
MA010120220809102266,운수대통가든,한식,보덕동,129.2693411,35.85385116,12.9,핫플레이스
MA010120220805947568,투다리용황점,주점,용강동,129.2271726,35.88232047,1.6,로컬상권
MA010120220806184397,연화찜전문,한식,황남동,129.2095672,35.83443997,10.7,핫플레이스
MA010120220806740643,손수만두,기타 간이,성건동,129.2067435,35.84395286,3.3,로컬상권
MA010120220809113928,약천한방생오리,한식,내남면,129.2058573,35.78435571,4.1,로컬상권
MA010120220803041368,우렁각시,한식,불국동,129.3132986,35.80228468,6.1,핫플레이스
MA010120220809113491,거림골체험마을,한식,강동면,129.254743,36.0001193,1.8,로컬상권
MA010120220811194880,포레스트,비알코올 ,외동읍,129.3127,35.67160062,5.0,핫플레이스
MA010120220809127061,띵똥띵똥,주점,안강읍,129.1957126,36.00226006,3.2,로컬상권
MA010120220801838729,054피자,기타 간이,건천읍,129.1022431,35.85074711,7.6,핫플레이스
MA010120220812518302,컴포즈커피,비알코올 ,성건동,129.1910611,35.86080121,3.3,로컬상권
MA010120220809106272,단감농원식당,한식,황남동,129.2044886,35.79765333,10.7,핫플레이스
MA010120220805179410,램프라이트등불cafe,비알코올 ,안강읍,129.1873625,35.99943929,3.2,로컬상권
MA010120220801150614,페리카나,기타 간이,황성동,129.2141234,35.8673703,3.2,로컬상권
MA010120220808196080,서이네부엌,한식,외동읍,129.3266463,35.71492415,5.0,핫플레이스
MA010120220812306274,족발공화국,한식,안강읍,129.1934398,36.00147271,3.2,로컬상권
MA010120220813362162,경주청년팜,기타 간이,문무대왕면,129.4337321,35.79276983,2.4,로컬상권
MA010120220809133931,미락정식당,한식,안강읍,129.219486,35.99313646,3.2,로컬상권
MA010120220809120355,만리장성,한식,불국동,129.314049,35.78506955,6.1,핫플레이스
MA010120220814203148,달빛에술한모금,한식,동천동,129.2308893,35.84627301,2.1,로컬상권
MA010120220806670790,끄레아,한식,동천동,129.2249517,35.85754705,2.1,로컬상권
MA010120220804547053,순천식당,한식,불국동,129.3273835,35.78577617,6.1,핫플레이스
MA010120220809578103,진다방,비알코올 ,안강읍,129.2291992,35.99119028,3.2,로컬상권
MA010120220803592296,빙그레꽈배기,기타 간이,안강읍,129.1962743,36.00332199,3.2,로컬상권
MA010120220809112065,황성참숯골,한식,황성동,129.2190534,35.86672065,3.2,로컬상권
MA010120220804992287,커피총각,비알코올 ,동천동,129.2291156,35.84695469,2.1,로컬상권
MA010120220805333182,태양떡집,기타 간이,성건동,129.20791,35.85368974,3.3,로컬상권
MA010120220809101900,조양갈비,한식,양남면,129.4729038,35.69316604,4.6,로컬상권
MA010120220813754301,한끼국수,한식,동천동,129.2263804,35.85085287,2.1,로컬상권
MA010120220812033015,퇴근길숯불갈비,한식,황남동,129.2074395,35.83432591,10.7,핫플레이스
MA010120220809122064,한올면옥,한식,동천동,129.2251496,35.8586877,2.1,로컬상권
MA010120220809128855,선굼터,한식,동천동,129.2239293,35.85343922,2.1,로컬상권
MA010120220806429130,동대국수,한식,성건동,129.2075101,35.85563433,3.3,로컬상권
MA010120220814329704,꼽배기국수,한식,황오동,129.2174878,35.84191685,11.3,핫플레이스
MA010120220811842843,마성떡볶이신경주역점,기타 간이,건천읍,129.1393996,35.79808179,7.6,핫플레이스
MA010120220802888469,엠도씨가라오케단란주점,주점,동천동,129.2239615,35.85498841,2.1,로컬상권
MA010120220810994558,오텍구내식당,구내식당·뷔페,외동읍,129.2962752,35.7280413,5.0,핫플레이스
MA010120220809122212,소담비빔국수,한식,동천동,129.2257273,35.85638836,2.1,로컬상권
MA010120220811873209,스테이커피,비알코올 ,건천읍,129.0848116,35.83934608,7.6,핫플레이스
MA010120220808154568,놀부막창,한식,성건동,129.2030629,35.84251568,3.3,로컬상권
MA010120220808047628,땅땅치킨안강,기타 간이,안강읍,129.2235185,35.99104346,3.2,로컬상권
MA010120220808777020,기록,비알코올 ,용강동,129.2255547,35.88187293,1.6,로컬상권
MA010120220805347361,은화수식당,한식,황성동,129.2111236,35.86618214,3.2,로컬상권
MA010120220809125931,페리카나치킨,기타 간이,건천읍,129.103912,35.84856435,7.6,핫플레이스
MA010120220809623445,오늘도여기서,주점,황오동,129.2176208,35.84192341,11.3,핫플레이스
MA010120220809111161,서울식당,한식,성건동,129.2067435,35.84395286,3.3,로컬상권
MA010120220809104656,용강막썰어회식당,한식,용강동,129.2295909,35.87853629,1.6,로컬상권
MA010120220809622806,전원숯불갈비,한식,황오동,129.2156885,35.85003242,11.3,핫플레이스
MA010120220807823044,업소명없음,기타 간이,선도동,129.1860781,35.81517274,2.0,로컬상권
MA010120220809122363,셈커피테크아웃,비알코올 ,안강읍,129.1993567,36.0045089,3.2,로컬상권
MA010120220809126628,북촌막걸리,주점,성건동,129.2089209,35.85502271,3.3,로컬상권
MA010120220814357669,불국사족발보쌈,한식,불국동,129.3062074,35.772777,6.1,핫플레이스
MA010120220802909447,맛도차이나,중식,동천동,129.219717,35.855986,2.1,로컬상권
MA010120220811288366,돈돈치킨,기타 간이,외동읍,129.3245231,35.71485708,5.0,핫플레이스
MA010120220809123564,한솥도시락경주황성공원앞점,한식,황성동,129.2127935,35.86373659,3.2,로컬상권
MA010120220809403945,연화정,한식,선도동,129.189805,35.82640406,2.0,로컬상권
MA010120220809121035,황금화닭,주점,안강읍,129.1955432,36.00055121,3.2,로컬상권
MA010120220803783996,해물칼국수,한식,건천읍,129.085938,35.83967794,7.6,핫플레이스
MA010120220809115375,동해솥뚜껑삼겹살,한식,동천동,129.2227019,35.85625517,2.1,로컬상권
MA010120220808422301,에프엘에프앤비,비알코올 ,보덕동,129.2834113,35.84546618,12.9,핫플레이스
MA010120220809127221,파라다이스,비알코올 ,보덕동,129.2615028,35.84948483,12.9,핫플레이스
MA010120220809113528,학성식당,한식,동천동,129.231854,35.84870592,2.1,로컬상권
MA010120220813514243,카페선덕,비알코올 ,보덕동,129.2888635,35.83225241,12.9,핫플레이스
MA010120220811551175,베테랑노래타운,주점,외동읍,129.3261554,35.71361813,5.0,핫플레이스
MA010120220810234643,부르즈,한식,용강동,129.2327632,35.87717083,1.6,로컬상권
MA010120220811615056,한우리식당,한식,서면,129.0491775,35.89347388,0.9,로컬상권
MA010120220809114042,일촌막창,한식,황성동,129.2112504,35.8675584,3.2,로컬상권
MA010120220809112107,정성회,한식,감포읍,129.511694,35.81515891,4.5,로컬상권
MA010120220804973344,브론즈그릴,한식,동천동,129.2233654,35.85583742,2.1,로컬상권
MA010120220809121238,차이나쿡,중식,선도동,129.1781624,35.84450159,2.0,로컬상권
MA010120220809277022,그시절옛날통닭,기타 간이,동천동,129.2258671,35.85822389,2.1,로컬상권
MA010120220813461007,토함혜,한식,월성동,129.238219,35.8259173,7.1,핫플레이스
MA010120220807063243,명륜진사갈비,한식,불국동,129.3116425,35.77070834,6.1,핫플레이스
MA010120220812892139,홍앤리,한식,성건동,129.2024983,35.84450834,3.3,로컬상권
MA010120220809113021,어바웃커피,비알코올 ,성건동,129.1909004,35.86139883,3.3,로컬상권
MA010120220809104953,천호동감자탕,한식,황오동,129.2151437,35.84159068,11.3,핫플레이스
MA010120220809136431,너구리식당,주점,동천동,129.2228135,35.85589269,2.1,로컬상권
MA010120220809108448,뉴갤러리단란주점,주점,성건동,129.2060836,35.84290175,3.3,로컬상권
MA010120220803707183,플라워카페미화,비알코올 ,현곡면,129.2037837,35.86735327,1.2,로컬상권
MA010120220812575825,차오찹스,동남아시아,황남동,129.2100746,35.83598044,10.7,핫플레이스
MA010120220810282088,신흥떡방앗간,기타 간이,문무대왕면,129.4407628,35.7937625,2.4,로컬상권
MA010120220809112120,부부김밥,기타 간이,동천동,129.2251894,35.84902781,2.1,로컬상권
MA010120220803118028,컴포즈커피경주,비알코올 ,성건동,129.2098843,35.85025649,3.3,로컬상권
MA010120220807108207,60계경주,기타 간이,안강읍,129.2132206,35.99151329,3.2,로컬상권
MA010120220809113097,요석궁식당,한식,월성동,129.2170053,35.83054557,7.1,핫플레이스
MA010120220805073109,커피모잉,비알코올 ,안강읍,129.1959165,36.00081468,3.2,로컬상권
MA010120220809107890,진다방,비알코올 ,외동읍,129.3256363,35.71020422,5.0,핫플레이스
MA010120220813678191,타베르나,서양식,황남동,129.2112929,35.8348227,10.7,핫플레이스
MA010120220808849341,흥부막창,한식,성건동,129.208314,35.85508794,3.3,로컬상권
MA010120220809122116,아화만남,기타 간이,서면,129.0416877,35.90194538,0.9,로컬상권
MA010120220812226916,우미회,일식,동천동,129.2243476,35.85296293,2.1,로컬상권
MA010120220809129908,보문뜰,한식,월성동,129.2517042,35.84268591,7.1,핫플레이스
MA010120220812249216,7번가피자,기타 간이,현곡면,129.2022674,35.86736307,1.2,로컬상권
MA010120220804785682,경주대게닭강정,기타 간이,황남동,129.2097702,35.83657172,10.7,핫플레이스
MA010120220809123941,화랑식당,한식,황오동,129.2159174,35.84195485,11.3,핫플레이스
MA010120220800101865,금강삼계탕,한식,용강동,129.223945,35.85994444,1.6,로컬상권
MA010120220803372213,소바카게,일식,황남동,129.2119061,35.83538808,10.7,핫플레이스
MA010120220813164932,큰막창,한식,불국동,129.3057877,35.77279406,6.1,핫플레이스
MA010120220809108342,고향할매아구찜,한식,동천동,129.2301761,35.85083651,2.1,로컬상권
MA010120220809233160,정이품쭈꾸미,한식,황오동,129.2169441,35.8450445,11.3,핫플레이스
MA010120220804968800,카페J두잉웰,비알코올 ,성건동,129.1891251,35.85681785,3.3,로컬상권
MA010120220809107317,여울다방,비알코올 ,안강읍,129.2282488,35.99287483,3.2,로컬상권
MA010120220809082825,레드,한식,용강동,129.2254562,35.86015072,1.6,로컬상권
MA010120220809117010,오복식당,한식,황성동,129.2145546,35.86496558,3.2,로컬상권
MA010120220813130792,라운드투,기타 간이,황오동,129.2141176,35.8468717,11.3,핫플레이스
MA010120220812248599,주상절리횟집,한식,양남면,129.4747682,35.69345207,4.6,로컬상권
MA010120220812222868,동산식당,한식,안강읍,129.230643,35.90774631,3.2,로컬상권
MA010120220809129803,웰빙횟집,한식,황오동,129.2163118,35.84538956,11.3,핫플레이스
MA010120220809121450,오미식당,한식,황오동,129.2233901,35.84166358,11.3,핫플레이스
MA010120220806750045,조은식당,한식,용강동,129.2215396,35.86774692,1.6,로컬상권
MA010120220813295202,어마무시,비알코올 ,월성동,129.2217539,35.83934213,7.1,핫플레이스
MA010120220802832879,대추밭길50대추밭길오십,기타 간이,불국동,129.2771443,35.78068356,6.1,핫플레이스
MA010120220806399912,청송갈비,한식,양남면,129.4721349,35.69974119,4.6,로컬상권
MA010120220812291732,건천다향오리,한식,건천읍,129.0799485,35.87007569,7.6,핫플레이스
MA010120220805166180,언양닭칼국수,한식,동천동,129.2246844,35.8586783,2.1,로컬상권
MA010120220806426721,푸른고기나라식당,한식,안강읍,129.2228214,35.99148888,3.2,로컬상권
MA010120220804790650,정이든면,한식,용강동,129.2254727,35.87775671,1.6,로컬상권
MA010120220804982711,더블유커피컴퍼니,비알코올 ,현곡면,129.2023848,35.86440549,1.2,로컬상권
MA010120220805021235,들꽃가든,한식,강동면,129.2628066,36.05060423,1.8,로컬상권
MA010120220809367960,간이역건천점,주점,건천읍,129.1035007,35.84849947,7.6,핫플레이스
MA010120220807993660,원탁가라오케,주점,동천동,129.2232958,35.85651449,2.1,로컬상권
MA010120220814129868,제이제이갤러리카페펜션,비알코올 ,현곡면,129.1622341,35.90302425,1.2,로컬상권
MA010120220809114549,오류식당,한식,감포읍,129.5095008,35.82489936,4.5,로컬상권
MA010120220803401048,청기와소주클럽,주점,황오동,129.2099268,35.84221839,11.3,핫플레이스
MA010120220803785087,경주순수찰보리빵,기타 간이,황오동,129.2134269,35.84113576,11.3,핫플레이스
MA010120220808305744,북까페쉼,비알코올 ,동천동,129.2248041,35.85068385,2.1,로컬상권
MA010120220813840716,구내식당,구내식당·뷔페,외동읍,129.3395688,35.71516006,5.0,핫플레이스
MA010120220809130544,어실매운탕,한식,산내면,129.0449344,35.75715909,1.0,로컬상권
MA010120220809127214,낙동생오리,한식,용강동,129.2222301,35.86749987,1.6,로컬상권
MA010120220813076096,황남비빔밥,한식,황남동,129.2102529,35.8340309,10.7,핫플레이스
MA010120220811056396,경주천년한우외동셀프식당,한식,외동읍,129.3265128,35.70577218,5.0,핫플레이스
MA010120220810200953,불국시,기타 간이,불국동,129.3273835,35.78577617,6.1,핫플레이스
MA010120220811227360,뽕뜨락피자,기타 간이,안강읍,129.1963371,36.00318569,3.2,로컬상권
MA010120220812138025,동방생고기정육점식당,한식,외동읍,129.2951819,35.65909602,5.0,핫플레이스
MA010120220808833298,푸드콕,한식,천북면,129.2444338,35.91722033,3.4,로컬상권
MA010120220809949133,조아식당,한식,내남면,129.2043768,35.78040021,4.1,로컬상권
MA010120220806090321,투다리충효점,주점,선도동,129.1887823,35.84112784,2.0,로컬상권
MA010120220812204972,아지야,기타 간이,양남면,129.4749506,35.69649373,4.6,로컬상권
MA010120220812809714,장우동,일식,동천동,129.2309884,35.84862289,2.1,로컬상권
MA010120220803590491,명가숯불곰장어,한식,성건동,129.2070727,35.85542612,3.3,로컬상권
MA010120220805412840,비에이치씨용황점,기타 간이,용강동,129.2283175,35.88327235,1.6,로컬상권
MA010120220802861413,한솔기사식당,한식,외동읍,129.3233253,35.67130586,5.0,핫플레이스
MA010120220809130541,광바우식당,한식,산내면,129.0640736,35.65446824,1.0,로컬상권
MA010120220811553628,토담집,주점,황오동,129.2126673,35.84087945,11.3,핫플레이스
MA010120220807070489,미향분식,기타 간이,강동면,129.2857687,36.0062894,1.8,로컬상권
MA010120220810551819,포석정가요주점,주점,보덕동,129.2810993,35.84859164,12.9,핫플레이스
MA010120220809101551,총알반점,중식,선도동,129.184954,35.84235989,2.0,로컬상권
MA010120220811940564,이상복경주빵카페,기타 간이,황남동,129.2106523,35.83765476,10.7,핫플레이스
MA010120220809108850,아사달,비알코올 ,황오동,129.2099649,35.84638052,11.3,핫플레이스
MA010120220809108287,햇님식당,한식,황오동,129.2031324,35.83982929,11.3,핫플레이스
MA010120220804822739,크림,주점,동천동,129.2245197,35.85674412,2.1,로컬상권
MA010120220809114858,현대떡방앗간,기타 간이,서면,129.0471136,35.89503189,0.9,로컬상권
MA010120220814082217,뷰티박물관,비알코올 ,외동읍,129.3175492,35.77537008,5.0,핫플레이스
MA010120220809120044,경주숯불,한식,동천동,129.2231077,35.85334631,2.1,로컬상권
MA010120220809112602,수향생아구전문,한식,황오동,129.2041319,35.83955866,11.3,핫플레이스
MA010120220809125680,동호동해장국,한식,성건동,129.2046385,35.84386537,3.3,로컬상권
MA010120220809116006,모량숯불본가,한식,건천읍,129.1304906,35.82395642,7.6,핫플레이스
MA010120220809126000,동은회도매센타,한식,감포읍,129.4954199,35.79211733,4.5,로컬상권
MA010120220803189738,부성삼계탕,한식,안강읍,129.2273493,35.99085523,3.2,로컬상권
MA010120220804692233,문전성시,한식,불국동,129.3096053,35.7702249,6.1,핫플레이스
MA010120220808830270,전통찻집수인,비알코올 ,건천읍,129.0748559,35.86497365,7.6,핫플레이스
MA010120220809112317,김삿갓매운탕,한식,월성동,129.2295255,35.84025235,7.1,핫플레이스
MA010120220812527122,토함산한우국밥.갈비탕가마솥,한식,천북면,129.2694941,35.89645794,3.4,로컬상권
MA010120220809130146,대마홍탁,주점,동천동,129.2226848,35.85603924,2.1,로컬상권
MA010120220805445879,빵굽는사람,기타 간이,황오동,129.206485,35.83941634,11.3,핫플레이스
MA010120220803131397,참숯불막창,한식,동천동,129.2320443,35.8468102,2.1,로컬상권
MA010120220812849705,주스트윤,서양식,황오동,129.2129181,35.84552421,11.3,핫플레이스
MA010120220812860765,펄라이브,주점,안강읍,129.195033,36.00134444,3.2,로컬상권
MA010120220813321986,신구돌솥밥,한식,황오동,129.2101988,35.84404251,11.3,핫플레이스
MA010120220814324402,일구족발.보쌈,한식,황오동,129.2101804,35.84297961,11.3,핫플레이스
MA010120220809102076,돌담애,비알코올 ,황오동,129.2150276,35.84378236,11.3,핫플레이스
MA010120220809130163,부부돈가스,서양식,선도동,129.1843057,35.8433358,2.0,로컬상권
MA010120220809726953,딸기다방,비알코올 ,서면,129.0500716,35.89250348,0.9,로컬상권
MA010120220802835595,장뼈다구,한식,동천동,129.2247523,35.85674882,2.1,로컬상권
MA010120220812197359,경주밀면,한식,불국동,129.30305,35.77332409,6.1,핫플레이스
MA010120220800298245,파도회식당,한식,양남면,129.4690597,35.67954061,4.6,로컬상권
MA010120220813963670,등뼈감자탕.에그페이카카오경북총판,한식,용강동,129.2212826,35.86330054,1.6,로컬상권
MA010120220807416174,무진장,한식,외동읍,129.3257743,35.70848958,5.0,핫플레이스
MA010120220807211298,반올림피자경주점,기타 간이,성건동,129.2095654,35.85471352,3.3,로컬상권
MA010120220809803229,담다커피,비알코올 ,양남면,129.4247509,35.66993574,4.6,로컬상권
MA010120220808411202,우리베이커리,기타 간이,용강동,129.2257484,35.87930138,1.6,로컬상권
MA010120220809120903,전원식당,한식,불국동,129.3072517,35.81462792,6.1,핫플레이스
MA010120220812946237,동해바다,한식,안강읍,129.2280491,35.97592128,3.2,로컬상권
MA010120220810296047,동해회센타해원막썰어횟집,한식,동천동,129.2227019,35.85625517,2.1,로컬상권
MA010120220813869047,자연애참한밥상,한식,황성동,129.2242088,35.87967231,3.2,로컬상권
MA010120220809112368,강변굴국밥,한식,현곡면,129.2028895,35.86504498,1.2,로컬상권
MA010120220814149264,화야주막,한식,양남면,129.4013223,35.66890981,4.6,로컬상권
MA010120220804154917,마을식당,한식,보덕동,129.284818,35.83548304,12.9,핫플레이스
MA010120220809109291,서가네,기타 간이,동천동,129.2312554,35.84630225,2.1,로컬상권
MA010120220806802319,감찻집,비알코올 ,안강읍,129.2252962,35.98999233,3.2,로컬상권
MA010120220809268914,카카오더스토리,주점,동천동,129.2238841,35.85459339,2.1,로컬상권
MA010120220809120080,홍춘이갈비,한식,안강읍,129.2282625,35.99336113,3.2,로컬상권
MA010120220808746954,서울칡냉면,한식,동천동,129.2237569,35.85717272,2.1,로컬상권
MA010120220809125655,육병장경주,한식,성건동,129.2059357,35.85314034,3.3,로컬상권
MA010120220800060623,황오실비식당,한식,황오동,129.2153383,35.84182136,11.3,핫플레이스
MA010120220805499804,쉬는시간,기타 간이,황오동,129.2126493,35.84222233,11.3,핫플레이스
MA010120220809102013,명사마을,주점,황오동,129.2101887,35.84766489,11.3,핫플레이스
MA010120220811907081,대호당,일식,황오동,129.2163734,35.84282946,11.3,핫플레이스
MA010120220803278675,원할머니보쌈.족발&박가부대찌개경주,한식,현곡면,129.2034906,35.86676396,1.2,로컬상권
MA010120220813229823,가마실갈비탕,한식,황오동,129.2072897,35.84050083,11.3,핫플레이스
MA010120220808530261,천북한식부페,구내식당·뷔페,천북면,129.2683706,35.89589351,3.4,로컬상권
MA010120220811002082,풍어,한식,선도동,129.1801461,35.84500623,2.0,로컬상권
MA010120220809129698,갈비애용,한식,성건동,129.207085,35.85267771,3.3,로컬상권
MA010120220804530685,서당골가든,한식,현곡면,129.1608679,35.89065945,1.2,로컬상권
MA010120220810369115,새우치킨덤,기타 간이,불국동,129.298026,35.77701538,6.1,핫플레이스
MA010120220808444569,짜이,중식,동천동,129.223108,35.85652698,2.1,로컬상권
MA010120220809107553,입실회센타,한식,외동읍,129.3236056,35.71636152,5.0,핫플레이스
MA010120220803537899,장미실비단란주점,주점,황오동,129.2167313,35.84296702,11.3,핫플레이스
MA010120220811223476,하늘공원,주점,성건동,129.1910399,35.86163957,3.3,로컬상권
MA010120220808626412,설은재,비알코올 ,월성동,129.2578596,35.83184802,7.1,핫플레이스
MA010120220803179626,서앤김,기타 간이,용강동,129.2261291,35.88498888,1.6,로컬상권
MA010120220809121685,본죽,한식,안강읍,129.225279,35.99174964,3.2,로컬상권
MA010120220812797056,황금보리밥,한식,용강동,129.2250249,35.88035098,1.6,로컬상권
MA010120220809129841,시골밥상,한식,양남면,129.4629335,35.67388165,4.6,로컬상권
MA010120220801315650,정푸드,한식,성건동,129.2060778,35.85427305,3.3,로컬상권
MA010120220805188142,소문난대가어탕밀면,한식,외동읍,129.323598,35.67004814,5.0,핫플레이스
MA010120220807280506,유정쫄면,기타 간이,건천읍,129.1053294,35.84859358,7.6,핫플레이스
MA010120220808603435,둥지식당,한식,황오동,129.2162674,35.84498491,11.3,핫플레이스
MA010120220807042618,소담장어,한식,선도동,129.1855567,35.84254716,2.0,로컬상권
MA010120220814203663,오가정가마솥삼계탕,한식,동천동,129.2272006,35.85682958,2.1,로컬상권
MA010120220809589314,오꾸닭,기타 간이,안강읍,129.2177308,35.99301576,3.2,로컬상권
MA010120220805684556,베니스,주점,건천읍,129.1035173,35.84954441,7.6,핫플레이스
MA010120220804600387,의령식당,한식,외동읍,129.3080095,35.67897112,5.0,핫플레이스
MA010120220809813617,마시그래이경주동천동,비알코올 ,동천동,129.2291512,35.8482245,2.1,로컬상권
MA010120220813992046,올바릇식당,한식,보덕동,129.2802084,35.84723899,12.9,핫플레이스
MA010120220812452524,대패92,한식,황성동,129.2107811,35.86461162,3.2,로컬상권
MA010120220806909687,우리다방,비알코올 ,안강읍,129.2282546,35.99308196,3.2,로컬상권
MA010120220813175442,행복떡집,기타 간이,외동읍,129.329129,35.71177654,5.0,핫플레이스
MA010120220809129474,정화,한식,황성동,129.2107811,35.86461162,3.2,로컬상권
MA010120220803158808,현대휴게소신옛날통닭,기타 간이,외동읍,129.2716096,35.71048874,5.0,핫플레이스
MA010120220810368073,양경승숯불갈비,한식,용강동,129.2248719,35.86261237,1.6,로컬상권
MA010120220808419563,탑솜사탕,기타 간이,보덕동,129.293309,35.84484511,12.9,핫플레이스
MA010120220813577244,병천순대,한식,양남면,129.4712925,35.69821777,4.6,로컬상권
MA010120220809110434,귀하한정식,한식,용강동,129.2236167,35.86126604,1.6,로컬상권
MA010120220805007986,토함한우,한식,용강동,129.2249293,35.86307985,1.6,로컬상권
MA010120220803128737,탁,비알코올 ,성건동,129.2091319,35.85026132,3.3,로컬상권
MA010120220806417066,치킨그라운드,비알코올 ,동천동,129.2276621,35.85156796,2.1,로컬상권
MA010120220808721674,춘자7080,주점,동천동,129.2239351,35.85483573,2.1,로컬상권
MA010120220809115120,단지뚜껑,한식,황성동,129.2163621,35.86269765,3.2,로컬상권
MA010120220807070111,소풍,기타 간이,불국동,129.328944,35.78506116,6.1,핫플레이스
MA010120220811525989,청룡폭포한우,한식,산내면,129.0442954,35.75853961,1.0,로컬상권
MA010120220804375882,광동성,중식,황남동,129.1746482,35.81509181,10.7,핫플레이스
MA010120220804849766,길상회식당,한식,감포읍,129.4860074,35.74733462,4.5,로컬상권
MA010120220814090525,밀양돼지국밥,한식,황성동,129.2185192,35.86979406,3.2,로컬상권
MA010120220809230407,충남빵집,기타 간이,안강읍,129.2217127,35.99030205,3.2,로컬상권
MA010120220809101048,예전,비알코올 ,천북면,129.2728572,35.86884088,3.4,로컬상권
MA010120220802912857,파라다이스단란주점,주점,건천읍,129.1006404,35.8525052,7.6,핫플레이스
MA010120220809101227,우리소생고기,한식,황성동,129.2111992,35.86691059,3.2,로컬상권
MA010120220809303625,황남추억의국화빵,기타 간이,황남동,129.2095672,35.83443997,10.7,핫플레이스
MA010120220809954441,수협,한식,감포읍,129.5049922,35.80922618,4.5,로컬상권
MA010120220809111111,보릿돌횟집,한식,양남면,129.4751389,35.69686828,4.6,로컬상권
MA010120220805958160,반야,주점,동천동,129.2270784,35.85641737,2.1,로컬상권
MA010120220809104660,연탄길,한식,용강동,129.2305415,35.87611286,1.6,로컬상권
MA010120220811513928,굿모닝푸드캐더링,한식,외동읍,129.2934313,35.70555143,5.0,핫플레이스
MA010120220808454692,파리바게트불국사농협하나로점,기타 간이,불국동,129.2989073,35.77536765,6.1,핫플레이스
MA010120220802785465,라비앙로즈,비알코올 ,보덕동,129.2601305,35.85962027,12.9,핫플레이스
MA010120220810222424,커피맘,비알코올 ,외동읍,129.3143133,35.77359432,5.0,핫플레이스
MA010120220811874041,게이트99,기타 간이,동천동,129.225574,35.85803109,2.1,로컬상권
MA010120220809115747,하얀집,한식,산내면,129.0642694,35.65435675,1.0,로컬상권
MA010120220809116639,낙원떡집,기타 간이,황오동,129.2161378,35.84589735,11.3,핫플레이스
MA010120220809121532,화랑각,중식,강동면,129.2516337,36.0541124,1.8,로컬상권
MA010120220809125057,옥이횟집,한식,양남면,129.456898,35.66683295,4.6,로컬상권
MA010120220804324862,소문난돼지국밥,한식,안강읍,129.1466048,35.98156046,3.2,로컬상권
MA010120220811804258,로얄빅토리아,비알코올 ,용강동,129.2319186,35.87626748,1.6,로컬상권
MA010120220802922605,김공룡밥통예원,한식,안강읍,129.1524469,35.98726744,3.2,로컬상권
MA010120220809131345,의곡숯불,한식,황남동,129.2064433,35.83711043,10.7,핫플레이스
MA010120220813553416,신라제면,주점,황남동,129.212384,35.83506391,10.7,핫플레이스
MA010120220810116590,프레시런,기타 간이,황성동,129.2157921,35.86329385,3.2,로컬상권
MA010120220809103883,무량식당매점,한식,문무대왕면,129.4052798,35.83353672,2.4,로컬상권
MA010120220808216809,아재셀프식당,한식,용강동,129.227318,35.88316475,1.6,로컬상권
MA010120220805715734,세미단팥빵,기타 간이,용강동,129.2236125,35.86269877,1.6,로컬상권
MA010120220809112950,돈덩어리,한식,동천동,129.2236613,35.85652574,2.1,로컬상권
MA010120220812531731,아르떼,비알코올 ,황남동,129.212491,35.83533225,10.7,핫플레이스
MA010120220803371999,오늘숯불뒷고기,한식,황오동,129.2212059,35.84151477,11.3,핫플레이스
MA010120220808726143,네네치킨금장점,기타 간이,현곡면,129.2065503,35.87251049,1.2,로컬상권
MA010120220812258502,보배숯불갈비,한식,건천읍,129.1041216,35.84979513,7.6,핫플레이스
MA010120220809109630,아사가차관,비알코올 ,보덕동,129.2770379,35.83350434,12.9,핫플레이스
MA010120220801051232,유원민속촌,한식,황성동,129.2118747,35.86452841,3.2,로컬상권
MA010120220800523036,이승윤알통떡강정,기타 간이,용강동,129.2297463,35.87657815,1.6,로컬상권
MA010120220809111428,화롯불,주점,동천동,129.2233229,35.85471191,2.1,로컬상권
MA010120220809127981,무보까국밥,한식,강동면,129.2767801,35.98948536,1.8,로컬상권
MA010120220803118410,박가네오리랑삼겹살,한식,동천동,129.23307,35.84707947,2.1,로컬상권
MA010120220807058982,현대공단식당엄마손맛,한식,외동읍,129.3185048,35.70199825,5.0,핫플레이스
MA010120220807099398,더빈스커피,비알코올 ,외동읍,129.3259253,35.71596528,5.0,핫플레이스
MA010120220813685399,백석시골추어탕,기타 간이,성건동,129.2103101,35.8544295,3.3,로컬상권
MA010120220800463582,38선넘은짱닭,한식,안강읍,129.1960128,36.00148869,3.2,로컬상권
MA010120220805985755,삐삐의하루,기타 간이,황성동,129.2140015,35.86895838,3.2,로컬상권
MA010120220806586144,다온라온,비알코올 ,동천동,129.2194018,35.85381131,2.1,로컬상권
MA010120220809130423,언덕의집,한식,양남면,129.4732783,35.69241951,4.6,로컬상권
MA010120220809104286,페리카나치킨금장점,기타 간이,현곡면,129.2044592,35.86896275,1.2,로컬상권
MA010120220809160277,오리맛고을,한식,안강읍,129.2191331,35.99241317,3.2,로컬상권
MA010120220809124066,크레숑,서양식,성건동,129.2071403,35.85427154,3.3,로컬상권
MA010120220809114781,타이타닉,주점,보덕동,129.2802084,35.84723899,12.9,핫플레이스
MA010120220808484593,대명막썰어횟집,한식,용강동,129.2240962,35.86020294,1.6,로컬상권
MA010120220805504036,커피샵,비알코올 ,황성동,129.2192497,35.87177186,3.2,로컬상권
MA010120220812778217,감포새시장떡집,기타 간이,감포읍,129.502011,35.80410761,4.5,로컬상권
MA010120220803015998,도미노피자경주점,기타 간이,성건동,129.2066045,35.8529118,3.3,로컬상권
MA010120220812055864,아워홈라한호텔경주점,구내식당·뷔페,보덕동,129.2771869,35.85032378,12.9,핫플레이스
MA010120220806491239,고래밥,한식,동천동,129.222771,35.85556009,2.1,로컬상권
MA010120220805096840,김복희왕대구뽈찜,한식,강동면,129.2826086,35.96244325,1.8,로컬상권
MA010120220813049503,하누미,한식,외동읍,129.3117676,35.6790882,5.0,핫플레이스
MA010120220812639287,대박뒷고기,한식,감포읍,129.5025149,35.80747583,4.5,로컬상권
MA010120220809101550,강남숯불식당,한식,황오동,129.2163843,35.84163087,11.3,핫플레이스
MA010120220808413102,과일한입,비알코올 ,황남동,129.2096797,35.83929454,10.7,핫플레이스
MA010120220806760430,사랑꽃국수,기타 간이,동천동,129.2291161,35.84934244,2.1,로컬상권
MA010120220813681670,보문초밥,일식,황성동,129.213944,35.86808543,3.2,로컬상권
MA010120220809107055,산드레,한식,불국동,129.3062774,35.80962789,6.1,핫플레이스
MA010120220806792048,동양커피숍,비알코올 ,강동면,129.274054,35.98759991,1.8,로컬상권
MA010120220808405964,타이짬뽕,중식,강동면,129.2767801,35.98948536,1.8,로컬상권
MA010120220808314055,등뼈건천점,한식,건천읍,129.1057139,35.85057819,7.6,핫플레이스
MA010120220809121791,거래처식당,한식,동천동,129.2226848,35.85603924,2.1,로컬상권
MA010120220804890639,개미성노래단란주점,주점,서면,129.0506723,35.89261036,0.9,로컬상권
MA010120220800897123,도란도란,한식,천북면,129.2933929,35.9268186,3.4,로컬상권
MA010120220812308288,할매식당,한식,성건동,129.2067435,35.84395286,3.3,로컬상권
MA010120220813089824,더나이스픽,서양식,황성동,129.2116776,35.86619897,3.2,로컬상권
MA010120220806680614,쿠마카롱,기타 간이,성건동,129.2066087,35.84308132,3.3,로컬상권
MA010120220813444410,여우비,비알코올 ,황남동,129.2124251,35.83574795,10.7,핫플레이스
MA010120220809114229,한성한식,한식,외동읍,129.2965613,35.65945716,5.0,핫플레이스
MA010120220809108200,파리바게트,기타 간이,성건동,129.2063144,35.8552238,3.3,로컬상권
MA010120220803155648,비너스가요주점,주점,보덕동,129.2863675,35.8439773,12.9,핫플레이스
MA010120220809111050,펑유,중식,성건동,129.2072864,35.85395349,3.3,로컬상권
MA010120220814329424,시골밥상,한식,서면,129.0533848,35.8913025,0.9,로컬상권
MA010120220809115963,안강할매고디탕,한식,안강읍,129.1401069,35.98027097,3.2,로컬상권
MA010120220809296187,고향분식,기타 간이,건천읍,129.1053294,35.84859358,7.6,핫플레이스
MA010120220809106574,대림분식,기타 간이,황오동,129.2206541,35.84236294,11.3,핫플레이스
MA010120220806775230,동원홈푸드피엘에스점,구내식당·뷔페,외동읍,129.3176657,35.67606438,5.0,핫플레이스
MA010120220811942943,해마루돈,한식,황성동,129.2119139,35.86833008,3.2,로컬상권
MA010120220809109558,사브리나,비알코올 ,용강동,129.2238882,35.8610808,1.6,로컬상권
MA010120220809112599,소문난막걸리,주점,성건동,129.214073,35.85203549,3.3,로컬상권
MA010120220809113879,승진식당,한식,안강읍,129.2250222,35.99010554,3.2,로컬상권
MA010120220809650260,치킨도시,기타 간이,용강동,129.2234676,35.86147604,1.6,로컬상권
MA010120220809119206,옛날중국집,중식,황오동,129.2155299,35.84632305,11.3,핫플레이스
MA010120220806657503,와타시와,주점,황성동,129.2141387,35.8675232,3.2,로컬상권
MA010120220811733050,다온꼬마김밥,기타 간이,선도동,129.1875863,35.84150103,2.0,로컬상권
MA010120220812251596,대성분식,기타 간이,문무대왕면,129.4412131,35.79041062,2.4,로컬상권
MA010120220811016323,차이짬뽕,중식,외동읍,129.3136214,35.68591854,5.0,핫플레이스
MA010120220804126489,강릉교동짬뽕,중식,동천동,129.2237755,35.85704623,2.1,로컬상권
MA010120220809117007,굴따리막걸리,주점,용강동,129.224858,35.88269677,1.6,로컬상권
MA010120220808667151,경화식당,한식,황오동,129.2145263,35.85241459,11.3,핫플레이스
MA010120220808743870,팔팔다방,비알코올 ,감포읍,129.5024068,35.80579323,4.5,로컬상권
MA010120220811134972,달달메모리,기타 간이,황오동,129.2099912,35.84692967,11.3,핫플레이스
MA010120220813678565,김가네왕호떡,기타 간이,황오동,129.2071387,35.84942396,11.3,핫플레이스
MA010120220812645026,쿠마키친경주점,일식,황성동,129.2142489,35.87267512,3.2,로컬상권
MA010120220813863729,싱싱해물짬뽕마을&얼음골밀면,중식,용강동,129.2254839,35.88132461,1.6,로컬상권
MA010120220809115353,비비큐치킨충효점,기타 간이,선도동,129.1822847,35.84348968,2.0,로컬상권
MA010120220809108217,대현혼례원,기타 간이,황오동,129.2163118,35.84538956,11.3,핫플레이스
MA010120220806537890,참숯오리구이,한식,외동읍,129.3255776,35.71540435,5.0,핫플레이스
MA010120220809115172,청솔가든,한식,감포읍,129.4613841,35.78970184,4.5,로컬상권
MA010120220807883812,도검초밥,일식,용강동,129.229135,35.88399602,1.6,로컬상권
MA010120220800635871,청산숯불갈비식당,한식,강동면,129.2917608,35.96619715,1.8,로컬상권
MA010120220809129634,커피나뜨래충효2,비알코올 ,선도동,129.1888694,35.84188313,2.0,로컬상권
MA010120220809118376,울산식당,한식,불국동,129.328944,35.78506116,6.1,핫플레이스
MA010120220809155224,조은집,한식,천북면,129.2886656,35.92000705,3.4,로컬상권
MA010120220805441906,소소,비알코올 ,성건동,129.2063794,35.85597048,3.3,로컬상권
MA010120220809975088,배터지는생동까스,서양식,황오동,129.2154801,35.84373797,11.3,핫플레이스
MA010120220809128342,꼬마루1박2일,기타 간이,안강읍,129.2256079,35.9916174,3.2,로컬상권
MA010120220810461715,금메달막창,한식,안강읍,129.2139737,35.99108492,3.2,로컬상권
MA010120220808406792,마라향,중식,성건동,129.205101,35.8557687,3.3,로컬상권
MA010120220813087747,황남만두,기타 간이,황남동,129.2120468,35.83567382,10.7,핫플레이스
MA010120220809127192,월성경주빵찰보리빵,기타 간이,월성동,129.2199708,35.83650978,7.1,핫플레이스
MA010120220813122680,돼장간,한식,양남면,129.4714607,35.70116062,4.6,로컬상권
MA010120220809113457,금오정,한식,동천동,129.2257734,35.8544773,2.1,로컬상권
MA010120220808347231,메가엠지씨커피경주,비알코올 ,황성동,129.2136099,35.86482982,3.2,로컬상권
MA010120220809006585,엔와이에스,비알코올 ,양남면,129.4648155,35.66901368,4.6,로컬상권
MA010120220811284842,함지박한정식,한식,안강읍,129.2263243,35.99225283,3.2,로컬상권
MA010120220809122263,관광식당,한식,황남동,129.2033315,35.81702011,10.7,핫플레이스
MA010120220808385996,경주떡방앗간,기타 간이,불국동,129.3273835,35.78577617,6.1,핫플레이스
MA010120220805510350,영천가마솥돼지국밥,한식,양남면,129.4634226,35.67434918,4.6,로컬상권
MA010120220812371169,은다방,비알코올 ,건천읍,129.1046868,35.84940678,7.6,핫플레이스
MA010120220809103572,지중해,서양식,감포읍,129.4960391,35.77196725,4.5,로컬상권
MA010120220809126142,죠스떡볶이,기타 간이,황성동,129.2147157,35.86558433,3.2,로컬상권
MA010120220809128792,금복추어탕,한식,건천읍,129.1159156,35.83631529,7.6,핫플레이스
MA010120220803640080,별미참식당,한식,선도동,129.1765205,35.84516209,2.0,로컬상권
MA010120220806624506,함양집,한식,보덕동,129.2622281,35.85203011,12.9,핫플레이스
MA010120220809121740,경주보리명가,기타 간이,황오동,129.2153645,35.84117213,11.3,핫플레이스
MA010120220809122258,대신전복삼계탕,한식,용강동,129.2236125,35.86269877,1.6,로컬상권
MA010120220806386960,그여행용황점,기타 간이,용강동,129.2261291,35.88498888,1.6,로컬상권
MA010120220806355737,동천카페동행,비알코올 ,동천동,129.2302124,35.8497636,2.1,로컬상권
MA010120220809742169,소리바다,비알코올 ,황오동,129.2112875,35.84220236,11.3,핫플레이스
MA010120220809118236,감포일출복어,한식,황오동,129.2091434,35.84748589,11.3,핫플레이스
MA010120220812396174,할타보카경주점,기타 간이,황오동,129.2118196,35.84143568,11.3,핫플레이스
MA010120220809127183,하바나,비알코올 ,황오동,129.213451,35.84399163,11.3,핫플레이스
MA010120220809110024,성미한정식,한식,외동읍,129.3222929,35.67111854,5.0,핫플레이스
MA010120220802781638,카페왕릉,비알코올 ,문무대왕면,129.4830692,35.73956564,2.4,로컬상권
MA010120220803015979,제이엔제이,기타 간이,보덕동,129.2909001,35.83958401,12.9,핫플레이스
MA010120220814270945,파타스리원,기타 간이,황오동,129.2099949,35.84746122,11.3,핫플레이스
MA010120220814035688,튜울립,비알코올 ,황오동,129.2103267,35.84267057,11.3,핫플레이스
MA010120220809106558,밀면,한식,황오동,129.2163843,35.84163087,11.3,핫플레이스
MA010120220809116291,구룡포횟집막썰어회,한식,선도동,129.178981,35.84448675,2.0,로컬상권
MA010120220811077163,꽃다방,비알코올 ,문무대왕면,129.4418418,35.79288462,2.4,로컬상권
MA010120220809119074,하정분식,기타 간이,선도동,129.180051,35.84476468,2.0,로컬상권
MA010120220809114095,이가가야밀면,한식,월성동,129.2689874,35.79520041,7.1,핫플레이스
MA010120220809111424,투투왕족발,한식,현곡면,129.2030824,35.86801489,1.2,로컬상권
MA010120220809124731,부둑골식당,한식,용강동,129.2279688,35.86133855,1.6,로컬상권
MA010120220809130851,창보민물장어숯불구이,한식,동천동,129.2256085,35.85926488,2.1,로컬상권
MA010120220809115479,가얏골감자탕,한식,성건동,129.2056476,35.85312761,3.3,로컬상권
MA010120220810482705,충효막걸리,주점,선도동,129.1821961,35.84429322,2.0,로컬상권
MA010120220813481827,지나의하루,비알코올 ,외동읍,129.3303305,35.71471768,5.0,핫플레이스
MA010120220806977927,홍대불닭,한식,강동면,129.2857687,36.0062894,1.8,로컬상권
MA010120220805538426,대관령석쇠불고기,한식,양남면,129.4709126,35.70129802,4.6,로컬상권
MA010120220805860983,커피가술술,주점,황성동,129.219075,35.86987389,3.2,로컬상권
MA010120220809100691,유명찰보리빵,기타 간이,월성동,129.2206827,35.83624433,7.1,핫플레이스
MA010120220809108626,대진기사식당,한식,건천읍,129.0862098,35.83991651,7.6,핫플레이스
MA010120220806542764,쉼터다방,비알코올 ,안강읍,129.2247299,35.99312038,3.2,로컬상권
MA010120220804288040,인좌골목향원,한식,강동면,129.2622228,35.99529312,1.8,로컬상권
MA010120220807142505,회할인마트,한식,안강읍,129.2230219,35.99112475,3.2,로컬상권
MA010120220812019583,씨앤비빌리지,기타 간이,황오동,129.215273,35.8470306,11.3,핫플레이스
MA010120220810131298,엄마손고디탕,한식,성건동,129.2067435,35.84395286,3.3,로컬상권
MA010120220807386567,밀양가마솥돼지국밥,한식,용강동,129.2254727,35.87775671,1.6,로컬상권
MA010120220809122579,따띠아나,한식,성건동,129.2060003,35.85547286,3.3,로컬상권
MA010120220809120073,한광숯불구이,한식,현곡면,129.2019169,35.86709918,1.2,로컬상권
MA010120220805001286,멍때리는정원카페,비알코올 ,용강동,129.2307498,35.8847229,1.6,로컬상권
MA010120220809127068,갈매기회식당,한식,감포읍,129.5095778,35.80731949,4.5,로컬상권
MA010120220800838640,카페153,비알코올 ,선도동,129.1644698,35.8358377,2.0,로컬상권
MA010120220814288660,오뎅포차,주점,동천동,129.2228,35.85540638,2.1,로컬상권
MA010120220809102048,현대떡집,기타 간이,황성동,129.2134328,35.865626,3.2,로컬상권
MA010120220813395320,황자식당,동남아시아,외동읍,129.3251989,35.71415923,5.0,핫플레이스
MA010120220809125730,아리랑전통칼국수,한식,동천동,129.2280959,35.85638949,2.1,로컬상권
MA010120220809120158,초심,한식,성건동,129.2070278,35.854607,3.3,로컬상권
MA010120220809670012,해;그리고달,한식,동천동,129.2261995,35.85269435,2.1,로컬상권
MA010120220803149068,위켄드커먼,주점,황오동,129.2176698,35.84169724,11.3,핫플레이스
MA010120220813963890,경주경춘재,한식,불국동,129.3267638,35.78689644,6.1,핫플레이스
MA010120220805175343,태영,한식,선도동,129.1685986,35.84929704,2.0,로컬상권
MA010120220806954291,청풍식당,한식,외동읍,129.3149381,35.75739071,5.0,핫플레이스
MA010120220806902566,아리수경주호텔ATWOSOMEPLACE,비알코올 ,불국동,129.3247496,35.78152924,6.1,핫플레이스
MA010120220805464009,소소분식,기타 간이,안강읍,129.226108,35.99086927,3.2,로컬상권
MA010120220808003202,부산아지매국밥,한식,성건동,129.2066792,35.84881969,3.3,로컬상권
MA010120220814149775,꽐라,한식,동천동,129.2228,35.85540638,2.1,로컬상권
MA010120220809128544,공화춘,중식,산내면,129.0443124,35.75747603,1.0,로컬상권
MA010120220813423830,옛날불고기,한식,감포읍,129.5095694,35.82567277,4.5,로컬상권
MA010120220809678621,어마무시,기타 간이,월성동,129.2217539,35.83934213,7.1,핫플레이스
MA010120220807163229,황남쫀드기대릉원점,기타 간이,황남동,129.2147596,35.83493904,10.7,핫플레이스
MA010120220801141227,무위산방,비알코올 ,내남면,129.2051647,35.78089936,4.1,로컬상권
MA010120220809146026,청운,기타 간이,안강읍,129.2238867,35.99073029,3.2,로컬상권
MA010120220809112727,일번지막창,한식,동천동,129.2231369,35.85676972,2.1,로컬상권
MA010120220809121449,돌쇠네,한식,외동읍,129.2711735,35.71108265,5.0,핫플레이스
MA010120220809800854,우리식당,한식,양남면,129.376997,35.67933112,4.6,로컬상권
MA010120220809615953,경주천년소마루/통뼈감자탕,한식,동천동,129.2291286,35.84663008,2.1,로컬상권
MA010120220811018717,장터국밥,한식,문무대왕면,129.4412131,35.79041062,2.4,로컬상권
MA010120220809123160,시골맛집,한식,천북면,129.2661825,35.89682686,3.4,로컬상권
MA010120220811075462,카페야생화일기,비알코올 ,강동면,129.2833005,35.96222284,1.8,로컬상권
MA010120220805221447,경주어보,한식,황남동,129.2146879,35.8351476,10.7,핫플레이스
MA010120220809125527,롯데리아경주점,기타 간이,황오동,129.211877,35.84429995,11.3,핫플레이스
MA010120220805806714,경주김씨붓,일식,황오동,129.2130778,35.84290824,11.3,핫플레이스
MA010120220812599695,부산다방,비알코올 ,안강읍,129.2281039,35.9912737,3.2,로컬상권
MA010120220809107366,향미분식,기타 간이,황오동,129.2058874,35.83981476,11.3,핫플레이스
MA010120220803153486,여우비노래방유흥주점,주점,황오동,129.2030648,35.8417858,11.3,핫플레이스
MA010120220809104441,경춘반점,중식,황오동,129.2030168,35.8396512,11.3,핫플레이스
MA010120220806928839,부벳비스트로2,기타 간이,황오동,129.2071653,35.84679241,11.3,핫플레이스
MA010120220804429037,한돈단불뒷고기,한식,황오동,129.2033644,35.83981602,11.3,핫플레이스
MA010120220812315926,놀숲경주점,비알코올 ,황오동,129.2124741,35.84189217,11.3,핫플레이스
MA010120220814271996,온도,한식,황오동,129.2107669,35.84218491,11.3,핫플레이스
MA010120220809126839,치킨그릴드1987,기타 간이,선도동,129.1875164,35.84258357,2.0,로컬상권
MA010120220809125552,경주바람곳식당,한식,황오동,129.2160072,35.84199824,11.3,핫플레이스
MA010120220809116001,물방아감자탕,한식,성건동,129.2076482,35.8550281,3.3,로컬상권
MA010120220809136446,동명식당,한식,황오동,129.2044775,35.83965143,11.3,핫플레이스
MA010120220810447164,참뼈용황점,한식,용강동,129.2252667,35.88266217,1.6,로컬상권
MA010120220803234699,썬더치킨,기타 간이,불국동,129.3058484,35.77221623,6.1,핫플레이스
MA010120220812551891,에스커피숍(coffeeshop),비알코올 ,황오동,129.2029855,35.83931838,11.3,핫플레이스
MA010120220809102080,죽이야기경주,한식,황오동,129.2130522,35.84477388,11.3,핫플레이스
MA010120220805242125,로벤피스,비알코올 ,황오동,129.2105776,35.84413465,11.3,핫플레이스
MA010120220810224153,한우리가든,한식,월성동,129.2587389,35.84490553,7.1,핫플레이스
MA010120220807992699,동천포차,주점,동천동,129.2233433,35.85504491,2.1,로컬상권
MA010120220812892990,오라짬뽕,중식,외동읍,129.3252064,35.68133418,5.0,핫플레이스
MA010120220813295050,선어회식당,한식,동천동,129.2342393,35.84457986,2.1,로컬상권
MA010120220809121547,돌핀레스토랑,기타 간이,성건동,129.2124054,35.85415665,3.3,로컬상권
MA010120220803539351,지성이해물찜경주점,한식,황성동,129.2209922,35.88342611,3.2,로컬상권
MA010120220809195073,단금이식당,한식,황오동,129.2164621,35.84562105,11.3,핫플레이스
MA010120220805330677,지붕위에파닭,기타 간이,건천읍,129.1038154,35.84993566,7.6,핫플레이스
MA010120220806601459,창신삼거리식당,한식,동천동,129.2326849,35.84755517,2.1,로컬상권
MA010120220809133932,풍원숯불갈비,한식,안강읍,129.1394701,35.98091305,3.2,로컬상권
MA010120220809128065,황소뭉티기,한식,동천동,129.223113,35.85710355,2.1,로컬상권
MA010120220809103311,단석가찰보리빵,기타 간이,황오동,129.2156888,35.84129229,11.3,핫플레이스
MA010120220809548351,무궁화막걸리,주점,황오동,129.2158046,35.84704782,11.3,핫플레이스
MA010120220809126805,보성식당,한식,불국동,129.3011227,35.77550547,6.1,핫플레이스
MA010120220813161025,Cheers치어스,주점,건천읍,129.1054381,35.84935757,7.6,핫플레이스
MA010120220809131437,덕천숯불갈비,한식,내남면,129.1753269,35.7462656,4.1,로컬상권
MA010120220813839311,제일칼국수,한식,내남면,129.2067457,35.74888287,4.1,로컬상권
MA010120220808436305,강산원조밀면,한식,양남면,129.4700603,35.70052264,4.6,로컬상권
MA010120220803327681,중하짬뽕,중식,감포읍,129.5022019,35.808077,4.5,로컬상권
MA010120220809055637,교동석등있는집,비알코올 ,월성동,129.2158793,35.82984551,7.1,핫플레이스
MA010120220808978852,명륜진사갈비경주용황점,한식,황성동,129.2236926,35.88259222,3.2,로컬상권
MA010120220813723482,인터폴커피,비알코올 ,선도동,129.1784104,35.84345188,2.0,로컬상권
MA010120220809119498,장충동왕족발보쌈,한식,성건동,129.209922,35.85240929,3.3,로컬상권
MA010120220804435180,연연양꼬치,중식,성건동,129.2064909,35.85520254,3.3,로컬상권
MA010120220809128171,행복한집키친,비알코올 ,황남동,129.2093189,35.82708299,10.7,핫플레이스
MA010120220804729120,신라갈비,한식,문무대왕면,129.4412131,35.79041062,2.4,로컬상권
MA010120220805831293,삼손짜장,중식,보덕동,129.2857327,35.83458263,12.9,핫플레이스
MA010120220811843534,맛있는물회,한식,동천동,129.2199322,35.85655869,2.1,로컬상권
MA010120220805031622,카페호누,비알코올 ,황성동,129.2179901,35.87066883,3.2,로컬상권
MA010120220809106382,구어조은닭,기타 간이,외동읍,129.3192627,35.67934945,5.0,핫플레이스
MA010120220804322698,아화반점,중식,서면,129.0546831,35.89954307,0.9,로컬상권
MA010120220806532294,마법의숲,기타 간이,강동면,129.2643192,35.98795533,1.8,로컬상권
MA010120220805529065,스텔라,한식,동천동,129.2246295,35.85314693,2.1,로컬상권
MA010120220808839724,북경쟁반짜장,중식,내남면,129.2027316,35.72315011,4.1,로컬상권
MA010120220805421459,우마왕,한식,월성동,129.2542426,35.84283652,7.1,핫플레이스
MA010120220803103465,제이더블유푸드,기타 간이,황오동,129.2163346,35.85057914,11.3,핫플레이스
MA010120220809129998,용주24시가마솥해장국,한식,안강읍,129.2221532,35.99098768,3.2,로컬상권
MA010120220806827821,스위피,비알코올 ,황남동,129.2118517,35.83462319,10.7,핫플레이스
MA010120220809128876,월지향,한식,황오동,129.2231629,35.84224445,11.3,핫플레이스
MA010120220804691690,우리동네,한식,동천동,129.2251996,35.85295616,2.1,로컬상권
MA010120220800912465,미드나이트,비알코올 ,황성동,129.214476,35.86612036,3.2,로컬상권
MA010120220804791609,엘림,한식,불국동,129.3123473,35.79465324,6.1,핫플레이스
MA010120220813497577,모아창타이,동남아시아,외동읍,129.3192631,35.67860158,5.0,핫플레이스
MA010120220809114090,형제식당,한식,산내면,129.037344,35.75472885,1.0,로컬상권
MA010120220807397974,황제코다리보문점,한식,보덕동,129.2654143,35.85315041,12.9,핫플레이스
MA010120220804471317,러시아빵집,기타 간이,성건동,129.2055946,35.85521,3.3,로컬상권
MA010120220809107871,팔조리맷돌순두부,한식,선도동,129.1809597,35.84400031,2.0,로컬상권
MA010120220814230571,꼬들갈매기,한식,황성동,129.2096127,35.86598469,3.2,로컬상권
MA010120220806767997,명륜진사갈비,한식,성건동,129.202821,35.85617096,3.3,로컬상권
MA010120220812589926,영천돼지국밥,한식,문무대왕면,129.4361686,35.7979553,2.4,로컬상권
MA010120220810184004,화천식당,한식,건천읍,129.1057586,35.84850496,7.6,핫플레이스
MA010120220808586585,수정찻집,비알코올 ,건천읍,129.1062279,35.85034391,7.6,핫플레이스
MA010120220813090544,신왕성떡집,기타 간이,황오동,129.2165334,35.84460156,11.3,핫플레이스
MA010120220809125791,산동반점,중식,천북면,129.2693418,35.89577604,3.4,로컬상권
MA010120220809113650,새동산식당,한식,천북면,129.2754658,35.90197629,3.4,로컬상권
MA010120220809131458,신계식당,한식,외동읍,129.3245712,35.76818842,5.0,핫플레이스
MA010120220808577593,1리터맥스,비알코올 ,황성동,129.2158931,35.87129323,3.2,로컬상권
MA010120220804603793,구내기숙사식당,구내식당·뷔페,월성동,129.2597757,35.81045739,7.1,핫플레이스
MA010120220807030774,구릉,비알코올 ,보덕동,129.264914,35.8526823,12.9,핫플레이스
MA010120220805387852,우방명동떡뽁이,기타 간이,동천동,129.2261513,35.8596783,2.1,로컬상권
MA010120220812661786,컴포즈커피경주,비알코올 ,황성동,129.2181173,35.88078515,3.2,로컬상권
MA010120220809130715,요남자경북경주점,서양식,황오동,129.2237064,35.84625304,11.3,핫플레이스
MA010120220802588939,대호네떡집,기타 간이,서면,129.0510587,35.89299122,0.9,로컬상권
MA010120220812262643,한그릇뚝딱,한식,외동읍,129.3194812,35.67850727,5.0,핫플레이스
MA010120220804373884,소금쟁이,한식,양남면,129.4717781,35.6999918,4.6,로컬상권
MA010120220806747448,은정다방,비알코올 ,문무대왕면,129.4426166,35.79182371,2.4,로컬상권
MA010120220809126390,지텍,구내식당·뷔페,외동읍,129.3176135,35.67158719,5.0,핫플레이스
MA010120220809124189,김선희손칼국수,한식,양남면,129.4609578,35.6767873,4.6,로컬상권
MA010120220803364855,포레스트,비알코올 ,산내면,129.0665708,35.64855024,1.0,로컬상권
MA010120220809108478,향림매운탕,한식,보덕동,129.2783094,35.83308377,12.9,핫플레이스
MA010120220804819245,이디야경주성동,비알코올 ,황오동,129.2170255,35.84637654,11.3,핫플레이스
MA010120220809113321,슈만과클라라,비알코올 ,성건동,129.2031705,35.85360558,3.3,로컬상권
MA010120220809112290,경주초장식당,기타 간이,동천동,129.2227019,35.85625517,2.1,로컬상권
MA010120220814028164,녹원식당,한식,내남면,129.2213693,35.76597691,4.1,로컬상권
MA010120220806500686,그집,한식,외동읍,129.3192431,35.67867405,5.0,핫플레이스
MA010120220803927843,가마치통닭,기타 간이,용강동,129.2307765,35.87699151,1.6,로컬상권
MA010120220809116329,투다리,주점,동천동,129.2323353,35.84771484,2.1,로컬상권
MA010120220805298322,청송식당,한식,현곡면,129.2017186,35.86753532,1.2,로컬상권
MA010120220809122517,호식이두마리치킨,기타 간이,불국동,129.3007593,35.77479159,6.1,핫플레이스
MA010120220809569797,올드팝,서양식,불국동,129.3071597,35.77397512,6.1,핫플레이스
MA010120220809115384,옛촌식당,한식,천북면,129.242743,35.88989664,3.4,로컬상권
MA010120220809125836,교육다방,비알코올 ,동천동,129.2293526,35.84632858,2.1,로컬상권
MA010120220809119605,우방떡방앗간,기타 간이,안강읍,129.196221,36.00499888,3.2,로컬상권
MA010120220812784911,내남식육식당,한식,내남면,129.2052572,35.7518206,4.1,로컬상권
MA010120220813538644,콤마,비알코올 ,감포읍,129.5125294,35.81674519,4.5,로컬상권
MA010120220809118694,한라흑도야지,한식,현곡면,129.2034955,35.87053924,1.2,로컬상권
MA010120220809112754,혜원식당,한식,불국동,129.3011909,35.77940564,6.1,핫플레이스
MA010120220810353714,나이스노래클럽,주점,동천동,129.2232412,35.85535316,2.1,로컬상권
MA010120220814122993,천년명가찰보리빵,기타 간이,황성동,129.2179258,35.85327092,3.2,로컬상권
MA010120220800650995,엔젤이,비알코올 ,불국동,129.3011227,35.77550547,6.1,핫플레이스
MA010120220809909667,삼첩분식,기타 간이,동천동,129.2327937,35.84906689,2.1,로컬상권
MA010120220813618066,바다향,한식,용강동,129.2250249,35.88035098,1.6,로컬상권
MA010120220803591618,배스킨라빈스경주,기타 간이,동천동,129.2240018,35.85642933,2.1,로컬상권
MA010120220809101509,홍아김밥,기타 간이,성건동,129.2067435,35.84395286,3.3,로컬상권
MA010120220800100906,사라정원,비알코올 ,성건동,129.1970373,35.84873515,3.3,로컬상권
MA010120220802979463,러스틱커피,비알코올 ,외동읍,129.2935622,35.75403405,5.0,핫플레이스
MA010120220809117206,산호정,한식,용강동,129.2325742,35.88108484,1.6,로컬상권
MA010120220810545964,한국관7080라이브,주점,안강읍,129.2226798,35.9907887,3.2,로컬상권
MA010120220803199871,신라정,한식,보덕동,129.2639344,35.85248452,12.9,핫플레이스
MA010120220809131423,찐빵，만두점,한식,강동면,129.2435452,36.05764291,1.8,로컬상권
MA010120220805985727,계림규동,일식,황남동,129.2114189,35.83617195,10.7,핫플레이스
MA010120220809101199,최영화빵,기타 간이,황오동,129.2153534,35.84156879,11.3,핫플레이스
MA010120220812286683,찌짐한판,주점,동천동,129.2226954,35.8552281,2.1,로컬상권
MA010120220809109420,네네치킨,기타 간이,안강읍,129.1968471,36.00118507,3.2,로컬상권
MA010120220809108404,서울왕족발,한식,동천동,129.2262652,35.85504485,2.1,로컬상권
MA010120220803067005,금장칼국수,한식,현곡면,129.2027702,35.86793051,1.2,로컬상권
MA010120220812470336,우야꼬,주점,성건동,129.208871,35.85123024,3.3,로컬상권
MA010120220803945465,수라,한식,동천동,129.2244282,35.85822352,2.1,로컬상권
MA010120220809724901,대화만두황리단점,주점,황남동,129.2097411,35.83871674,10.7,핫플레이스
MA010120220805176827,단골밥집,한식,내남면,129.198447,35.75098117,4.1,로컬상권
MA010120220813339558,투다리,주점,황오동,129.2158068,35.84195689,11.3,핫플레이스
MA010120220810798835,교촌치킨,기타 간이,외동읍,129.3252155,35.71131163,5.0,핫플레이스
MA010120220809103206,드롭탑경주노동점,비알코올 ,황오동,129.2138098,35.84296684,11.3,핫플레이스
MA010120220809164594,백암전통차,비알코올 ,천북면,129.2728356,35.87118397,3.4,로컬상권
MA010120220809266311,공단식당,한식,외동읍,129.3260067,35.66515399,5.0,핫플레이스
MA010120220809105682,홍시한정식,한식,성건동,129.2026901,35.84544191,3.3,로컬상권
MA010120220806613094,사계절참숯불,한식,성건동,129.2030823,35.84241621,3.3,로컬상권
MA010120220802983252,투썸플레이스경주용황스타,비알코올 ,용강동,129.2250249,35.88035098,1.6,로컬상권
MA010120220807560714,햇살머믄꼬마김밥,기타 간이,동천동,129.2261513,35.8596783,2.1,로컬상권
MA010120220805268459,푸라닭경주,기타 간이,황성동,129.2142489,35.87267512,3.2,로컬상권
MA010120220813617624,고래등한정식,한식,외동읍,129.3170483,35.77601947,5.0,핫플레이스
MA010120220805326635,뮤직뱅크원,주점,동천동,129.2239582,35.8552678,2.1,로컬상권
MA010120220800517829,심봉사기절하는도너츠,기타 간이,황오동,129.2163118,35.84538956,11.3,핫플레이스
MA010120220809113332,가람식당,한식,용강동,129.224111,35.86192366,1.6,로컬상권
MA010120220801051584,봉달이식당,한식,불국동,129.3047517,35.77175971,6.1,핫플레이스
MA010120220812377160,엽이네농원,한식,강동면,129.2703706,36.03311676,1.8,로컬상권
MA010120220808407403,현대돼지국밥,한식,강동면,129.2430173,36.05741853,1.8,로컬상권
MA010120220808786940,맘스터치,기타 간이,성건동,129.2050751,35.85563402,3.3,로컬상권
MA010120220812525367,원조바다물회,한식,안강읍,129.1962246,35.99952958,3.2,로컬상권
MA010120220806751756,한잔술,한식,황성동,129.2141387,35.8675232,3.2,로컬상권
MA010120220809102360,원광식당,한식,외동읍,129.3309125,35.68197165,5.0,핫플레이스
MA010120220807748086,맛고을동태탕,한식,외동읍,129.3131136,35.68095453,5.0,핫플레이스
MA010120220809109750,또래오래,기타 간이,황성동,129.2096127,35.86598469,3.2,로컬상권
MA010120220813863324,이조분식,기타 간이,황오동,129.2174855,35.84223226,11.3,핫플레이스
MA010120220807001263,웰빙다방,비알코올 ,안강읍,129.2180894,35.99077459,3.2,로컬상권
MA010120220806033370,유앤아이커피,비알코올 ,외동읍,129.3194383,35.67893159,5.0,핫플레이스
MA010120220810126006,왕경,주점,용강동,129.2279188,35.88247783,1.6,로컬상권
MA010120220813668789,BHC치킨,기타 간이,불국동,129.3051948,35.77178726,6.1,핫플레이스
MA010120220813899763,쌍둥이네포장마차,주점,용강동,129.2286733,35.87700354,1.6,로컬상권
MA010120220809116925,한방생오리불고기,한식,동천동,129.2237317,35.8538934,2.1,로컬상권
MA010120220806923509,너랑나랑분식,기타 간이,불국동,129.3009352,35.77705883,6.1,핫플레이스
MA010120220806802406,단밤,서양식,성건동,129.2075834,35.8534885,3.3,로컬상권
MA010120220809532791,연어상회동대사거리,한식,성건동,129.205908,35.85453747,3.3,로컬상권
MA010120220809106800,경동구내식당,구내식당·뷔페,천북면,129.2701546,35.94203725,3.4,로컬상권
MA010120220809265707,피자마루,기타 간이,용강동,129.2265334,35.88440471,1.6,로컬상권
MA010120220809121557,청학회식당,한식,감포읍,129.5024788,35.80526915,4.5,로컬상권
MA010120220808317814,꼬꼬랑옛날통닭,기타 간이,선도동,129.1845576,35.84324112,2.0,로컬상권
MA010120220814205240,형산강미나리,한식,강동면,129.2688791,35.97413765,1.8,로컬상권
MA010120220803836114,반비크,기타 간이,용강동,129.2267207,35.88278839,1.6,로컬상권
MA010120220810361507,카페준&둥이분식,기타 간이,건천읍,129.1045293,35.85098641,7.6,핫플레이스
MA010120220808393564,고래밥,한식,선도동,129.1824357,35.84374824,2.0,로컬상권
MA010120220804575781,닭발천국,주점,황성동,129.2186456,35.86757517,3.2,로컬상권
MA010120220809114345,본죽,한식,황성동,129.2140989,35.86569482,3.2,로컬상권
MA010120220809118429,엄마손김밥,기타 간이,불국동,129.3273835,35.78577617,6.1,핫플레이스
MA010120220809129878,꽁당보리밥,한식,현곡면,129.2019789,35.86734132,1.2,로컬상권
MA010120220809119320,경주파크유스타운,한식,불국동,129.3268575,35.7855611,6.1,핫플레이스
MA010120220806881165,오븐에꾸운닭,기타 간이,동천동,129.2236998,35.8543355,2.1,로컬상권
MA010120220803059003,신나고,주점,양남면,129.4711273,35.70109539,4.6,로컬상권
MA010120220809114916,공단식당,한식,외동읍,129.328789,35.70616965,5.0,핫플레이스
MA010120220811921175,쎌빠경주점,한식,황오동,129.2132473,35.84184189,11.3,핫플레이스
MA010120220808902958,황금불날개식당,기타 간이,황성동,129.2091159,35.86523696,3.2,로컬상권
MA010120220814116303,구야,한식,동천동,129.2228206,35.85336964,2.1,로컬상권
MA010120220800827443,미로다방,비알코올 ,문무대왕면,129.4412705,35.79120234,2.4,로컬상권
MA010120220809123333,김가네식당,한식,산내면,129.0453295,35.75747676,1.0,로컬상권
MA010120220809126826,조은데이,주점,외동읍,129.3263877,35.71438853,5.0,핫플레이스
MA010120220803290916,뚜레쥬르,기타 간이,안강읍,129.2254825,35.99189003,3.2,로컬상권
MA010120220809475251,신라푸드,한식,외동읍,129.3288462,35.73014514,5.0,핫플레이스
MA010120220813464429,한솥도시락경주,한식,황오동,129.2031324,35.83982929,11.3,핫플레이스
MA010120220813564319,순수찰보리빵,비알코올 ,황오동,129.2134021,35.84064065,11.3,핫플레이스
MA010120220805450595,메가커피경주용황점,비알코올 ,용강동,129.2269961,35.88313468,1.6,로컬상권
MA010120220806551885,바틀샵목월,주점,황오동,129.209781,35.84374384,11.3,핫플레이스
MA010120220805636909,문산푸드,한식,외동읍,129.3251802,35.68119052,5.0,핫플레이스
MA010120220808006580,마라공방,중식,황오동,129.2123479,35.84212877,11.3,핫플레이스
MA010120220809126859,만복이쭈꾸미낙지볶음,한식,황오동,129.2108853,35.84246206,11.3,핫플레이스
MA010120220809113656,서라벌반점,중식,황오동,129.2065505,35.84018103,11.3,핫플레이스
MA010120220806859054,옛날손칼국수식당,한식,황오동,129.2086882,35.84583634,11.3,핫플레이스
MA010120220807051990,용강국밥,한식,황오동,129.2102797,35.84576201,11.3,핫플레이스
MA010120220804384451,홍화짬뽕,중식,황오동,129.203111,35.83905478,11.3,핫플레이스
MA010120220809122647,황토옥소머리곰탕,한식,황오동,129.2038811,35.83929294,11.3,핫플레이스
MA010120220808310888,경주제면소,한식,황오동,129.2099414,35.84234427,11.3,핫플레이스
MA010120220809127396,황금연탄,한식,황오동,129.2027582,35.84150309,11.3,핫플레이스
MA010120220809127582,커피소리쿠키향기,비알코올 ,황오동,129.2102263,35.84822285,11.3,핫플레이스
MA010120220807074292,대경밥상,한식,황오동,129.2099912,35.84692967,11.3,핫플레이스
MA010120220808689599,벤츠단란주점,주점,황오동,129.2133876,35.84410092,11.3,핫플레이스
MA010120220809108242,가시오가피삼계탕,한식,황오동,129.2072897,35.84050083,11.3,핫플레이스
MA010120220814103770,사거리정삼겹살,한식,용강동,129.2240172,35.85975389,1.6,로컬상권
MA010120220805021999,호식이두마리치킨,기타 간이,성건동,129.2059417,35.85335648,3.3,로컬상권
MA010120220806477407,요거프레소경주미소지움시티점,비알코올 ,외동읍,129.3226923,35.71116215,5.0,핫플레이스
MA010120220812918763,처가집양념치킨,한식,용강동,129.2311168,35.87767899,1.6,로컬상권
MA010120220810875217,위주,기타 간이,황오동,129.2095974,35.84590071,11.3,핫플레이스
MA010120220806995160,점핑다이어트,기타 간이,황성동,129.2152361,35.86956634,3.2,로컬상권
MA010120220809976648,홍두깨국시식당,한식,황오동,129.2054536,35.84212941,11.3,핫플레이스
MA010120220808255923,토함산삼계탕,한식,외동읍,129.316568,35.77547009,5.0,핫플레이스
MA010120220807364003,진리횟집,한식,양남면,129.468534,35.68039835,4.6,로컬상권
MA010120220805503628,인동다방,비알코올 ,강동면,129.2738523,35.98791008,1.8,로컬상권
MA010120220813250275,100샤브,한식,용강동,129.2250249,35.88035098,1.6,로컬상권
MA010120220809131479,유천암소숯불,한식,내남면,129.2035589,35.72229697,4.1,로컬상권
MA010120220802883128,38선넘은짱닭,한식,황성동,129.2154381,35.86886881,3.2,로컬상권
MA010120220813947859,개성순대국밥감자탕,한식,서면,129.0488245,35.89352496,0.9,로컬상권
MA010120220811696017,큰거랑어탕국수,한식,문무대왕면,129.4799742,35.74239559,2.4,로컬상권
MA010120220814272523,생생포차,주점,성건동,129.1911978,35.86174482,3.3,로컬상권
MA010120220808628925,황소식당,한식,서면,129.0471224,35.89537415,0.9,로컬상권
MA010120220812283732,홀인원가요주점,주점,보덕동,129.2850109,35.84683235,12.9,핫플레이스
MA010120220809127095,석하한정식,한식,선도동,129.1953509,35.84055744,2.0,로컬상권
MA010120220811508829,식탐에프엔에스,일식,선도동,129.1828118,35.84455235,2.0,로컬상권
MA010120220814205639,오이소,비알코올 ,건천읍,129.0976504,35.8549633,7.6,핫플레이스
MA010120220806550047,김치로,한식,안강읍,129.2265555,35.99061769,3.2,로컬상권
MA010120220809104100,봉계도축장생고기,한식,동천동,129.2237833,35.85732541,2.1,로컬상권
MA010120220813777689,맘스터치외동입실점,기타 간이,외동읍,129.3245231,35.71485708,5.0,핫플레이스
MA010120220807113614,백연다방,비알코올 ,황오동,129.2080041,35.84351522,11.3,핫플레이스
MA010120220812061356,고향실비,한식,황남동,129.2069897,35.83486579,10.7,핫플레이스
MA010120220812333642,미로울리,비알코올 ,황오동,129.2071268,35.8497936,11.3,핫플레이스
MA010120220808008386,솔,비알코올 ,황오동,129.2078201,35.84446469,11.3,핫플레이스
MA010120220806629328,델로브쿠사,한식,황오동,129.2058077,35.84132999,11.3,핫플레이스
MA010120220812206555,할리트럭,기타 간이,황오동,129.2106571,35.84221396,11.3,핫플레이스
MA010120220809131440,신라떡방앗간,기타 간이,외동읍,129.3213636,35.72781196,5.0,핫플레이스
MA010120220812770255,리멤버,주점,황성동,129.20992,35.86588893,3.2,로컬상권
MA010120220800235245,월정제과,기타 간이,황오동,129.209781,35.84374384,11.3,핫플레이스
MA010120220804782775,대림숯불,한식,건천읍,129.1034561,35.84974372,7.6,핫플레이스
MA010120220811661236,일광,한식,동천동,129.2244914,35.85296027,2.1,로컬상권
MA010120220812344956,베스트웨스턴플러스경주,서양식,감포읍,129.4934376,35.7707959,4.5,로컬상권
MA010120220811831218,착한김밥&커피요,기타 간이,현곡면,129.2029583,35.87112576,1.2,로컬상권
MA010120220809120194,할매보리밥,한식,성건동,129.2057415,35.84533185,3.3,로컬상권
MA010120220809578674,청학동,한식,동천동,129.2230981,35.85260763,2.1,로컬상권
MA010120220803440827,한주에프앤비,기타 간이,황오동,129.2140095,35.84218826,11.3,핫플레이스
MA010120220813375306,올리브,비알코올 ,황남동,129.2090509,35.83736886,10.7,핫플레이스
MA010120220800296122,히크닉,비알코올 ,황남동,129.2089679,35.83916347,10.7,핫플레이스
MA010120220809103108,복천식당,한식,동천동,129.2259738,35.85491509,2.1,로컬상권
MA010120220809125433,별이빛나는밤에,주점,성건동,129.2067403,35.84623257,3.3,로컬상권
MA010120220805934460,성지식당,한식,외동읍,129.2886292,35.65039047,5.0,핫플레이스
MA010120220804531132,갯가다슬기,한식,양남면,129.4629683,35.67429541,4.6,로컬상권
MA010120220801445606,고래섬협동조합,비알코올 ,감포읍,129.4941385,35.77730456,4.5,로컬상권
MA010120220807826182,일승회식당,한식,건천읍,129.1019445,35.84866187,7.6,핫플레이스
MA010120220809574298,가야할밀면,한식,용강동,129.2283813,35.88159524,1.6,로컬상권
MA010120220806922016,서라벌식당,한식,불국동,129.3256454,35.78380954,6.1,핫플레이스
MA010120220809107975,송화다방,비알코올 ,황오동,129.2165151,35.84315122,11.3,핫플레이스
MA010120220809120538,국시집,한식,성건동,129.2058998,35.85024864,3.3,로컬상권
MA010120220810384269,라고,한식,선도동,129.1669574,35.84429879,2.0,로컬상권
MA010120220804573481,콩내음,한식,안강읍,129.2263886,35.99099021,3.2,로컬상권
MA010120220812836359,전철우음식사랑,한식,선도동,129.1863531,35.84293813,2.0,로컬상권
MA010120220809118460,포시즌,주점,용강동,129.222835,35.86141567,1.6,로컬상권
MA010120220809118624,리베,주점,동천동,129.2247542,35.85523503,2.1,로컬상권
MA010120220813210537,경주십원빵황리단,기타 간이,황남동,129.2097235,35.83608601,10.7,핫플레이스
MA010120220813829535,대현펜션민박식당,한식,산내면,129.058572,35.73082192,1.0,로컬상권
MA010120220812437622,비화,비알코올 ,황남동,129.2083983,35.83618247,10.7,핫플레이스
MA010120220802988064,맛있는족발이야기,주점,불국동,129.3211902,35.78232787,6.1,핫플레이스
MA010120220809125675,참뼈,한식,용강동,129.2254993,35.86248361,1.6,로컬상권
MA010120220804420738,오리고,한식,용강동,129.2311321,35.87703897,1.6,로컬상권
MA010120220803555813,삼성빵,기타 간이,불국동,129.3011741,35.77575677,6.1,핫플레이스
MA010120220809109433,울타리없는만두,기타 간이,황오동,129.2154679,35.84329668,11.3,핫플레이스
MA010120220800160316,수다방,비알코올 ,안강읍,129.2273009,35.99189231,3.2,로컬상권
MA010120220813213830,불국빵불국사점,기타 간이,불국동,129.3284319,35.78456651,6.1,핫플레이스
MA010120220809986460,더셰드,비알코올 ,감포읍,129.4997499,35.8138313,4.5,로컬상권
MA010120220810487888,아래,비알코올 ,불국동,129.3133091,35.79997784,6.1,핫플레이스
MA010120220809117151,페리카나,기타 간이,용강동,129.230148,35.87668783,1.6,로컬상권
MA010120220806942666,원앙떡집,기타 간이,천북면,129.254106,35.93836633,3.4,로컬상권
MA010120220804043683,두리하나한식뷔페,구내식당·뷔페,감포읍,129.4944416,35.77462231,4.5,로컬상권
MA010120220809115609,참뼈,한식,안강읍,129.2136956,35.99343272,3.2,로컬상권
MA010120220805399185,원미당,비알코올 ,황오동,129.2158604,35.84507351,11.3,핫플레이스
MA010120220805015627,금복주류경주용황점,주점,용강동,129.2280009,35.8834314,1.6,로컬상권
MA010120220808237615,불국정떡갈비,한식,불국동,129.3135801,35.79063794,6.1,핫플레이스
MA010120220804946024,도연푸드,구내식당·뷔페,외동읍,129.3255156,35.68969888,5.0,핫플레이스
MA010120220809118835,부성떡집,기타 간이,건천읍,129.1054808,35.84678879,7.6,핫플레이스
MA010120220800098792,삼국떡집,기타 간이,현곡면,129.2034906,35.86676396,1.2,로컬상권
MA010120220805899807,호박마차,주점,용강동,129.2279188,35.88247783,1.6,로컬상권
MA010120220813326392,삐삐살롱,주점,황오동,129.2155445,35.84644892,11.3,핫플레이스
MA010120220809123831,미쳐버린파닭,기타 간이,선도동,129.1891259,35.84114861,2.0,로컬상권
MA010120220807174384,왕가탕후루,기타 간이,황남동,129.2112645,35.83619281,10.7,핫플레이스
MA010120220813850712,푸짐한돼지국밥,한식,외동읍,129.3194383,35.67893159,5.0,핫플레이스
MA010120220809112436,방우회식당,한식,감포읍,129.4933618,35.79172757,4.5,로컬상권
MA010120220809128330,포항식육식당,한식,안강읍,129.2200127,35.9905678,3.2,로컬상권
MA010120220808735835,인생닭강정,기타 간이,황성동,129.2130739,35.86625434,3.2,로컬상권
MA010120220809123735,24시전주명가콩나물국밥,주점,용강동,129.2205708,35.85961042,1.6,로컬상권
MA010120220809110125,하연지,한식,황남동,129.2109087,35.82417039,10.7,핫플레이스
MA010120220801150946,송백반점,한식,양남면,129.4624922,35.67245807,4.6,로컬상권
MA010120220812566926,정도축산식육식당,한식,안강읍,129.1956233,36.00383849,3.2,로컬상권
MA010120220812272336,아마스빈,비알코올 ,황성동,129.2147157,35.86558433,3.2,로컬상권
MA010120220809130718,윤아초장,한식,성건동,129.2067435,35.84395286,3.3,로컬상권
MA010120220811698492,풍녀가경주빵찰보리빵,기타 간이,황남동,129.2176705,35.83575935,10.7,핫플레이스
MA010120220807393735,제내,한식,외동읍,129.2696323,35.71400411,5.0,핫플레이스
MA010120220809595814,두찜경주,한식,황성동,129.2202949,35.8667788,3.2,로컬상권
MA010120220809124140,육부촌유흥주점,주점,보덕동,129.2888966,35.84033402,12.9,핫플레이스
MA010120220805407284,소라공간,기타 간이,동천동,129.2212042,35.85652616,2.1,로컬상권
MA010120220809103664,대구해장국,한식,황오동,129.2164942,35.84080889,11.3,핫플레이스
MA010120220809112985,외바우,한식,안강읍,129.1955814,36.00112716,3.2,로컬상권
MA010120220811701264,스테프핫도그,기타 간이,보덕동,129.279148,35.83609533,12.9,핫플레이스
MA010120220810346238,대흥엠디에이,비알코올 ,용강동,129.2247693,35.86092032,1.6,로컬상권
MA010120220812613876,세렌디피티,한식,황남동,129.2120854,35.83506941,10.7,핫플레이스
MA010120220811883098,하마야식,한식,동천동,129.2232412,35.85535316,2.1,로컬상권
MA010120220808833324,월성분식,기타 간이,성건동,129.2073453,35.8429056,3.3,로컬상권
MA010120220809110623,통일로토종순대국,한식,양남면,129.4626773,35.66734553,4.6,로컬상권
MA010120220813394723,김영호,기타 간이,내남면,129.19489,35.76031805,4.1,로컬상권
MA010120220809129883,서면기사식당,한식,서면,129.0489309,35.89421696,0.9,로컬상권
MA010120220810254497,행운식당,한식,건천읍,129.1099897,35.82983274,7.6,핫플레이스
MA010120220809106760,빈노래궁,주점,문무대왕면,129.4431723,35.79155112,2.4,로컬상권
MA010120220812909451,길포차,기타 간이,동천동,129.2318473,35.84767886,2.1,로컬상권
MA010120220813370277,닭만공격,기타 간이,불국동,129.3072003,35.77270388,6.1,핫플레이스
MA010120220813206989,박통숯불구이,한식,동천동,129.2292111,35.84997141,2.1,로컬상권
MA010120220811011963,카페아마떼,비알코올 ,양남면,129.4638287,35.67642221,4.6,로컬상권
MA010120220809117252,모심한식당,한식,안강읍,129.2335739,35.91823387,3.2,로컬상권
MA010120220809113119,소달구지숯불,한식,안강읍,129.2154268,35.98912989,3.2,로컬상권
MA010120220805081320,고물상,한식,성건동,129.2048371,35.85623307,3.3,로컬상권
MA010120220803424859,소문난숯불뒷고기,한식,동천동,129.2264435,35.85548305,2.1,로컬상권
MA010120220803813816,컬투치킨&포차,기타 간이,외동읍,129.327824,35.71172972,5.0,핫플레이스
MA010120220809100876,보림회타운,한식,감포읍,129.5041844,35.80428758,4.5,로컬상권
MA010120220813160031,묵도리식당,한식,외동읍,129.3292683,35.71162967,5.0,핫플레이스
MA010120220806917607,낭만찜닭,한식,현곡면,129.2034906,35.86676396,1.2,로컬상권
MA010120220807712543,신라의달밤,주점,불국동,129.3072003,35.77270388,6.1,핫플레이스
MA010120220813256984,달보드레수육,한식,외동읍,129.31655,35.77447029,5.0,핫플레이스
MA010120220813344982,만석수타면,중식,건천읍,129.116818,35.83654268,7.6,핫플레이스
MA010120220805089915,옥산식당,한식,성건동,129.2054535,35.85411331,3.3,로컬상권
MA010120220803175034,강동회마켓,한식,강동면,129.2756863,35.99038912,1.8,로컬상권
MA010120220809105299,오능휴게소,기타 간이,황남동,129.210804,35.81919853,10.7,핫플레이스
MA010120220808167021,달카페,비알코올 ,양남면,129.4061232,35.66368707,4.6,로컬상권
MA010120220806488081,히든씨,비알코올 ,감포읍,129.5122111,35.82945574,4.5,로컬상권
MA010120220810146613,해월고로케,기타 간이,보덕동,129.2909001,35.83958401,12.9,핫플레이스
MA010120220802971756,나무애쉼터,비알코올 ,황남동,129.2122014,35.83605842,10.7,핫플레이스
MA010120220814014488,헤이주(Hey,주점,동천동,129.2227977,35.85373949,2.1,로컬상권
MA010120220809657279,카페잇다,비알코올 ,강동면,129.2815844,36.00577444,1.8,로컬상권
MA010120220808607317,원더풀명품찹쌀꽈배기,기타 간이,황성동,129.2139681,35.86576931,3.2,로컬상권
MA010120220807412711,원풍가든,한식,내남면,129.2034626,35.72281234,4.1,로컬상권
MA010120220809323806,김복남맥주,주점,황성동,129.2120683,35.86870568,3.2,로컬상권
MA010120220809115757,해뜨는횟집,한식,감포읍,129.4911411,35.76026581,4.5,로컬상권
MA010120220809122202,파리바게뜨,기타 간이,건천읍,129.1039585,35.84906813,7.6,핫플레이스
MA010120220812641901,카페라소,비알코올 ,황남동,129.2094488,35.83695607,10.7,핫플레이스
MA010120220809130211,테라커피,비알코올 ,양남면,129.4637024,35.67446959,4.6,로컬상권
MA010120220809112345,녹야원식당,한식,양남면,129.4511123,35.72383196,4.6,로컬상권
MA010120220814373580,설빙,비알코올 ,안강읍,129.1929476,36.00412173,3.2,로컬상권
MA010120220809113709,옛날맛평화순두부,한식,성건동,129.203327,35.85645902,3.3,로컬상권
MA010120220804042991,청년피자경주,기타 간이,외동읍,129.3238784,35.71510381,5.0,핫플레이스
MA010120220803008225,할매보리밥,한식,성건동,129.205453,35.84370625,3.3,로컬상권
MA010120220809103983,바다횟집,한식,감포읍,129.4908724,35.78602185,4.5,로컬상권
MA010120220809128594,카페라포레,비알코올 ,동천동,129.2240115,35.85321244,2.1,로컬상권
MA010120220812390338,청송얼음골막걸리,주점,선도동,129.1861791,35.84304943,2.0,로컬상권
MA010120220809122699,감포참가자미횟집,한식,용강동,129.226423,35.88125313,1.6,로컬상권
MA010120220809103815,교리,기타 간이,월성동,129.2158347,35.8310267,7.1,핫플레이스
MA010120220809126248,도지식당,한식,동천동,129.2245005,35.85249156,2.1,로컬상권
MA010120220807772973,얌새이숯불,한식,선도동,129.1776193,35.84649375,2.0,로컬상권
MA010120220809122909,돈치킨,기타 간이,보덕동,129.2863675,35.8439773,12.9,핫플레이스
MA010120220809717488,다불촌독채민박,한식,용강동,129.2351066,35.86758526,1.6,로컬상권
MA010120220809122486,아하,기타 간이,황성동,129.2134354,35.86492314,3.2,로컬상권
MA010120220812358660,마라공방,중식,황성동,129.2151885,35.86507102,3.2,로컬상권
MA010120220810271921,황금알,한식,내남면,129.2057653,35.78662805,4.1,로컬상권
MA010120220809127678,플라246,기타 간이,보덕동,129.2899103,35.85865063,12.9,핫플레이스
MA010120220804881589,대원떡방앗간,기타 간이,황오동,129.2167784,35.84505657,11.3,핫플레이스
MA010120220809130492,장시떡방앗간,기타 간이,건천읍,129.0870878,35.86412193,7.6,핫플레이스
MA010120220809122735,송화막걸리,주점,황성동,129.2156719,35.86573789,3.2,로컬상권
MA010120220809649665,아날로그,주점,성건동,129.2063155,35.85486337,3.3,로컬상권
MA010120220806270480,초원분식,기타 간이,성건동,129.2067435,35.84395286,3.3,로컬상권
MA010120220806465904,이디야충효서라벌,비알코올 ,선도동,129.1847124,35.84242736,2.0,로컬상권
MA010120220810224951,양남식당,한식,성건동,129.2067435,35.84395286,3.3,로컬상권
MA010120220809129632,읍성옛날통닭,기타 간이,황오동,129.2141176,35.8468717,11.3,핫플레이스
MA010120220809128654,대주식당,한식,동천동,129.2235135,35.85678077,2.1,로컬상권
MA010120220809120681,대성아구,한식,불국동,129.3060552,35.78511507,6.1,핫플레이스
MA010120220809129157,누마루한옥커피,비알코올 ,불국동,129.3080369,35.80621524,6.1,핫플레이스
MA010120220809102593,자금성,중식,동천동,129.225581,35.85788679,2.1,로컬상권
MA010120220810426274,이디야커피경주,비알코올 ,현곡면,129.1745742,35.89219603,1.2,로컬상권
MA010120220811748814,옛정,한식,월성동,129.2494199,35.84095367,7.1,핫플레이스
MA010120220813560412,대복식당,한식,황남동,129.2103092,35.83566075,10.7,핫플레이스
MA010120220812645077,자연을닮은소박한집,비알코올 ,천북면,129.2729056,35.89764582,3.4,로컬상권
MA010120220809126353,오대양주막촌,주점,성건동,129.2102028,35.85375569,3.3,로컬상권
MA010120220808489236,다원단란주점,주점,산내면,129.0439434,35.75817614,1.0,로컬상권
MA010120220812081840,정원,한식,황남동,129.2115299,35.82622235,10.7,핫플레이스
MA010120220809111370,어라활어횟집,한식,안강읍,129.2274035,35.99120562,3.2,로컬상권
MA010120220805377526,브레댄코베이커리,기타 간이,성건동,129.1928796,35.85850639,3.3,로컬상권
MA010120220812216370,성아네,한식,안강읍,129.2175546,35.99345152,3.2,로컬상권
MA010120220808628405,휴,비알코올 ,황남동,129.2125865,35.82442784,10.7,핫플레이스
MA010120220809130519,구희식당,한식,문무대왕면,129.483719,35.73913775,2.4,로컬상권
MA010120220812502615,박준학제과점,기타 간이,황성동,129.2181173,35.88078515,3.2,로컬상권
MA010120220806706379,단석가찰보리빵,기타 간이,황남동,129.2154134,35.83457558,10.7,핫플레이스
MA010120220809111828,투다리,주점,용강동,129.224111,35.86192366,1.6,로컬상권
MA010120220808727023,팟타이,기타 간이,성건동,129.2067435,35.84395286,3.3,로컬상권
MA010120220806703875,보라빛향기,비알코올 ,성건동,129.2054977,35.85570735,3.3,로컬상권
MA010120220804983314,생고기제작소,한식,성건동,129.2063297,35.85417831,3.3,로컬상권
MA010120220810439236,교동집밥,한식,황남동,129.2152948,35.83428943,10.7,핫플레이스
MA010120220809104184,장원식당,한식,불국동,129.3071267,35.80648501,6.1,핫플레이스
MA010120220809202077,이백장돈가스경주,일식,안강읍,129.1957533,36.00292607,3.2,로컬상권
MA010120220808643673,친구야노래클럽,주점,황오동,129.2154362,35.84295487,11.3,핫플레이스
MA010120220809127753,별채반신경주역점,한식,건천읍,129.1393996,35.79808179,7.6,핫플레이스
MA010120220812914014,도원흑염소가든,한식,외동읍,129.2882454,35.730492,5.0,핫플레이스
MA010120220814301006,금장막걸리,주점,현곡면,129.2020212,35.86646654,1.2,로컬상권
MA010120220811001130,서울떡방앗간,기타 간이,황오동,129.2162636,35.84484982,11.3,핫플레이스
MA010120220806789534,토함원조닭갈비,한식,불국동,129.307538,35.7725262,6.1,핫플레이스
MA010120220808679803,마포생고기,한식,용강동,129.2227241,35.86220163,1.6,로컬상권
MA010120220805629902,동경밥집,한식,외동읍,129.323314,35.67015274,5.0,핫플레이스
MA010120220804046944,베로나,비알코올 ,성건동,129.1930452,35.86009822,3.3,로컬상권
MA010120220812013802,보리향내음,한식,선도동,129.1815846,35.84540361,2.0,로컬상권
MA010120220809111806,인터뷰,주점,안강읍,129.2143192,35.99115062,3.2,로컬상권
MA010120220810406103,언양암소곰탕,한식,외동읍,129.3212578,35.72835462,5.0,핫플레이스
MA010120220804898306,헬리오스,기타 간이,불국동,129.3151838,35.78416469,6.1,핫플레이스
MA010120220813455042,부산밀면,한식,강동면,129.2772869,35.99438626,1.8,로컬상권
MA010120220809105195,칼국수카페,한식,황성동,129.2157921,35.86329385,3.2,로컬상권
MA010120220807929865,이월,주점,황남동,129.2113105,35.8366515,10.7,핫플레이스
MA010120220804888165,감포생아구찜,한식,안강읍,129.1929052,36.00098693,3.2,로컬상권
MA010120220806442675,호두빙,한식,불국동,129.3270577,35.78635914,6.1,핫플레이스
MA010120220808488505,오케이목장,한식,외동읍,129.3244928,35.71381246,5.0,핫플레이스
MA010120220809111818,향리다원,비알코올 ,황남동,129.2094483,35.82855833,10.7,핫플레이스
MA010120220803155242,멕시칸양념치킨,기타 간이,동천동,129.234764,35.8447413,2.1,로컬상권
MA010120220807088528,오복닭집,기타 간이,성건동,129.2067435,35.84395286,3.3,로컬상권
MA010120220807081257,대경관,한식,용강동,129.2250249,35.88035098,1.6,로컬상권
MA010120220805416900,베를린호프,주점,선도동,129.1884809,35.84224162,2.0,로컬상권
MA010120220813245515,수영시래기밥,한식,월성동,129.260352,35.80893281,7.1,핫플레이스
MA010120220809117369,장터손칼국수,한식,황성동,129.2192497,35.87177186,3.2,로컬상권
MA010120220812043613,커피한송이,비알코올 ,건천읍,129.1037144,35.84988336,7.6,핫플레이스
MA010120220809122391,달내막창,한식,서면,129.0485117,35.89342216,0.9,로컬상권
MA010120220809128311,안동식당,한식,안강읍,129.1602322,35.98328903,3.2,로컬상권
MA010120220809116599,대관령동태찌게,한식,동천동,129.2262995,35.85626963,2.1,로컬상권
MA010120220813944220,투썸플레이스경주,비알코올 ,안강읍,129.195696,35.99886349,3.2,로컬상권
MA010120220805435188,장호,한식,선도동,129.1772644,35.84646415,2.0,로컬상권
MA010120220809109914,흥부네식당,한식,보덕동,129.2638821,35.85298107,12.9,핫플레이스
MA010120220809108977,소문난,주점,황성동,129.2202169,35.86636576,3.2,로컬상권
MA010120220808006109,도깨비쉼터,주점,황남동,129.2107156,35.82518312,10.7,핫플레이스
MA010120220812737783,만가르,동남아시아,외동읍,129.3249501,35.71472268,5.0,핫플레이스
MA010120220809113142,경희정,한식,동천동,129.2418395,35.84173513,2.1,로컬상권
MA010120220812105604,카페베네신경주역사점,비알코올 ,건천읍,129.1393996,35.79808179,7.6,핫플레이스
MA010120220813135778,토함산가든,한식,양남면,129.3877438,35.72789093,4.6,로컬상권
MA010120220812489609,피자에땅,기타 간이,황성동,129.2157921,35.86329385,3.2,로컬상권
MA010120220809130409,한양왕족발,한식,건천읍,129.1043752,35.85017815,7.6,핫플레이스
MA010120220804428272,라라파,서양식,성건동,129.2056631,35.85568629,3.3,로컬상권
MA010120220808209160,알천반상,한식,월성동,129.2153669,35.8297198,7.1,핫플레이스
MA010120220809117311,끌림,비알코올 ,동천동,129.2228822,35.85755834,2.1,로컬상권
MA010120220800649343,경주팥집미성당,기타 간이,황오동,129.2175245,35.84561946,11.3,핫플레이스
MA010120220805418670,농부떡집,기타 간이,산내면,129.0467287,35.75772328,1.0,로컬상권
MA010120220809106103,숯불광장,한식,선도동,129.1865003,35.84265613,2.0,로컬상권
MA010120220802918033,한솥도시락경주금장점,한식,현곡면,129.2029583,35.87112576,1.2,로컬상권
MA010120220808145462,남강막회식당,한식,천북면,129.2651465,35.89738703,3.4,로컬상권
MA010120220809734279,동네롤집,일식,성건동,129.2075834,35.8534885,3.3,로컬상권
MA010120220811669106,감포반점&닭갈비,한식,감포읍,129.4971408,35.80611002,4.5,로컬상권
MA010120220809116587,수소주마을,주점,성건동,129.2059161,35.85442919,3.3,로컬상권
MA010120220808153170,고궁,주점,황성동,129.2188304,35.86824753,3.2,로컬상권
MA010120220813123142,터온아뜨리에,비알코올 ,강동면,129.2902543,35.97159596,1.8,로컬상권
MA010120220809109444,영빈관,중식,감포읍,129.4917317,35.79016663,4.5,로컬상권
MA010120220806507242,대박통삼겹살김밥,기타 간이,성건동,129.2067435,35.84395286,3.3,로컬상권
MA010120220807942753,황성포차,주점,황성동,129.2157921,35.86329385,3.2,로컬상권
MA010120220809109353,조이스커피숍,비알코올 ,안강읍,129.2285632,35.99222926,3.2,로컬상권
MA010120220800604684,산알베르토카페,비알코올 ,감포읍,129.4907307,35.78643924,4.5,로컬상권
MA010120220800291148,수미정분식,기타 간이,성건동,129.2067435,35.84395286,3.3,로컬상권
MA010120220812154806,연안왕갈비탕,한식,외동읍,129.3217265,35.72775089,5.0,핫플레이스
MA010120220809692599,응급실국물떡볶이,기타 간이,황오동,129.2168219,35.8493988,11.3,핫플레이스
MA010120220812567738,불국사장터손칼국수,한식,불국동,129.3014361,35.77525618,6.1,핫플레이스
MA010120220813072057,포항해장국,한식,황오동,129.2162946,35.84079455,11.3,핫플레이스
MA010120220809130183,동진강칼국수,한식,황성동,129.2218147,35.87125588,3.2,로컬상권
MA010120220806765744,제이엠푸드,한식,월성동,129.2320242,35.84056636,7.1,핫플레이스
MA010120220804853785,계단,비알코올 ,황남동,129.2095871,35.83715176,10.7,핫플레이스
MA010120220812143037,마가렛케이크,기타 간이,황성동,129.2196162,35.8646739,3.2,로컬상권
MA010120220807048874,통영해물천국,한식,동천동,129.2214297,35.85746808,2.1,로컬상권
MA010120220809110721,동해분식,기타 간이,동천동,129.2350466,35.84495229,2.1,로컬상권
MA010120220813113508,경동분식,기타 간이,안강읍,129.2223254,35.99040783,3.2,로컬상권
MA010120220809705096,내가찾던커피,비알코올 ,강동면,129.2794532,36.00377869,1.8,로컬상권
MA010120220803427013,토대력,주점,성건동,129.1899339,35.86086683,3.3,로컬상권
MA010120220809256906,주니짬뽕,중식,선도동,129.1645292,35.83883714,2.0,로컬상권
MA010120220800643117,오백년누룽지백숙,한식,불국동,129.3069315,35.81579639,6.1,핫플레이스
MA010120220805060023,이모밥상,한식,성건동,129.2067435,35.84395286,3.3,로컬상권
MA010120220814343877,원산밀면,한식,황오동,129.2029893,35.83905701,11.3,핫플레이스
MA010120220809110427,능포다원,비알코올 ,황오동,129.2107596,35.8423202,11.3,핫플레이스
MA010120220807394929,히피상점,비알코올 ,황오동,129.2098734,35.84946377,11.3,핫플레이스
MA010120220807082209,스시쿠리,일식,황오동,129.2122854,35.84704962,11.3,핫플레이스
MA010120220806341075,경주상회,기타 간이,황오동,129.2093382,35.84333751,11.3,핫플레이스
MA010120220807124100,빨봉분식,기타 간이,황오동,129.21264,35.84188912,11.3,핫플레이스
MA010120220809349617,영국제과,기타 간이,황오동,129.2129733,35.84432481,11.3,핫플레이스
MA010120220803171215,수가성순두부,한식,황오동,129.2128052,35.84743651,11.3,핫플레이스
MA010120220813194092,본전막포,주점,황오동,129.2034163,35.83929246,11.3,핫플레이스
MA010120220807778594,너의예쁨,비알코올 ,황오동,129.2103946,35.84750793,11.3,핫플레이스
MA010120220809127286,와룡찜닭,한식,황오동,129.2101887,35.84766489,11.3,핫플레이스
MA010120220812177964,미작촌,한식,황오동,129.2101709,35.84423224,11.3,핫플레이스
MA010120220809110515,충효식당,한식,천북면,129.2702668,35.89675869,3.4,로컬상권
MA010120220806969112,금보라꼬마김밥,기타 간이,황오동,129.2111728,35.84484453,11.3,핫플레이스
MA010120220814146980,엘린,비알코올 ,불국동,129.3262084,35.78567278,6.1,핫플레이스
MA010120220809111834,불날개,기타 간이,성건동,129.2058723,35.85564641,3.3,로컬상권
MA010120220807933768,행복식당,한식,선도동,129.1775708,35.84390862,2.0,로컬상권
MA010120220812944021,우리한우셀프식육식당,한식,성건동,129.2084274,35.85079688,3.3,로컬상권
MA010120220810324722,자매분식,기타 간이,황오동,129.2159655,35.84487334,11.3,핫플레이스
MA010120220814358895,강동한식뷔페,구내식당·뷔페,강동면,129.2753979,35.98806998,1.8,로컬상권
MA010120220802147152,새마을통닭,기타 간이,외동읍,129.3246878,35.71406098,5.0,핫플레이스
MA010120220809107581,장우암소숯불,한식,용강동,129.2301441,35.87615629,1.6,로컬상권
MA010120220805521797,뻘뻘낙지볶음,한식,선도동,129.1865679,35.84229448,2.0,로컬상권
MA010120220808175355,시장국집,한식,안강읍,129.2223254,35.99040783,3.2,로컬상권
MA010120220809117331,봉계식당,한식,동천동,129.2225282,35.85241094,2.1,로컬상권
MA010120220806915723,스테이오오공,비알코올 ,황남동,129.2091569,35.83640279,10.7,핫플레이스
MA010120220806306621,원두막식당,한식,강동면,129.3021798,35.94102153,1.8,로컬상권
MA010120220810034939,코피콘,비알코올 ,성건동,129.1907738,35.86122093,3.3,로컬상권
MA010120220813225865,자성화맛집코다리네경주,한식,동천동,129.2238855,35.85266514,2.1,로컬상권
MA010120220805955421,월명회식당,한식,감포읍,129.4872982,35.74761426,4.5,로컬상권
MA010120220801138033,대림농장식육식당,한식,건천읍,129.1034561,35.84974372,7.6,핫플레이스
MA010120220813411409,꾸바꾸바,한식,동천동,129.2288066,35.85015011,2.1,로컬상권
MA010120220809130546,유청,한식,황성동,129.2203496,35.87508537,3.2,로컬상권
MA010120220809127436,유림왕소금구이,한식,황성동,129.2108735,35.86714185,3.2,로컬상권
MA010120220809121761,커피플레이스,비알코올 ,황오동,129.2118196,35.84143568,11.3,핫플레이스
MA010120220803149670,파스쿠찌남경주IC점,비알코올 ,외동읍,129.3140724,35.75536202,5.0,핫플레이스
MA010120220809126665,봉구스밥버거,기타 간이,황성동,129.2143182,35.86522223,3.2,로컬상권
MA010120220809105655,소문난밥상,한식,안강읍,129.2191477,35.99253904,3.2,로컬상권
MA010120220809976723,버터키토,기타 간이,동천동,129.2314463,35.84521746,2.1,로컬상권
MA010120220809746614,추억의포차,주점,성건동,129.2044958,35.85589694,3.3,로컬상권
MA010120220814372310,아리랑양꼬치,주점,성건동,129.2076482,35.8550281,3.3,로컬상권
MA010120220806520775,김밥일번지경주점,기타 간이,용강동,129.2256121,35.88392623,1.6,로컬상권
MA010120220809105165,더존손칼국수,한식,동천동,129.2241047,35.84981379,2.1,로컬상권
MA010120220813459497,삐아띠,서양식,성건동,129.2065143,35.84247035,3.3,로컬상권
MA010120220811044959,삽짝거리,한식,선도동,129.1800387,35.84431438,2.0,로컬상권
MA010120220809123312,암소마당,한식,산내면,129.0646907,35.65356557,1.0,로컬상권
MA010120220806434361,조은밥집,한식,황오동,129.221037,35.84180623,11.3,핫플레이스
MA010120220810573634,개성순대국밥,한식,외동읍,129.3015591,35.71582128,5.0,핫플레이스
MA010120220812837493,꿀바우,한식,서면,129.0550328,35.90364595,0.9,로컬상권
MA010120220809979311,신라텍식당,한식,성건동,129.2067435,35.84395286,3.3,로컬상권
MA010120220809128663,가삼골전복순두부,한식,현곡면,129.1964336,35.87017305,1.2,로컬상권
MA010120220812102931,빙그레꽈배기,기타 간이,용강동,129.2289829,35.87698878,1.6,로컬상권
MA010120220813111280,샵도쿄시장,주점,황성동,129.2112995,35.86733223,3.2,로컬상권
MA010120220809130551,대일식육식당,한식,산내면,129.0444263,35.75760926,1.0,로컬상권
MA010120220803313762,투핸즈,비알코올 ,선도동,129.175742,35.84542849,2.0,로컬상권
MA010120220813057248,오부자참숯불생갈비,한식,용강동,129.2272493,35.88189557,1.6,로컬상권
MA010120220809125986,이도경가든,한식,감포읍,129.4897458,35.79279364,4.5,로컬상권
MA010120220812397057,용황밀면,한식,용강동,129.2245519,35.88085532,1.6,로컬상권
MA010120220807163504,코지브릭,비알코올 ,불국동,129.3273835,35.78577617,6.1,핫플레이스
MA010120220809130935,미소캐터링,구내식당·뷔페,외동읍,129.2940821,35.71476572,5.0,핫플레이스
MA010120220809171636,이동간받이경주용황점,한식,황성동,129.2236926,35.88259222,3.2,로컬상권
MA010120220813340019,투다리보문점,주점,보덕동,129.2884474,35.84549647,12.9,핫플레이스
MA010120220812134697,7080파티,주점,안강읍,129.2170899,35.99309069,3.2,로컬상권
MA010120220808760643,맘모스8090라이브,주점,황오동,129.2176032,35.841293,11.3,핫플레이스
MA010120220809108580,경주시락국밥,한식,불국동,129.3111626,35.77093382,6.1,핫플레이스
MA010120220809105864,옛날경주숯불,한식,천북면,129.2878746,35.92638333,3.4,로컬상권
MA010120220806689849,고릴라노래타운,주점,동천동,129.2239582,35.8552678,2.1,로컬상권
MA010120220809118501,참뼈감자탕,한식,양남면,129.4716166,35.69869766,4.6,로컬상권
MA010120220813658557,청풍한우,한식,외동읍,129.3149381,35.75739071,5.0,핫플레이스
MA010120220811742073,시골보리밥,한식,강동면,129.2726702,35.98612146,1.8,로컬상권
MA010120220811860079,석계민물매운탕,한식,외동읍,129.3046366,35.67573794,5.0,핫플레이스
MA010120220804934530,유가네닭갈비경주,한식,성건동,129.1905754,35.86125159,3.3,로컬상권
MA010120220812076396,바실라,비알코올 ,불국동,129.311634,35.80171302,6.1,핫플레이스
MA010120220803134616,국도진,한식,서면,129.0530685,35.89148812,0.9,로컬상권
MA010120220809111864,시밀레,주점,안강읍,129.1964097,36.00300415,3.2,로컬상권
MA010120220803444155,돈맛가,한식,황오동,129.2161063,35.84118547,11.3,핫플레이스
MA010120220809291304,무수리노래궁,주점,불국동,129.2986402,35.77799477,6.1,핫플레이스
MA010120220809101919,대현식육식당,한식,외동읍,129.3274482,35.70070827,5.0,핫플레이스
MA010120220808685432,돼지OK,한식,황오동,129.2100523,35.84992902,11.3,핫플레이스
MA010120220809125294,부영소반,한식,황오동,129.215147,35.84170775,11.3,핫플레이스
MA010120220810329239,순두부짬뽕동궁,중식,황남동,129.2141179,35.83414894,10.7,핫플레이스
MA010120220814162721,다과와,비알코올 ,월성동,129.2295255,35.84025235,7.1,핫플레이스
MA010120220809131451,또래오래치킨내남점,기타 간이,내남면,129.1951272,35.75205101,4.1,로컬상권
MA010120220806824172,팔레트,비알코올 ,황오동,129.2140987,35.84659272,11.3,핫플레이스
MA010120220810051730,돼지다방,비알코올 ,성건동,129.2045257,35.84458828,3.3,로컬상권
MA010120220809105503,빅보이양념통닭,기타 간이,안강읍,129.2067616,35.99447057,3.2,로컬상권
MA010120220802884489,황남짬뽕,중식,황남동,129.2111004,35.83426759,10.7,핫플레이스
MA010120220809127523,소문각,중식,성건동,129.2030828,35.84323615,3.3,로컬상권
MA010120220806356777,퇴근길소주방,주점,양남면,129.4715332,35.70064556,4.6,로컬상권
MA010120220809121568,청해굴국밥,한식,동천동,129.2257838,35.85524299,2.1,로컬상권
MA010120220809127656,벌교꼬막정식,한식,황오동,129.2115586,35.84718014,11.3,핫플레이스
MA010120220811738583,시골숯불치킨,기타 간이,양남면,129.4599755,35.66673404,4.6,로컬상권
MA010120220807173991,경주식당,한식,황오동,129.2163118,35.84538956,11.3,핫플레이스
MA010120220813916210,까투리,주점,동천동,129.2255896,35.8589859,2.1,로컬상권
MA010120220802917874,서울칼국수,한식,용강동,129.2349008,35.86498509,1.6,로컬상권
MA010120220806858014,르땅고뒤샤,비알코올 ,황오동,129.2136038,35.84152896,11.3,핫플레이스
MA010120220809112233,두꺼비식당,한식,안강읍,129.1994771,36.00325427,3.2,로컬상권
MA010120220812345718,고위산삼계탕,한식,내남면,129.2051296,35.7748269,4.1,로컬상권
MA010120220809116759,탑마루,한식,불국동,129.3210914,35.78919563,6.1,핫플레이스
MA010120220809121051,코사다방,비알코올 ,문무대왕면,129.4423588,35.79207222,2.4,로컬상권
MA010120220805329371,반듯이,서양식,황남동,129.2099705,35.83661308,10.7,핫플레이스
MA010120220809130542,푸른가든,한식,산내면,129.0638863,35.65620155,1.0,로컬상권
MA010120220809126490,커피플레이스금장점,비알코올 ,현곡면,129.2036256,35.87043774,1.2,로컬상권
MA010120220812035199,참새실비,주점,용강동,129.2310049,35.87921283,1.6,로컬상권
MA010120220809700640,커피앤갤러리,비알코올 ,천북면,129.2817381,35.91368765,3.4,로컬상권
MA010120220809125718,송원참숯불,한식,동천동,129.2408349,35.84575449,2.1,로컬상권
MA010120220809120578,카리카츠,기타 간이,황오동,129.2147462,35.84241796,11.3,핫플레이스
MA010120220809121624,파리바게뜨경주,기타 간이,안강읍,129.2163605,35.99357271,3.2,로컬상권
MA010120220814351207,카페베네경주주상절리점,비알코올 ,양남면,129.4733725,35.68581317,4.6,로컬상권
MA010120220809534867,장수대박뒷고기,한식,불국동,129.3067145,35.77234378,6.1,핫플레이스
MA010120220809721819,보돌미역경주점,한식,동천동,129.2239545,35.85751146,2.1,로컬상권
MA010120220812390987,낭만창고,주점,성건동,129.2060742,35.85574181,3.3,로컬상권
MA010120220806732964,윤가네미나리삼겹살,한식,천북면,129.2799838,35.86837239,3.4,로컬상권
MA010120220809130185,장충웰빙족발,한식,성건동,129.2066779,35.85555952,3.3,로컬상권
MA010120220809149962,경북경주시니어클럽,비알코올 ,성건동,129.2034447,35.84271592,3.3,로컬상권
MA010120220809604857,달개비,한식,월성동,129.2502284,35.84137102,7.1,핫플레이스
MA010120220809106854,대우휴게음식점.매점,한식,천북면,129.2408972,35.89904956,3.4,로컬상권
MA010120220808300783,햇살머믄꼬마김밥,기타 간이,용강동,129.2286129,35.87682445,1.6,로컬상권
MA010120220812457892,쎄시봉,주점,동천동,129.2232535,35.85222632,2.1,로컬상권
MA010120220813094279,이승윤의알통떡강정,기타 간이,용강동,129.2261291,35.88498888,1.6,로컬상권
MA010120220812228876,카페올드시티,비알코올 ,불국동,129.3271482,35.78642947,6.1,핫플레이스
MA010120220809108620,영덕횟집,한식,황성동,129.2129448,35.86440057,3.2,로컬상권
MA010120220813671697,산너머남촌,한식,양남면,129.4741884,35.69041858,4.6,로컬상권
MA010120220804784799,바이송,서양식,성건동,129.2070132,35.85487758,3.3,로컬상권
MA010120220813806246,강동돼지국밥,한식,강동면,129.2750954,35.98795859,1.8,로컬상권
MA010120220809124180,소문난암뽕수육,한식,불국동,129.3014732,35.77539063,6.1,핫플레이스
MA010120220809988610,대길회센타,한식,감포읍,129.502011,35.80410761,4.5,로컬상권
MA010120220805994986,차&김밥,기타 간이,성건동,129.2067435,35.84395286,3.3,로컬상권
MA010120220805405979,발해,일식,보덕동,129.2909001,35.83958401,12.9,핫플레이스
MA010120220802987052,담원푸드,한식,보덕동,129.2851404,35.82242095,12.9,핫플레이스
MA010120220812589149,김해고가국밥,한식,안강읍,129.2275338,35.98677017,3.2,로컬상권
MA010120220809119387,금용각,중식,용강동,129.2307678,35.87826214,1.6,로컬상권
MA010120220813185553,여행,한식,불국동,129.3273835,35.78577617,6.1,핫플레이스
MA010120220810118993,장미다방,비알코올 ,강동면,129.2753577,35.98975564,1.8,로컬상권
MA010120220809108184,광신폐백,기타 간이,황오동,129.2163382,35.84554225,11.3,핫플레이스
MA010120220809629886,대박막걸리,주점,성건동,129.2075834,35.8534885,3.3,로컬상권
MA010120220809966412,전통맷돌순두부,한식,월성동,129.2484661,35.84088142,7.1,핫플레이스
MA010120220809120110,우주다방,비알코올 ,동천동,129.2190609,35.85507907,2.1,로컬상권
MA010120220809130049,동강매운탕,한식,강동면,129.2930818,35.95477407,1.8,로컬상권
MA010120220809128523,연안각,중식,외동읍,129.3211544,35.7285999,5.0,핫플레이스
MA010120220809116939,고성곱창식당,한식,황성동,129.2147157,35.86558433,3.2,로컬상권
MA010120220803344997,강숯불돼지갈비,한식,황성동,129.2100456,35.8648324,3.2,로컬상권
MA010120220813583288,미소즉석도너츠,기타 간이,황오동,129.2168412,35.84572218,11.3,핫플레이스
MA010120220806426502,엘리아스커피경주모다점,비알코올 ,천북면,129.2443558,35.91641987,3.4,로컬상권
MA010120220811971881,정다방,비알코올 ,강동면,129.2741247,35.98813017,1.8,로컬상권
MA010120220809104856,서울왕족발치킨,기타 간이,건천읍,129.1051251,35.84798443,7.6,핫플레이스
MA010120220805411451,금빛코다리경주점,한식,불국동,129.3142645,35.79212048,6.1,핫플레이스
MA010120220810421737,이디야경주건천점,비알코올 ,건천읍,129.1064005,35.84766472,7.6,핫플레이스
MA010120220802584949,Hey주,주점,동천동,129.2227977,35.85373949,2.1,로컬상권
MA010120220806889638,동희면사랑,한식,선도동,129.1772559,35.84372511,2.0,로컬상권
MA010120220809128545,동신구내식당,구내식당·뷔페,황성동,129.2185098,35.87263251,3.2,로컬상권
MA010120220812490856,경주동,일식,황남동,129.2093905,35.83844387,10.7,핫플레이스
MA010120220802952710,또착한족발,한식,황성동,129.2170884,35.87088371,3.2,로컬상권
MA010120220809130499,농장식육점식당,한식,문무대왕면,129.4367351,35.79767351,2.4,로컬상권
MA010120220813810125,감포맛집철없는대게,한식,감포읍,129.4933141,35.76684308,4.5,로컬상권
MA010120220810160353,서민식당,한식,보덕동,129.2921578,35.83368531,12.9,핫플레이스
MA010120220806649313,씨씨푸드,구내식당·뷔페,외동읍,129.3258643,35.68269105,5.0,핫플레이스
MA010120220802285468,한우목장,한식,안강읍,129.1953025,36.00226757,3.2,로컬상권
MA010120220803541174,들안길참숯화로숯불갈비,한식,보덕동,129.2884474,35.84549647,12.9,핫플레이스
MA010120220809109704,철가마터참숯굴가든,한식,외동읍,129.3500008,35.69454827,5.0,핫플레이스
MA010120220809104004,거구산가든식당,한식,천북면,129.2861194,35.91544236,3.4,로컬상권
MA010120220812057520,왕경막걸리,주점,동천동,129.2253897,35.85816966,2.1,로컬상권
MA010120220811477302,경주명가찰보리빵,기타 간이,황남동,129.2156068,35.83595962,10.7,핫플레이스
MA010120220804332472,경주당,주점,보덕동,129.2814867,35.84550275,12.9,핫플레이스
MA010120220806816874,미담,한식,동천동,129.2482776,35.84400254,2.1,로컬상권
MA010120220809136498,은행집숯불장어식당,한식,보덕동,129.2624679,35.85189945,12.9,핫플레이스
MA010120220809107489,흰고래참가자미횟집,한식,황성동,129.2152301,35.8693502,3.2,로컬상권
MA010120220809193052,예정다방,비알코올 ,양남면,129.4636824,35.67597469,4.6,로컬상권
MA010120220813458940,금장손두부집,한식,동천동,129.2406698,35.84263997,2.1,로컬상권
MA010120220809127806,대봉갈비냉면,한식,안강읍,129.1935404,36.00190336,3.2,로컬상권
MA010120220806965250,금은보화다방,비알코올 ,안강읍,129.2254273,35.99110717,3.2,로컬상권
MA010120220809130566,송정갈비,한식,서면,129.0504149,35.89336264,0.9,로컬상권
MA010120220805474237,우직,서양식,황남동,129.2094408,35.83706434,10.7,핫플레이스
MA010120220812009597,여왕이네어탕,한식,외동읍,129.3245231,35.71485708,5.0,핫플레이스
MA010120220809127087,카페.다이닝.로브스터,기타 간이,보덕동,129.2853593,35.83699548,12.9,핫플레이스
MA010120220809145743,주,기타 간이,성건동,129.2065411,35.85421948,3.3,로컬상권
MA010120220814051316,속통,한식,현곡면,129.2019211,35.86725228,1.2,로컬상권
MA010120220809114900,오대양칼국수,한식,동천동,129.2316988,35.84830334,2.1,로컬상권
MA010120220812935598,서민뒷고기,한식,동천동,129.2230332,35.85305935,2.1,로컬상권
MA010120220814105636,여미온,한식,황남동,129.2123797,35.83491081,10.7,핫플레이스
MA010120220803585923,강동생오리,한식,강동면,129.2752646,35.98960423,1.8,로컬상권
MA010120220801050479,대릉갈비,한식,황남동,129.2124065,35.83587444,10.7,핫플레이스
MA010120220805604924,찜닭의고수,기타 간이,동천동,129.2257214,35.84905399,2.1,로컬상권
MA010120220809129700,간이역,주점,동천동,129.2267267,35.85215296,2.1,로컬상권
MA010120220809007777,소떼,한식,용강동,129.2210804,35.86240324,1.6,로컬상권
MA010120220809116383,감포장어구이,한식,감포읍,129.5043763,35.80405833,4.5,로컬상권
MA010120220809124962,스시야,일식,동천동,129.2240017,35.8520683,2.1,로컬상권
MA010120220812477971,풍차주막,주점,불국동,129.3062074,35.772777,6.1,핫플레이스
MA010120220807565755,삼삼돈까스,서양식,선도동,129.1859189,35.84203598,2.0,로컬상권
MA010120220809104296,자갈치산곰장어,한식,선도동,129.1887391,35.84157014,2.0,로컬상권
MA010120220809108270,야자수,기타 간이,서면,129.0491405,35.89418635,0.9,로컬상권
MA010120220806782708,공감,비알코올 ,안강읍,129.1930407,36.00187646,3.2,로컬상권
MA010120220814373177,이상적,비알코올 ,월성동,129.2292332,35.84087949,7.1,핫플레이스
MA010120220809108240,경주앤드찰보리빵,기타 간이,황남동,129.2152771,35.8348484,10.7,핫플레이스
MA010120220807157980,내남매운탕,한식,내남면,129.2018166,35.75131598,4.1,로컬상권
MA010120220804330838,동다송,비알코올 ,강동면,129.2622228,35.99529312,1.8,로컬상권
MA010120220800524468,명품한우수구레국밥,한식,외동읍,129.3255098,35.71497316,5.0,핫플레이스
MA010120220813835113,늘해랑식당,한식,황오동,129.2166372,35.84157214,11.3,핫플레이스
MA010120220806420617,밥,한식,황성동,129.2196162,35.8646739,3.2,로컬상권
MA010120220813203047,스핀닭날개볶음밥,기타 간이,성건동,129.2067435,35.84395286,3.3,로컬상권
MA010120220812407857,산내들불장난,한식,산내면,129.0626487,35.65401508,1.0,로컬상권
MA010120220802511395,가배향주,비알코올 ,황남동,129.2094671,35.83601864,10.7,핫플레이스
MA010120220813153906,닭300,한식,동천동,129.2241519,35.84912812,2.1,로컬상권
MA010120220811900609,삽겹야채롤,기타 간이,성건동,129.2067435,35.84395286,3.3,로컬상권
MA010120220800846450,고봉민김밥人충효점,기타 간이,선도동,129.188559,35.84186176,2.0,로컬상권
MA010120220812506245,벨루스커피,비알코올 ,보덕동,129.2766874,35.83362811,12.9,핫플레이스
MA010120220813311783,황남맨숀,비알코올 ,황남동,129.2099417,35.83597387,10.7,핫플레이스
MA010120220809111440,기사식당,한식,선도동,129.1477172,35.8186218,2.0,로컬상권
MA010120220807933435,정직유부경주,일식,황성동,129.2116763,35.8665504,3.2,로컬상권
MA010120220813939393,신라쌈밥식당,한식,황남동,129.2154279,35.83470146,10.7,핫플레이스
MA010120220813549970,월성궁,주점,양남면,129.4714607,35.70116062,4.6,로컬상권
MA010120220808363961,무아,한식,성건동,129.2059357,35.85314034,3.3,로컬상권
MA010120220809123337,베테랑노래타운,주점,외동읍,129.3261554,35.71361813,5.0,핫플레이스
MA010120220805352643,텐퍼센트경주카페,비알코올 ,황성동,129.2140864,35.86484807,3.2,로컬상권
MA010120220813551507,바달밤고양이식당,서양식,황남동,129.2107742,35.83726507,10.7,핫플레이스
MA010120220810805698,난식당1974,한식,불국동,129.328944,35.78506116,6.1,핫플레이스
MA010120220811736141,경주맛찬들왕소금구이,한식,용강동,129.2212119,35.86314867,1.6,로컬상권
MA010120220809127067,지중해횟집,한식,동천동,129.2331333,35.84460043,2.1,로컬상권
MA010120220809117336,한양족발,한식,성건동,129.2050997,35.8521285,3.3,로컬상권
MA010120220800829953,소디스커피,비알코올 ,현곡면,129.2038997,35.88432677,1.2,로컬상권
MA010120220809128268,일신식당,한식,안강읍,129.2245226,35.99126811,3.2,로컬상권
MA010120220810151196,헤이데이,주점,황오동,129.2150723,35.84180825,11.3,핫플레이스
MA010120220810418207,닥엔돈스용황점,한식,용강동,129.2271948,35.88311298,1.6,로컬상권
MA010120220808826825,상록수다방,비알코올 ,감포읍,129.4913452,35.79018365,4.5,로컬상권
MA010120220809120905,부림식당,한식,불국동,129.3018772,35.77905011,6.1,핫플레이스
MA010120220809124705,섬해물마당,한식,동천동,129.2324166,35.84706458,2.1,로컬상권
MA010120220809164186,신배재,한식,안강읍,129.1837201,36.0000463,3.2,로컬상권
MA010120220809367954,등촌샤브칼국수경주점,한식,용강동,129.2288128,35.88395695,1.6,로컬상권
MA010120220809110098,도깨비불막창,한식,성건동,129.2067113,35.85197275,3.3,로컬상권
MA010120220812228714,황성각,중식,황성동,129.2118917,35.86673565,3.2,로컬상권
MA010120220808939991,돌고래회식당,한식,감포읍,129.4949872,35.7761607,4.5,로컬상권
MA010120220806027525,054피자,기타 간이,불국동,129.3091472,35.77120682,6.1,핫플레이스
MA010120220800644004,부라더,한식,성건동,129.1903284,35.86394121,3.3,로컬상권
MA010120220809849425,데낄라식당,주점,안강읍,129.2187599,35.99214977,3.2,로컬상권
MA010120220807572825,솔뫼,한식,양남면,129.4062374,35.66418035,4.6,로컬상권
MA010120220809123936,오메가메아지매식당,주점,불국동,129.328944,35.78506116,6.1,핫플레이스
MA010120220812811692,김경옥닭발,한식,동천동,129.2264383,35.85687976,2.1,로컬상권
MA010120220809106556,남도식당,구내식당·뷔페,외동읍,129.3344193,35.69695103,5.0,핫플레이스
MA010120220812958322,진주냉면남가옥,한식,양남면,129.4732141,35.68712289,4.6,로컬상권
MA010120220804821180,청춘화로,한식,황성동,129.2111992,35.86691059,3.2,로컬상권
MA010120220809118816,일성갈비,한식,동천동,129.2293762,35.8491484,2.1,로컬상권
MA010120220812132500,영양시골칼국수,기타 간이,성건동,129.2099236,35.85167041,3.3,로컬상권
MA010120220813836611,꿀풀,한식,황남동,129.198545,35.80070865,10.7,핫플레이스
MA010120220803287548,새천년떡집,기타 간이,용강동,129.2264199,35.88311834,1.6,로컬상권
MA010120220809121492,미스터피자경주,기타 간이,황성동,129.2131847,35.86427,3.2,로컬상권
MA010120220806706468,희다방,비알코올 ,서면,129.049336,35.89275032,0.9,로컬상권
MA010120220809039231,다미정,한식,천북면,129.2562966,35.89966211,3.4,로컬상권
MA010120220809123334,황남아구찜해물찜,한식,용강동,129.2289139,35.88400914,1.6,로컬상권
MA010120220812854415,구토란,비알코올 ,내남면,129.1606786,35.75228752,4.1,로컬상권
MA010120220811590240,두양식당,구내식당·뷔페,천북면,129.2685754,35.93950822,3.4,로컬상권
MA010120220810205461,학창시절,주점,성건동,129.2054535,35.85411331,3.3,로컬상권
MA010120220813571297,현대셀프식육,한식,불국동,129.3059726,35.77230395,6.1,핫플레이스
MA010120220807979253,나루터회,한식,안강읍,129.2269585,35.98917758,3.2,로컬상권
MA010120220805329145,동경점,주점,동천동,129.2228399,35.85525246,2.1,로컬상권
MA010120220809210832,휴먼테크,비알코올 ,황성동,129.2116584,35.86431614,3.2,로컬상권
MA010120220809104340,캔모아,비알코올 ,황오동,129.2142954,35.8433183,11.3,핫플레이스
MA010120220808360510,천마경주빵찰보리빵,기타 간이,황남동,129.2150647,35.83516769,10.7,핫플레이스
MA010120220811712092,골목식당,한식,황오동,129.2143514,35.84374076,11.3,핫플레이스
MA010120220803547764,송이네,한식,산내면,129.0523046,35.67475491,1.0,로컬상권
MA010120220810768261,진미식당,한식,외동읍,129.3171437,35.74272441,5.0,핫플레이스
MA010120220805164788,불레,한식,황오동,129.2140953,35.84607018,11.3,핫플레이스
MA010120220809118037,시골분식,기타 간이,외동읍,129.3342463,35.67775322,5.0,핫플레이스
MA010120220803985933,꾸꾸삼겹경주,한식,황성동,129.2191573,35.86607899,3.2,로컬상권
MA010120220812211086,바라다,비알코올 ,감포읍,129.5031421,35.80772405,4.5,로컬상권
MA010120220814106087,회뜨는형제,한식,성건동,129.2077777,35.85530504,3.3,로컬상권
MA010120220811070401,유정다방,비알코올 ,양남면,129.4629683,35.67429541,4.6,로컬상권
MA010120220809112144,갈비마을,한식,황성동,129.214635,35.86507222,3.2,로컬상권
MA010120220812725962,별이빛나는밤,주점,황성동,129.2194869,35.86718118,3.2,로컬상권
MA010120220800529223,금잔화국수,한식,월성동,129.2490139,35.8410784,7.1,핫플레이스
MA010120220812044037,문정국밥,한식,안강읍,129.196192,36.00075557,3.2,로컬상권
MA010120220811516208,해송한옥집,한식,양남면,129.4630163,35.67190674,4.6,로컬상권
MA010120220804427077,산내GOONE바베큐,한식,산내면,129.0874881,35.72809786,1.0,로컬상권
MA010120220805400342,산죽한옥마을,한식,불국동,129.3095973,35.78370452,6.1,핫플레이스
MA010120220812199934,더커피나뜨래,비알코올 ,선도동,129.1761491,35.84493455,2.0,로컬상권
MA010120220808240473,동근이숯불두마리치킨,기타 간이,안강읍,129.1962464,36.00311527,3.2,로컬상권
MA010120220809123739,본가추어탕,한식,황오동,129.2039601,35.84214781,11.3,핫플레이스
MA010120220813726267,신라유스호스텔,한식,불국동,129.3290458,35.78438342,6.1,핫플레이스
MA010120220809105298,초우관광농원휴게실,비알코올 ,월성동,129.2566589,35.80859675,7.1,핫플레이스
MA010120220803594486,프렙,한식,황오동,129.2115508,35.84211642,11.3,핫플레이스
MA010120220814221798,짜객,중식,현곡면,129.2032138,35.86876034,1.2,로컬상권
MA010120220803041258,토함식당,한식,불국동,129.300547,35.77548044,6.1,핫플레이스
MA010120220812890586,황금,기타 간이,동천동,129.2293855,35.84868869,2.1,로컬상권
MA010120220811452521,화랑숯불,한식,동천동,129.2307885,35.84622983,2.1,로컬상권
MA010120220809124670,부호식당,한식,성건동,129.208981,35.85479635,3.3,로컬상권
MA010120220811515157,해궁회센타,한식,양남면,129.4550585,35.66625779,4.6,로컬상권
MA010120220809103366,쉬어가는집,한식,외동읍,129.3184292,35.71197423,5.0,핫플레이스
MA010120220809109090,커피명가보문점,비알코올 ,보덕동,129.2769237,35.8337678,12.9,핫플레이스
MA010120220805341362,열풍가요주점,주점,건천읍,129.1015054,35.8487957,7.6,핫플레이스
MA010120220802513549,자매다방,비알코올 ,건천읍,129.1054808,35.84678879,7.6,핫플레이스
MA010120220812789899,춘천닭갈비,한식,양남면,129.4704023,35.69979481,4.6,로컬상권
MA010120220805857750,대성다방,비알코올 ,감포읍,129.5022019,35.808077,4.5,로컬상권
MA010120220809120024,푸마시,주점,안강읍,129.1953258,36.00270864,3.2,로컬상권
MA010120220809101299,동화매운탕,한식,월성동,129.2162253,35.82796495,7.1,핫플레이스
MA010120220809117348,하림식당,중식,문무대왕면,129.4833327,35.73844295,2.4,로컬상권
MA010120220809102329,리빙하우스,한식,황오동,129.2161052,35.84512305,11.3,핫플레이스
MA010120220805523401,복꽃포차,주점,불국동,129.3080238,35.77212042,6.1,핫플레이스
MA010120220811040578,아콩,비알코올 ,용강동,129.2250249,35.88035098,1.6,로컬상권
MA010120220809772253,라라케이크,기타 간이,황성동,129.2195161,35.86624356,3.2,로컬상권
MA010120220814200665,카페디귿리을,비알코올 ,안강읍,129.2276794,36.00061618,3.2,로컬상권
MA010120220802285158,외동한우판매장,한식,외동읍,129.3252999,35.70965208,5.0,핫플레이스
MA010120220813039569,장독한우촌,한식,양남면,129.4556941,35.66646107,4.6,로컬상권
MA010120220809115796,한봉순해물찜,한식,황성동,129.2197801,35.86816691,3.2,로컬상권
MA010120220812851514,컴포즈커피황리단길점,비알코올 ,황남동,129.2112501,35.83686886,10.7,핫플레이스
MA010120220812477216,낭만호프,주점,황성동,129.2152361,35.86956634,3.2,로컬상권
MA010120220809106271,공단불고기식당,한식,황성동,129.2214406,35.87886757,3.2,로컬상권
MA010120220808438457,맷돌분식,기타 간이,불국동,129.3067031,35.77271342,6.1,핫플레이스
MA010120220810035651,명계시루곡식당,한식,내남면,129.2359164,35.7180956,4.1,로컬상권
MA010120220809125146,바코드,주점,성건동,129.2062437,35.85546839,3.3,로컬상권
MA010120220809124759,메이드바이사브리나,기타 간이,황오동,129.2207825,35.84537906,11.3,핫플레이스
MA010120220813678298,어향원,중식,황오동,129.2091474,35.84444029,11.3,핫플레이스
MA010120220809107267,진수미가경주빵찰보리빵,기타 간이,황오동,129.2035869,35.8386586,11.3,핫플레이스
MA010120220809103726,어심초밥&메밀,일식,황오동,129.2134465,35.84144176,11.3,핫플레이스
MA010120220806368320,두부천지,한식,황오동,129.2099912,35.84692967,11.3,핫플레이스
MA010120220800055570,텍사스큐경주점,한식,성건동,129.2046462,35.85653392,3.3,로컬상권
MA010120220813747393,다불로50자연산별미회,한식,용강동,129.2322402,35.87549562,1.6,로컬상권
MA010120220809115224,뚝배기한그릇,한식,황오동,129.2101761,35.84282651,11.3,핫플레이스
MA010120220814046906,맛집,한식,황오동,129.208668,35.84750365,11.3,핫플레이스
MA010120220807281191,동해해물아구찜,한식,안강읍,129.1955714,36.0019653,3.2,로컬상권
MA010120220809269898,부쉬,비알코올 ,황오동,129.2120216,35.84233301,11.3,핫플레이스
MA010120220809109775,LA돈까스식당,서양식,황오동,129.2122854,35.84704962,11.3,핫플레이스
MA010120220809107500,금복식당,한식,황오동,129.2108358,35.84267021,11.3,핫플레이스
MA010120220809126089,여기고기고기요기,한식,황오동,129.204515,35.83980392,11.3,핫플레이스
MA010120220809117034,류화담,한식,불국동,129.3148221,35.79609229,6.1,핫플레이스
MA010120220800229229,은정횟집,한식,감포읍,129.5030811,35.80437364,4.5,로컬상권
MA010120220810496244,우리숯불막창,한식,용강동,129.2298324,35.87964909,1.6,로컬상권
MA010120220809960373,성미분식성건동,기타 간이,성건동,129.2067435,35.84395286,3.3,로컬상권
MA010120220809104745,다담식당,한식,황오동,129.2130103,35.84366636,11.3,핫플레이스
MA010120220809120936,현대떡방아간,기타 간이,내남면,129.1977635,35.74903837,4.1,로컬상권
MA010120220800642054,만선호프경주점,주점,황오동,129.2124311,35.84233448,11.3,핫플레이스
MA010120220809113422,산호숯불곰장어,한식,양남면,129.4703059,35.69917509,4.6,로컬상권
MA010120220808193978,미소푸드,기타 간이,황오동,129.2035869,35.8386586,11.3,핫플레이스
MA010120220813525520,브이브이티버거,기타 간이,황오동,129.2075893,35.83933298,11.3,핫플레이스
MA010120220806947802,이상복경주빵,기타 간이,불국동,129.3002827,35.77436822,6.1,핫플레이스
MA010120220810110174,오남매국밥,한식,문무대왕면,129.3971983,35.7947746,2.4,로컬상권
MA010120220805227070,이스트1779,비알코올 ,월성동,129.2169013,35.82998884,7.1,핫플레이스
MA010120220808635699,지비컴퍼니메일빈24,비알코올 ,황성동,129.2136765,35.86801828,3.2,로컬상권
MA010120220812638785,장수갈비탕,한식,불국동,129.310895,35.77009199,6.1,핫플레이스
MA010120220809730656,까페시우,비알코올 ,성건동,129.189881,35.86175983,3.3,로컬상권
MA010120220802966351,고소하누,한식,불국동,129.3065067,35.78696254,6.1,핫플레이스
MA010120220803812066,한식부페미가,구내식당·뷔페,외동읍,129.2933985,35.70980499,5.0,핫플레이스
MA010120220809122459,파도횟집,한식,동천동,129.2264715,35.85648269,2.1,로컬상권
MA010120220813567065,호궁노래클럽,주점,감포읍,129.5032795,35.80435148,4.5,로컬상권
MA010120220806957191,진미돼지국밥,한식,선도동,129.1900471,35.82635459,2.0,로컬상권
MA010120220809100727,옛골식당,한식,감포읍,129.5016821,35.8056101,4.5,로컬상권
MA010120220812157411,유림다방,비알코올 ,문무대왕면,129.4418418,35.79288462,2.4,로컬상권
MA010120220809125854,김밥천국,기타 간이,성건동,129.1910399,35.86163957,3.3,로컬상권
MA010120220803133718,한마당식당,구내식당·뷔페,외동읍,129.3164642,35.66850071,5.0,핫플레이스
MA010120220809131432,현대식당,한식,외동읍,129.3363826,35.67186401,5.0,핫플레이스
MA010120220806744429,풍천민물장어,한식,성건동,129.2140926,35.85234149,3.3,로컬상권
MA010120220812154879,내일촌보양탕,한식,산내면,129.0524276,35.76783542,1.0,로컬상권
MA010120220807074787,솔내음식당,한식,감포읍,129.4937142,35.77681782,4.5,로컬상권
MA010120220811244577,안강수제돈까스,서양식,안강읍,129.2158225,35.9917806,3.2,로컬상권
MA010120220809119912,필가요주점,주점,보덕동,129.2884474,35.84549647,12.9,핫플레이스
MA010120220809114729,현곡떡집,기타 간이,현곡면,129.1767006,35.88694945,1.2,로컬상권
MA010120220809104134,경포회식당,한식,감포읍,129.5189435,35.83802725,4.5,로컬상권
MA010120220809113013,얀,비알코올 ,성건동,129.2039527,35.85587087,3.3,로컬상권
MA010120220813866977,콩나라식당,한식,안강읍,129.2266246,36.02106191,3.2,로컬상권
MA010120220812720246,여기바다,한식,용강동,129.2259194,35.8822446,1.6,로컬상권
MA010120220809101927,전주뚝배기,한식,불국동,129.3264778,35.78581173,6.1,핫플레이스
MA010120220809114435,양월식육식당,한식,안강읍,129.2270515,35.99130227,3.2,로컬상권
MA010120220813362988,진또배기,한식,용강동,129.2247829,35.86219954,1.6,로컬상권
MA010120220809107870,부산식당,한식,불국동,129.326894,35.78681283,6.1,핫플레이스
MA010120220809101171,황성한우숯불갈비,한식,황성동,129.2206698,35.86791619,3.2,로컬상권
MA010120220808295333,서라애,비알코올 ,보덕동,129.2898593,35.83455809,12.9,핫플레이스
MA010120220814307928,아빠피자,기타 간이,보덕동,129.270249,35.85968169,12.9,핫플레이스
MA010120220812137579,산장,한식,안강읍,129.1603486,36.0123453,3.2,로컬상권
MA010120220809118356,아리랑식당,한식,월성동,129.2566493,35.84458439,7.1,핫플레이스
MA010120220809154980,돈치킨,기타 간이,감포읍,129.5008273,35.80833087,4.5,로컬상권
MA010120220812031081,석장빌딩;수목토,비알코올 ,성건동,129.1911543,35.86097071,3.3,로컬상권
MA010120220805936798,카페982,비알코올 ,건천읍,129.0936453,35.85839415,7.6,핫플레이스
MA010120220809614912,주전부리,기타 간이,양남면,129.4707411,35.70039152,4.6,로컬상권
MA010120220809117330,통나무,한식,내남면,129.2053255,35.77591358,4.1,로컬상권
MA010120220809129923,우성막걸리,주점,용강동,129.224111,35.86192366,1.6,로컬상권
MA010120220804547268,칠불암식당,한식,동천동,129.2293461,35.84688734,2.1,로컬상권
MA010120220806475484,이상복경주빵카페,기타 간이,황남동,129.2151186,35.83431971,10.7,핫플레이스
MA010120220800453020,한끼미소,기타 간이,외동읍,129.3417669,35.72080282,5.0,핫플레이스
MA010120220805399352,그릭너리,기타 간이,황오동,129.2141618,35.84726734,11.3,핫플레이스
MA010120220809131470,미래식당,한식,외동읍,129.3298074,35.71344834,5.0,핫플레이스
MA010120220813416665,온천집,동남아시아,황남동,129.2091285,35.8377729,10.7,핫플레이스
MA010120220809117576,호반의왈츠,비알코올 ,현곡면,129.1789722,35.87569923,1.2,로컬상권
MA010120220809641581,자연애손칼국수,한식,선도동,129.1876298,35.84268062,2.0,로컬상권
MA010120220807712035,대봉,한식,선도동,129.1686217,35.8456744,2.0,로컬상권
MA010120220809118439,성주돈오리,한식,불국동,129.3277544,35.7833272,6.1,핫플레이스
MA010120220808300877,아재와오빠사이,기타 간이,성건동,129.2067435,35.84395286,3.3,로컬상권
MA010120220814381593,체리다방,비알코올 ,동천동,129.2228143,35.85155867,2.1,로컬상권
MA010120220809108542,신바람생숯불,한식,황성동,129.2112491,35.86591853,3.2,로컬상권
MA010120220804879938,다월명,비알코올 ,강동면,129.2527461,35.96967537,1.8,로컬상권
MA010120220812356112,어룸,비알코올 ,불국동,129.3099218,35.76931779,6.1,핫플레이스
MA010120220809109074,숙다방,비알코올 ,건천읍,129.1045779,35.85030976,7.6,핫플레이스
MA010120220809106694,황금생오리,한식,동천동,129.2227323,35.85694841,2.1,로컬상권
MA010120220809114235,이프,주점,성건동,129.2050488,35.85388647,3.3,로컬상권
MA010120220803191726,풀잎채보문점,한식,보덕동,129.2898593,35.83455809,12.9,핫플레이스
MA010120220806941576,락앤버거,주점,양남면,129.4706953,35.70069881,4.6,로컬상권
MA010120220813552605,카페드립,비알코올 ,동천동,129.2356738,35.84482348,2.1,로컬상권
MA010120220806950654,신한숯불생고기,한식,황오동,129.2150219,35.84596299,11.3,핫플레이스
MA010120220805450828,짱돌,한식,용강동,129.2293301,35.88345178,1.6,로컬상권
MA010120220813712982,호우메이디저트연구소,기타 간이,황성동,129.2171879,35.86214178,3.2,로컬상권
MA010120220809115573,아라쭈꾸미서경주점,한식,서면,129.0468938,35.89509871,0.9,로컬상권
MA010120220809128361,전원가든,한식,안강읍,129.2051237,35.93042841,3.2,로컬상권
MA010120220803250856,7공주쌀꽈배기,기타 간이,양남면,129.4737278,35.69231116,4.6,로컬상권
MA010120220809127316,막사,한식,동천동,129.2229983,35.85180755,2.1,로컬상권
MA010120220812655679,동양백반,한식,황남동,129.2100557,35.83529599,10.7,핫플레이스
MA010120220809862132,동일횟집,한식,양남면,129.462968,35.66674491,4.6,로컬상권
MA010120220809101003,월성횟집,한식,양남면,129.4689783,35.67976753,4.6,로컬상권
MA010120220805233045,목촌돼지국밥,한식,강동면,129.3128592,35.95654779,1.8,로컬상권
MA010120220809115776,오복떡방앗간,기타 간이,황오동,129.2167614,35.84484063,11.3,핫플레이스
MA010120220812403739,정아칼국수,한식,선도동,129.1731677,35.84558322,2.0,로컬상권
MA010120220809119760,이야기마을,주점,용강동,129.2298555,35.87928824,1.6,로컬상권
MA010120220814218295,외동떡방앗간,기타 간이,외동읍,129.3253956,35.71522766,5.0,핫플레이스
MA010120220805120535,그린얼음막걸리,주점,선도동,129.1866502,35.84247319,2.0,로컬상권
MA010120220805323177,짱아네,주점,성건동,129.2028138,35.84431333,3.3,로컬상권
MA010120220813193404,철이네,한식,용강동,129.2291707,35.87894956,1.6,로컬상권
MA010120220809120022,고향떡，참기름,기타 간이,안강읍,129.2251087,35.99121219,3.2,로컬상권
MA010120220809130760,짚동아리쌩주경주,주점,성건동,129.1907738,35.86122093,3.3,로컬상권
MA010120220806857533,개풍관외동돼지국밥한식부페,한식,외동읍,129.2716096,35.71048874,5.0,핫플레이스
MA010120220809123109,돈앤콩부인,한식,용강동,129.2352601,35.87107842,1.6,로컬상권
MA010120220809120699,성혼폐백,기타 간이,황성동,129.2103765,35.86479027,3.2,로컬상권
MA010120220809124490,회식당,한식,감포읍,129.4913649,35.78939937,4.5,로컬상권
MA010120220814269052,홍씨횟집,한식,감포읍,129.4853446,35.74592474,4.5,로컬상권
MA010120220809131468,부광식당,한식,강동면,129.248545,35.97474586,1.8,로컬상권
MA010120220809101891,미스터딴또딴또,서양식,성건동,129.2056004,35.85502067,3.3,로컬상권
MA010120220803075049,혜화동돈까스극장경주점,일식,황성동,129.2102332,35.86640577,3.2,로컬상권
MA010120220804993012,나는조선의떡볶이다&내가조선의닭발이다,기타 간이,성건동,129.2072344,35.85526997,3.3,로컬상권
MA010120220809122979,바이림의착한커피,비알코올 ,동천동,129.2213437,35.85676686,2.1,로컬상권
MA010120220806751536,프라하,비알코올 ,천북면,129.2764629,35.86834909,3.4,로컬상권
MA010120220808914873,카페반하다,비알코올 ,산내면,129.0455544,35.75849116,1.0,로컬상권
MA010120220809121103,까치식당,한식,안강읍,129.2338431,35.918355,3.2,로컬상권
MA010120220811201676,오슬로,비알코올 ,월성동,129.228031,35.82480017,7.1,핫플레이스
MA010120220800659965,까투리,주점,동천동,129.2312511,35.84891535,2.1,로컬상권
MA010120220809959228,가라반,한식,성건동,129.2064811,35.85644616,3.3,로컬상권
MA010120220809129011,한잔의추억,주점,건천읍,129.1039585,35.84906813,7.6,핫플레이스
MA010120220809108411,다래떡방앗간,기타 간이,동천동,129.229382,35.84856261,2.1,로컬상권
MA010120220809123493,품안커피숍,비알코올 ,불국동,129.3121669,35.79835094,6.1,핫플레이스
MA010120220812800034,족발만을보쌈,한식,불국동,129.3097089,35.77113295,6.1,핫플레이스
MA010120220809108569,마석산가든,한식,외동읍,129.2801143,35.74451352,5.0,핫플레이스
MA010120220809103745,정통본가가야밀면,한식,동천동,129.2299643,35.84999347,2.1,로컬상권
MA010120220809102483,광명각,중식,안강읍,129.2151979,35.99085507,3.2,로컬상권
MA010120220813814097,박용자경주명동쫄면,기타 간이,불국동,129.3259912,35.78619057,6.1,핫플레이스
MA010120220804043876,다온카페,비알코올 ,외동읍,129.3333516,35.68002318,5.0,핫플레이스
MA010120220806503175,경미양과,기타 간이,황오동,129.2167799,35.84192992,11.3,핫플레이스
MA010120220803540404,길커피,비알코올 ,황오동,129.2163118,35.84538956,11.3,핫플레이스
MA010120220809111081,백운산장,한식,산내면,129.0757841,35.70633193,1.0,로컬상권
MA010120220803577096,사월,비알코올 ,성건동,129.2136006,35.85017003,3.3,로컬상권
MA010120220810205961,호루라기분식,기타 간이,황오동,129.2166022,35.84190617,11.3,핫플레이스
MA010120220809130747,궁짜이,중식,성건동,129.2060639,35.84338868,3.3,로컬상권
MA010120220813310189,박달슈퍼식당,한식,내남면,129.1289477,35.74750115,4.1,로컬상권
MA010120220809991752,능포식당,한식,외동읍,129.3133014,35.76271129,5.0,핫플레이스
MA010120220812459872,천하식당,한식,외동읍,129.3194383,35.67893159,5.0,핫플레이스
MA010120220811733708,향밀,일식,황남동,129.2098974,35.8347763,10.7,핫플레이스
MA010120220808409168,카운츠커피,비알코올 ,선도동,129.1893266,35.84160448,2.0,로컬상권
MA010120220804889212,진수식당,한식,안강읍,129.2279471,35.99634036,3.2,로컬상권
MA010120220803281203,Y베이커리,기타 간이,불국동,129.3091472,35.77120682,6.1,핫플레이스
MA010120220811001388,화소담,비알코올 ,양남면,129.4349664,35.66526942,4.6,로컬상권
MA010120220809113416,골목닭갈비,주점,황성동,129.21959,35.86809834,3.2,로컬상권
MA010120220808779732,송옥,한식,외동읍,129.3119807,35.67920125,5.0,핫플레이스
MA010120220809127771,해와바다,기타 간이,감포읍,129.5174426,35.83675229,4.5,로컬상권
MA010120220809129580,첨성호두빵,기타 간이,황오동,129.2174581,35.84323293,11.3,핫플레이스
MA010120220804576257,작은술집,주점,선도동,129.1854826,35.84347659,2.0,로컬상권
MA010120220809108708,수도회식당,한식,감포읍,129.4955162,35.79201622,4.5,로컬상권
MA010120220812131296,비에이치씨경주모화점,기타 간이,외동읍,129.3305004,35.68223192,5.0,핫플레이스
MA010120220810361496,희,주점,안강읍,129.2189872,35.99116344,3.2,로컬상권
MA010120220804433004,장독대,주점,성건동,129.2051066,35.84358646,3.3,로컬상권
MA010120220809103694,합동식당,한식,황오동,129.216809,35.84297459,11.3,핫플레이스
MA010120220812936792,빠삭,서양식,황오동,129.2136744,35.84168084,11.3,핫플레이스
MA010120220809127439,건천다방,비알코올 ,건천읍,129.1051263,35.84719148,7.6,핫플레이스
MA010120220809116558,마장동식육식당,한식,성건동,129.206587,35.85387624,3.3,로컬상권
MA010120220806458716,우리집먹거리,한식,성건동,129.2084654,35.8529677,3.3,로컬상권
MA010120220809106248,대궁식당,한식,황남동,129.2109966,35.82454721,10.7,핫플레이스
MA010120220806058570,부영한우,한식,외동읍,129.3408484,35.68713995,5.0,핫플레이스
MA010120220805954199,흙다방,비알코올 ,안강읍,129.2248481,35.99180269,3.2,로컬상권
MA010120220804611161,하얀집,비알코올 ,외동읍,129.3222306,35.72912875,5.0,핫플레이스
MA010120220805837175,오복미역,한식,보덕동,129.2984233,35.83109676,12.9,핫플레이스
MA010120220809112673,동해가자미,한식,외동읍,129.3204905,35.7114299,5.0,핫플레이스
MA010120220809673985,두끼경주점더리터경주,비알코올 ,황성동,129.2120213,35.86422837,3.2,로컬상권
MA010120220809130797,투다리청우점,주점,황성동,129.2188304,35.86824753,3.2,로컬상권
MA010120220812488334,땅스부대찌개성동,한식,황오동,129.215543,35.84599843,11.3,핫플레이스
MA010120220809117454,청산가든식당,한식,산내면,128.9858749,35.75522044,1.0,로컬상권
MA010120220800624497,경주시니어클럽카페앤플레이스,비알코올 ,성건동,129.2034447,35.84271592,3.3,로컬상권
MA010120220809126146,위스,비알코올 ,동천동,129.2250461,35.8553828,2.1,로컬상권
MA010120220809100832,관동횟집,한식,양남면,129.4550585,35.66625779,4.6,로컬상권
MA010120220809122260,감포시장식육식당,한식,감포읍,129.5017088,35.80434816,4.5,로컬상권
MA010120220809115556,동대막창,한식,성건동,129.2081267,35.85511841,3.3,로컬상권
MA010120220801659221,낙지천국,한식,양남면,129.4618603,35.67704816,4.6,로컬상권
MA010120220812543568,맛자랑,한식,불국동,129.3062205,35.81225098,6.1,핫플레이스
MA010120220802957100,해뜰김밥,기타 간이,안강읍,129.2158638,35.99325752,3.2,로컬상권
MA010120220808600505,맛과멋을고기에담다,한식,용강동,129.2270277,35.88189067,1.6,로컬상권
MA010120220811215522,영남식육식당,한식,건천읍,129.103919,35.85008702,7.6,핫플레이스
MA010120220808046201,토강,기타 간이,동천동,129.2188734,35.8527218,2.1,로컬상권
MA010120220812905896,잔비어쓰,주점,안강읍,129.1953258,36.00270864,3.2,로컬상권
MA010120220812134586,붉은호랑이,주점,황남동,129.209057,35.83679208,10.7,핫플레이스
MA010120220803429326,금길숯불구이,한식,성건동,129.2064857,35.85341857,3.3,로컬상권
MA010120220809101113,삼정각,중식,동천동,129.226749,35.85572067,2.1,로컬상권
MA010120220809109952,풍년참가자미,한식,동천동,129.2274329,35.85682527,2.1,로컬상권
MA010120220812217648,디저트39경주점,비알코올 ,황오동,129.2177182,35.84859834,11.3,핫플레이스
MA010120220810395597,신경주빵카페,기타 간이,불국동,129.3135801,35.79063794,6.1,핫플레이스
MA010120220809112678,만조아구찜,한식,동천동,129.2228188,35.85211723,2.1,로컬상권
MA010120220806512430,스시하루방,일식,용강동,129.2273315,35.88166878,1.6,로컬상권
MA010120220808639598,감포로383,한식,감포읍,129.5081529,35.82073792,4.5,로컬상권
MA010120220813428600,연안보리밥뷔페칼국수,한식,외동읍,129.3206674,35.7270505,5.0,핫플레이스
MA010120220809109868,진아식육식당,한식,월성동,129.2198135,35.8372155,7.1,핫플레이스
MA010120220806159046,르레파스,서양식,황남동,129.2093989,35.83794814,10.7,핫플레이스
MA010120220812615238,용궁참가자미,한식,동천동,129.2293526,35.84632858,2.1,로컬상권
MA010120220813406242,물물,비알코올 ,건천읍,129.1046714,35.85049734,7.6,핫플레이스
MA010120220808875216,배스킨라빈스,기타 간이,황성동,129.214251,35.8655929,3.2,로컬상권
MA010120220810351133,황제식당,한식,산내면,129.0442965,35.75685456,1.0,로컬상권
MA010120220809125365,계림본가,기타 간이,황오동,129.2174651,35.84348509,11.3,핫플레이스
MA010120220811523143,플라비우스,비알코올 ,보덕동,129.2681442,35.85263034,12.9,핫플레이스
MA010120220810484807,구이천국,한식,동천동,129.2262575,35.85041364,2.1,로컬상권
MA010120220809102332,실크로드,주점,성건동,129.2043243,35.84370895,3.3,로컬상권
MA010120220809229308,용문각,중식,용강동,129.2248847,35.86148584,1.6,로컬상권
MA010120220809101839,동천육회,한식,동천동,129.2228628,35.85567553,2.1,로컬상권
MA010120220809111635,산해식당,한식,월성동,129.2507668,35.84123479,7.1,핫플레이스
MA010120220809432161,서라벌떡집,기타 간이,성건동,129.2060639,35.84338868,3.3,로컬상권
MA010120220809110001,평창강매운탕,한식,황남동,129.2104366,35.80914058,10.7,핫플레이스
MA010120220805926231,왕신웰빙우렁이쌈밥,한식,강동면,129.2867755,35.93283756,1.8,로컬상권
MA010120220809103333,천일떡집,기타 간이,성건동,129.2067435,35.84395286,3.3,로컬상권
MA010120220809103629,부산찐빵,기타 간이,황오동,129.2174913,35.84204294,11.3,핫플레이스
MA010120220810582085,등뼈,한식,양남면,129.4592113,35.71052989,4.6,로컬상권
MA010120220809127049,우방매운탕,한식,안강읍,129.1953064,36.00280811,3.2,로컬상권
MA010120220809104019,복실이농산,구내식당·뷔페,외동읍,129.3245136,35.66925556,5.0,핫플레이스
MA010120220807206608,이가네셀프식육식당,한식,황오동,129.2156885,35.85003242,11.3,핫플레이스
MA010120220805141677,카페괘릉,비알코올 ,외동읍,129.3140479,35.76214729,5.0,핫플레이스
MA010120220804405769,진현동경주빵,기타 간이,불국동,129.3220431,35.77895956,6.1,핫플레이스
MA010120220809103796,남정부일기사식당,한식,황남동,129.2058153,35.79083505,10.7,핫플레이스
MA010120220803703468,로머스커피,비알코올 ,불국동,129.3278151,35.78502897,6.1,핫플레이스
MA010120220804968397,조은먹거리,한식,외동읍,129.3310698,35.71506377,5.0,핫플레이스
MA010120220807720679,또래오래치킨,기타 간이,감포읍,129.5014277,35.80666955,4.5,로컬상권
MA010120220809301874,가족국시방,한식,성건동,129.204912,35.84614901,3.3,로컬상권
MA010120220805857740,경주특산명과의집,기타 간이,보덕동,129.2634788,35.85203358,12.9,핫플레이스
MA010120220812521359,경주남빙고,주점,동천동,129.2297251,35.85053853,2.1,로컬상권
MA010120220813966322,읍천리382경주,비알코올 ,황성동,129.2127651,35.86390831,3.2,로컬상권
MA010120220808704485,모퉁이대일식당,한식,동천동,129.2282724,35.84964643,2.1,로컬상권
MA010120220803704415,명소돼지국밥,한식,건천읍,129.0848116,35.83934608,7.6,핫플레이스
MA010120220809107486,현대삼계탕,한식,건천읍,129.1042767,35.84896344,7.6,핫플레이스
MA010120220806607734,텐퍼센트커피경주,비알코올 ,동천동,129.2257305,35.85650543,2.1,로컬상권
MA010120220809126743,고향할매맛집,한식,감포읍,129.5026254,35.80465343,4.5,로컬상권
MA010120220809121736,경주쭈꾸미,한식,성건동,129.2021114,35.84252412,3.3,로컬상권
MA010120220806454583,해미우시장,한식,내남면,129.2004584,35.75136788,4.1,로컬상권
MA010120220807085987,제이엠에프앤비,한식,황남동,129.2106842,35.83601427,10.7,핫플레이스
MA010120220802375929,마장동숯불구이,한식,황성동,129.2192545,35.86996068,3.2,로컬상권
MA010120220810766620,불국사밀면,한식,불국동,129.3003727,35.77633976,6.1,핫플레이스
MA010120220807718371,대호네식당,한식,서면,129.0510587,35.89299122,0.9,로컬상권
MA010120220809694487,돌판뒷고기,한식,용강동,129.2273024,35.8826064,1.6,로컬상권
MA010120220812881236,금빛커피숍,비알코올 ,안강읍,129.2255015,35.9905922,3.2,로컬상권
MA010120220806870304,서면다방,비알코올 ,서면,129.0489405,35.89373022,0.9,로컬상권
MA010120220801940383,건천고속기사식당,한식,건천읍,129.085938,35.83967794,7.6,핫플레이스
MA010120220812556609,현풍닭칼국수,한식,동천동,129.2259721,35.85604142,2.1,로컬상권
MA010120220812440743,원더풀명품찹쌀꽈배기,기타 간이,감포읍,129.5021716,35.80499624,4.5,로컬상권
MA010120220811841346,효성삼겹살,한식,황성동,129.2191123,35.86644925,3.2,로컬상권
MA010120220814015947,이디야커피경주,비알코올 ,황오동,129.2237064,35.84625304,11.3,핫플레이스
MA010120220809102021,형산강오리,한식,현곡면,129.2056753,35.87968083,1.2,로컬상권
MA010120220806041196,드반트,비알코올 ,안강읍,129.197173,36.00134129,3.2,로컬상권
MA010120220809112497,플레도,비알코올 ,불국동,129.3256454,35.78380954,6.1,핫플레이스
MA010120220802910649,향기숲다방,비알코올 ,건천읍,129.1010254,35.84864191,7.6,핫플레이스
MA010120220806664567,삼성웰스토리경신경주공장,구내식당·뷔페,강동면,129.2643888,35.97836719,1.8,로컬상권
MA010120220805472633,투다리금장점,주점,현곡면,129.2030824,35.86801489,1.2,로컬상권
MA010120220809126566,세방농원분식,기타 간이,황남동,129.2090076,35.80028251,10.7,핫플레이스
MA010120220809111617,화림정한식당,한식,월성동,129.220468,35.83608611,7.1,핫플레이스
MA010120220812132385,유성FS,구내식당·뷔페,내남면,129.2339471,35.72591731,4.1,로컬상권
MA010120220809113292,공단먹돌이,한식,외동읍,129.3370928,35.72911117,5.0,핫플레이스
MA010120220814083928,반반다방,비알코올 ,외동읍,129.3253428,35.71112896,5.0,핫플레이스
MA010120220810994890,관문성,중식,외동읍,129.329398,35.69824674,5.0,핫플레이스
MA010120220814062125,시골맷돌순두부,한식,외동읍,129.3055222,35.67696442,5.0,핫플레이스
MA010120220808649687,열정국밥,한식,동천동,129.2217113,35.85288558,2.1,로컬상권
MA010120220809109440,해림횟집,한식,감포읍,129.4911707,35.79097113,4.5,로컬상권
MA010120220811000487,황우정,한식,외동읍,129.3290902,35.70133425,5.0,핫플레이스
MA010120220813672385,마이스토리,동남아시아,외동읍,129.3232096,35.71490048,5.0,핫플레이스
MA010120220809103401,맥치킨호프,기타 간이,용강동,129.2245923,35.86211297,1.6,로컬상권
MA010120220812556296,황새회식당,한식,양남면,129.45972,35.66632479,4.6,로컬상권
MA010120220814154800,투모아,주점,동천동,129.2268861,35.85270865,2.1,로컬상권
MA010120220809156411,그림커피,비알코올 ,황남동,129.2147829,35.83538012,10.7,핫플레이스
MA010120220805123244,그집포차,주점,외동읍,129.3260301,35.7104489,5.0,핫플레이스
MA010120220811894398,주연실비,주점,성건동,129.2028813,35.84395167,3.3,로컬상권
MA010120220809118742,대영불짜장,중식,황오동,129.2148006,35.84198445,11.3,핫플레이스
MA010120220805402169,사천성,중식,외동읍,129.3282398,35.7013417,5.0,핫플레이스
MA010120220806941588,회식당,한식,감포읍,129.502567,35.80490692,4.5,로컬상권
MA010120220803541443,태양반점,중식,안강읍,129.2250425,35.98964564,3.2,로컬상권
MA010120220805203314,발리단길,동남아시아,황남동,129.2076024,35.83661158,10.7,핫플레이스
MA010120220809127779,구내식당,구내식당·뷔페,서면,129.0476424,35.90094289,0.9,로컬상권
MA010120220804124586,파리바게뜨경주용황점,기타 간이,용강동,129.2274622,35.88317109,1.6,로컬상권
MA010120220812797539,국빈,중식,동천동,129.2239615,35.85578133,2.1,로컬상권
MA010120220809122239,강동한우숯불갈비,한식,강동면,129.2965966,35.95942814,1.8,로컬상권
MA010120220808145429,진솔,한식,강동면,129.2893808,35.97205414,1.8,로컬상권
MA010120220806741013,무진장하우스,주점,서면,129.0503285,35.8925892,0.9,로컬상권
MA010120220809677344,시장식당,한식,건천읍,129.1053294,35.84859358,7.6,핫플레이스
MA010120220814102750,이리네국수랑김밥,기타 간이,불국동,129.3018772,35.77905011,6.1,핫플레이스
MA010120220809124886,은파다방,비알코올 ,양남면,129.4632521,35.67419049,4.6,로컬상권
MA010120220814190566,좋은일,한식,감포읍,129.5017088,35.80434816,4.5,로컬상권
MA010120220806952222,카페마당,비알코올 ,건천읍,129.1021566,35.84873024,7.6,핫플레이스
MA010120220803137853,유리회센터,한식,감포읍,129.502011,35.80410761,4.5,로컬상권
MA010120220813404812,원더풀꽈배기,기타 간이,천북면,129.2691006,35.89586169,3.4,로컬상권
MA010120220803921903,카페희월,비알코올 ,동천동,129.226259,35.85600907,2.1,로컬상권
MA010120220812778458,카페푸릇,비알코올 ,월성동,129.2691836,35.80015242,7.1,핫플레이스
MA010120220809120820,영양반점과밀면,한식,성건동,129.2067746,35.84587152,3.3,로컬상권
MA010120220812880479,낙타7080,주점,성건동,129.2054608,35.85557287,3.3,로컬상권
MA010120220812150334,명동김밥,기타 간이,황오동,129.2163118,35.84538956,11.3,핫플레이스
MA010120220813786153,대성다방,비알코올 ,감포읍,129.5022019,35.808077,4.5,로컬상권
MA010120220811521468,남장마을,한식,황오동,129.2172791,35.84992197,11.3,핫플레이스
MA010120220804407364,최가손떡,기타 간이,황성동,129.2201347,35.86461025,3.2,로컬상권
MA010120220809126580,먹자촌,기타 간이,황오동,129.2170745,35.84296969,11.3,핫플레이스
MA010120220807489345,쫀득쫀득가람댁불타는막창,기타 간이,성건동,129.2099836,35.85383181,3.3,로컬상권
MA010120220809128034,시골분식,기타 간이,황오동,129.2169441,35.8450445,11.3,핫플레이스
MA010120220803705016,보승다방,비알코올 ,불국동,129.3005969,35.77491183,6.1,핫플레이스
MA010120220808050233,강남다방,비알코올 ,안강읍,129.2185835,35.99060327,3.2,로컬상권
MA010120220809120058,시골밥상,한식,안강읍,129.1632275,36.009338,3.2,로컬상권
MA010120220804656984,쉼터국시,한식,불국동,129.3187169,35.77788847,6.1,핫플레이스
MA010120220812628502,토향,한식,천북면,129.2845753,35.90874113,3.4,로컬상권
MA010120220809126236,파리바게트충효점,기타 간이,선도동,129.1856992,35.84209404,2.0,로컬상권
MA010120220809835382,카페소나기,비알코올 ,성건동,129.2031237,35.85311086,3.3,로컬상권
MA010120220809307407,법인글로리팜,기타 간이,황남동,129.2094109,35.83519071,10.7,핫플레이스
MA010120220807032037,정다방,비알코올 ,안강읍,129.2275264,35.99084293,3.2,로컬상권
MA010120220805133491,오누이,비알코올 ,동천동,129.2257708,35.85675698,2.1,로컬상권
MA010120220806751464,더벤티경주,비알코올 ,용강동,129.2286129,35.87682445,1.6,로컬상권
MA010120220804022338,알앤피커뮤니케이션,서양식,황오동,129.2150581,35.84328622,11.3,핫플레이스
MA010120220809113833,구황반점,중식,황오동,129.2272261,35.84152043,11.3,핫플레이스
MA010120220809114757,다정순대국,한식,동천동,129.2259685,35.85314014,2.1,로컬상권
MA010120220800609278,시골밥상,한식,성건동,129.2067435,35.84395286,3.3,로컬상권
MA010120220809115045,서라벌맷돌순두부,한식,월성동,129.2594274,35.80636421,7.1,핫플레이스
MA010120220809235696,경주반점,중식,용강동,129.2303474,35.87669313,1.6,로컬상권
MA010120220809104943,덕성매운탕,한식,동천동,129.2253887,35.85773718,2.1,로컬상권
MA010120220806880258,씬커피,비알코올 ,황성동,129.2195095,35.88266962,3.2,로컬상권
MA010120220809103978,문복산가든,한식,산내면,129.0536436,35.66279254,1.0,로컬상권
MA010120220803109954,도초,한식,황남동,129.192335,35.80052475,10.7,핫플레이스
MA010120220809113439,경주원조콩국집,한식,황남동,129.214718,35.83344407,10.7,핫플레이스
MA010120220809109903,퀀식당,주점,황오동,129.2152492,35.84577859,11.3,핫플레이스
MA010120220809110500,고색창연,한식,불국동,129.3159844,35.790033,6.1,핫플레이스
MA010120220807090736,막끌리나,주점,선도동,129.1793939,35.84461441,2.0,로컬상권
MA010120220809275722,리오넬과루이하우스,서양식,양남면,129.4076888,35.66581823,4.6,로컬상권
MA010120220809128370,김밥천국,기타 간이,안강읍,129.2253756,35.99084683,3.2,로컬상권
MA010120220809122732,초원식당,한식,강동면,129.2550919,36.00107682,1.8,로컬상권
MA010120220809122568,수도산조개구이,한식,선도동,129.1968023,35.84222487,2.0,로컬상권
MA010120220809106745,충효닭집,기타 간이,성건동,129.2062792,35.84277201,3.3,로컬상권
MA010120220809106750,동명떡방앗간,기타 간이,외동읍,129.326623,35.71450112,5.0,핫플레이스
MA010120220809981069,낙동생오리,한식,안강읍,129.1951244,36.00144188,3.2,로컬상권
MA010120220807721908,용강국밥,한식,건천읍,129.1038712,35.85246667,7.6,핫플레이스
MA010120220810391617,피자스쿨경주충효점,기타 간이,선도동,129.1805885,35.84378179,2.0,로컬상권
MA010120220810019293,평양한방족발보쌈,한식,안강읍,129.1942434,36.0020617,3.2,로컬상권
MA010120220800091326,소풍막창,한식,성건동,129.2096757,35.85031439,3.3,로컬상권
MA010120220807167944,광명횟집,한식,동천동,129.2269039,35.85215869,2.1,로컬상권
MA010120220803328481,그시절옛날통닭,기타 간이,황성동,129.2142969,35.86724096,3.2,로컬상권
MA010120220809929339,다온,한식,보덕동,129.2631349,35.85239146,12.9,핫플레이스
MA010120220814190805,황제코다리,한식,동천동,129.224898,35.85523237,2.1,로컬상권
MA010120220802976498,로맨스,주점,양남면,129.4711565,35.70096865,4.6,로컬상권
MA010120220802907663,카페문리버,비알코올 ,현곡면,129.2028895,35.86504498,1.2,로컬상권
MA010120220800656267,더진현,한식,불국동,129.3252824,35.78501493,6.1,핫플레이스
MA010120220803098434,낭만커피,비알코올 ,안강읍,129.1600184,36.01487414,3.2,로컬상권
MA010120220806899138,꾸이한끼건천점,일식,건천읍,129.1006088,35.84795537,7.6,핫플레이스
MA010120220810333028,베리나이스,비알코올 ,보덕동,129.2909001,35.83958401,12.9,핫플레이스
MA010120220810453823,이올리오,서양식,황오동,129.2123399,35.84144412,11.3,핫플레이스
MA010120220809113832,가마솥순두부,한식,월성동,129.2424063,35.79385219,7.1,핫플레이스
MA010120220805836451,카페베리스,비알코올 ,황성동,129.2195804,35.86894549,3.2,로컬상권
MA010120220809111966,신풍대패삼겹살,한식,선도동,129.1844172,35.84296435,2.0,로컬상권
MA010120220811048044,가우디식육식당,한식,외동읍,129.3163046,35.67940643,5.0,핫플레이스
MA010120220809127195,짱궤(快),중식,동천동,129.2247523,35.85674882,2.1,로컬상권
MA010120220809127223,모던족,한식,선도동,129.1888782,35.8413964,2.0,로컬상권
MA010120220809128300,혜정이네갈비,한식,안강읍,129.2120037,35.99200428,3.2,로컬상권
MA010120220809101961,정자횟집,한식,황성동,129.221252,35.88321406,3.2,로컬상권
MA010120220806642473,투개더,한식,외동읍,129.291115,35.65277603,5.0,핫플레이스
MA010120220807882941,꽃다방,비알코올 ,안강읍,129.2282528,35.99301892,3.2,로컬상권
MA010120220809114112,원조간바지식당,한식,용강동,129.2266816,35.8600379,1.6,로컬상권
MA010120220809102608,경주회식당,한식,감포읍,129.4945808,35.79216178,4.5,로컬상권
MA010120220809103031,원영숙임대,한식,보덕동,129.262443,35.85141336,12.9,핫플레이스
MA010120220809119702,경주명품빵,기타 간이,황남동,129.2035322,35.83828116,10.7,핫플레이스
MA010120220809121976,곱창왕국,한식,동천동,129.2240072,35.85186997,2.1,로컬상권
MA010120220800105777,훼미리,한식,안강읍,129.2280399,35.98781497,3.2,로컬상권
MA010120220809124550,삼성반점,중식,성건동,129.2071849,35.85508166,3.3,로컬상권
MA010120220809124806,카페미르,한식,강동면,129.2825921,36.01610785,1.8,로컬상권
MA010120220809116973,도찐개찐실비,주점,동천동,129.2341253,35.84682557,2.1,로컬상권
MA010120220809117321,청담한정식,한식,동천동,129.2258775,35.85503401,2.1,로컬상권
MA010120220805510574,마시소,동남아시아,성건동,129.2051055,35.85313756,3.3,로컬상권
MA010120220809115602,송림식당,한식,천북면,129.2693914,35.89518944,3.4,로컬상권
MA010120220810439911,삼거리,한식,문무대왕면,129.4233797,35.80291716,2.4,로컬상권
MA010120220810229919,지리산꺼먹돼지,한식,동천동,129.2264573,35.85399608,2.1,로컬상권
MA010120220812128426,설기떡방,기타 간이,선도동,129.1774963,35.84482904,2.0,로컬상권
MA010120220809106839,삼부식당,한식,황오동,129.208659,35.8443862,11.3,핫플레이스
MA010120220809115777,정회,한식,황오동,129.2097055,35.84899832,11.3,핫플레이스
MA010120220806025482,선희횟집,한식,양남면,129.4751237,35.69673344,4.6,로컬상권
MA010120220805519651,큰돼지막창,한식,동천동,129.2330698,35.84746692,2.1,로컬상권
MA010120220813609131,심술,주점,황성동,129.2158966,35.86823863,3.2,로컬상권
MA010120220806384686,버팔로경주점,기타 간이,황오동,129.2052621,35.83961,11.3,핫플레이스
MA010120220808561143,소문식당,한식,황오동,129.2127169,35.84425745,11.3,핫플레이스
MA010120220806799128,서울뒷고기.막창,한식,황오동,129.206343,35.84068041,11.3,핫플레이스
MA010120220808444379,별미찬분식,기타 간이,황오동,129.2072897,35.84050083,11.3,핫플레이스
MA010120220809116529,탑베이커리,기타 간이,황성동,129.2110622,35.86636348,3.2,로컬상권
MA010120220802515385,탭하우스블러펍,주점,황오동,129.2045745,35.83995601,11.3,핫플레이스
MA010120220813810540,술자리가학교당,주점,황성동,129.2144588,35.8670938,3.2,로컬상권
MA010120220802921239,금성로242,비알코올 ,황오동,129.207402,35.83936345,11.3,핫플레이스
MA010120220803003622,차차차다방,비알코올 ,문무대왕면,129.4408158,35.79115752,2.4,로컬상권
MA010120220807943261,광명반점,중식,성건동,129.2084024,35.85388792,3.3,로컬상권
MA010120220808008880,온정족발보쌈,한식,안강읍,129.2207716,35.99074297,3.2,로컬상권
MA010120220810222220,경주김치찜,한식,현곡면,129.1967766,35.86856291,1.2,로컬상권
MA010120220813983760,건천산내매운탕,한식,건천읍,129.1029931,35.84687743,7.6,핫플레이스
MA010120220808796503,정따라마음따라,주점,황성동,129.2152844,35.86970962,3.2,로컬상권
MA010120220809784975,현대쌈밥,한식,감포읍,129.4883573,35.74897088,4.5,로컬상권
MA010120220802242535,옹심이메밀칼국수,한식,외동읍,129.3372235,35.71921526,5.0,핫플레이스
MA010120220805221479,감포횟집,한식,안강읍,129.1951059,36.00197383,3.2,로컬상권
MA010120220808527412,엘리펀트피자경주점,기타 간이,황성동,129.2106916,35.86975822,3.2,로컬상권
MA010120220813443234,한동식당,한식,안강읍,129.1839961,36.00080715,3.2,로컬상권
MA010120220812381884,카페몰리,비알코올 ,황오동,129.2037782,35.84077255,11.3,핫플레이스
MA010120220803585267,화랑경주빵,기타 간이,황남동,129.2080891,35.83899941,10.7,핫플레이스
MA010120220800827143,수빈포차,주점,안강읍,129.2203729,35.99075936,3.2,로컬상권
MA010120220800677442,죽방렴멸치쌈밥,한식,동천동,129.2246403,35.85393064,2.1,로컬상권
MA010120220803124509,우주,주점,동천동,129.2276042,35.84949664,2.1,로컬상권
MA010120220809115028,투다리,주점,성건동,129.205498,35.85292312,3.3,로컬상권
MA010120220812172026,부어치킨,기타 간이,황오동,129.2112236,35.8426901,11.3,핫플레이스
MA010120220808745879,깐슈탕슈,중식,성건동,129.2067435,35.84395286,3.3,로컬상권
MA010120220812734450,등뼈가경주보문점,한식,보덕동,129.2863675,35.8439773,12.9,핫플레이스
MA010120220812906246,금장종로떡접,기타 간이,현곡면,129.205464,35.86966513,1.2,로컬상권
MA010120220813641523,손여사의달콤한놀이터,기타 간이,안강읍,129.1964097,36.00300415,3.2,로컬상권
MA010120220811572568,용암이한방족발,한식,황오동,129.2153374,35.84576795,11.3,핫플레이스
MA010120220809109490,신광회,한식,감포읍,129.4937014,35.76189759,4.5,로컬상권
MA010120220809113162,구이구이,한식,양남면,129.4617226,35.67724018,4.6,로컬상권
MA010120220804375946,술이야,한식,양남면,129.4707027,35.70022112,4.6,로컬상권
MA010120220804970373,웰빙황토우렁이쌈밥,한식,현곡면,129.1470339,35.90323403,1.2,로컬상권
MA010120220812666430,허봉욱임대,한식,성건동,129.2070718,35.85339879,3.3,로컬상권
MA010120220811048230,로그캐빈,한식,산내면,129.0523682,35.67551075,1.0,로컬상권
MA010120220809120492,명동오리,한식,천북면,129.2880154,35.92627252,3.4,로컬상권
MA010120220809113152,아지트,한식,동천동,129.223113,35.85710355,2.1,로컬상권
MA010120220812898912,모범돼지,한식,동천동,129.2240402,35.85622138,2.1,로컬상권
MA010120220813894809,에이에이텍사스홀덤펍경주점,주점,성건동,129.2058883,35.85502439,3.3,로컬상권
MA010120220809122855,장터국밥,한식,안강읍,129.2219973,35.99056709,3.2,로컬상권
MA010120220813432621,1992대패집,한식,성건동,129.2141016,35.85306216,3.3,로컬상권
MA010120220809116804,포항영양탕,한식,동천동,129.2258678,35.85626862,2.1,로컬상권
MA010120220809101339,장터국밥식당,한식,외동읍,129.3252048,35.71512323,5.0,핫플레이스
MA010120220809106141,청산식당,한식,천북면,129.2895593,35.92948674,3.4,로컬상권
MA010120220809751403,미소분식,기타 간이,안강읍,129.2282251,35.99006408,3.2,로컬상권
MA010120220809123440,명성떡방앗간,기타 간이,외동읍,129.3338464,35.67729244,5.0,핫플레이스
MA010120220809124531,대림대게활어,한식,감포읍,129.4921479,35.79180681,4.5,로컬상권
MA010120220809109278,홍은식당,한식,동천동,129.2231218,35.85464355,2.1,로컬상권
MA010120220809130909,소문난돼지국밥,한식,성건동,129.205398,35.8445182,3.3,로컬상권
MA010120220809130922,보불어탕명가,한식,불국동,129.3147304,35.80055416,6.1,핫플레이스
MA010120220809398092,장터밥상,한식,감포읍,129.4908125,35.78551853,4.5,로컬상권
MA010120220809101087,대화식당,한식,성건동,129.206283,35.8429071,3.3,로컬상권
MA010120220805104814,소나기막창,한식,황오동,129.207944,35.84733675,11.3,핫플레이스
MA010120220809127254,고봉민김밥인,기타 간이,황오동,129.2137039,35.84393291,11.3,핫플레이스
MA010120220811553662,초량국밥보쌈,한식,황오동,129.2027742,35.841683,11.3,핫플레이스
MA010120220809108648,뉴대구막창,한식,황오동,129.204515,35.83980392,11.3,핫플레이스
MA010120220811874032,크라운호프경주,주점,황오동,129.2034964,35.84098496,11.3,핫플레이스
MA010120220809108536,부영식당,한식,황오동,129.2034268,35.83967071,11.3,핫플레이스
MA010120220814068044,우스페흐,서양식,성건동,129.2056378,35.85437123,3.3,로컬상권
MA010120220813047806,박돈,한식,외동읍,129.3254676,35.71162212,5.0,핫플레이스
MA010120220803569531,민들레,주점,보덕동,129.2814867,35.84550275,12.9,핫플레이스
MA010120220813438816,우수분식,기타 간이,성건동,129.2075834,35.8534885,3.3,로컬상권
MA010120220813849374,기찻길옆소주방,주점,외동읍,129.335962,35.67675582,5.0,핫플레이스
MA010120220814155134,프리쉐이드,비알코올 ,용강동,129.2256093,35.8826378,1.6,로컬상권
MA010120220808090155,청도양꼬치,중식,외동읍,129.3320871,35.67679493,5.0,핫플레이스
MA010120220809114288,동궁식당,한식,황성동,129.2182298,35.87013279,3.2,로컬상권
MA010120220803214973,테스커피,비알코올 ,황오동,129.2118753,35.84583176,11.3,핫플레이스
MA010120220806398502,37년전통경주장터국밥노서점,한식,황오동,129.2035869,35.8386586,11.3,핫플레이스
MA010120220804891502,팝스키친,한식,황오동,129.2083087,35.84532072,11.3,핫플레이스
MA010120220809104552,고향식당,한식,감포읍,129.4957243,35.77250538,4.5,로컬상권
MA010120220802174226,일일다방,비알코올 ,황오동,129.2081133,35.84426107,11.3,핫플레이스
MA010120220803132762,케이크한입,기타 간이,황오동,129.2104131,35.83980365,11.3,핫플레이스
MA010120220809128424,대명가든,한식,안강읍,129.2049341,35.9307833,3.2,로컬상권
MA010120220811770065,나의정원,비알코올 ,월성동,129.2300577,35.84028752,7.1,핫플레이스
MA010120220809109422,옛돈,한식,황성동,129.221011,35.8678468,3.2,로컬상권
MA010120220809119107,삼오다방,비알코올 ,강동면,129.2741504,35.98748095,1.8,로컬상권
MA010120220809120246,돌산회식당,한식,선도동,129.1847791,35.8432461,2.0,로컬상권
MA010120220809120252,황궁쟁반짜장,중식,외동읍,129.3254676,35.71162212,5.0,핫플레이스
MA010120220809109697,둘둘오리,한식,안강읍,129.1881319,36.00120028,3.2,로컬상권
MA010120220808360835,하리샵,기타 간이,선도동,129.1792325,35.845185,2.0,로컬상권
MA010120220809651652,본가어탕서라벌점,한식,외동읍,129.2728735,35.71064507,5.0,핫플레이스
MA010120220809265549,신들꽃,주점,선도동,129.1830071,35.84319722,2.0,로컬상권
MA010120220809116777,등나무갤러리,한식,현곡면,129.1953287,35.87867208,1.2,로컬상권
MA010120220808328594,마실,한식,용강동,129.2311168,35.87767899,1.6,로컬상권
MA010120220809101975,개성가마솥국밥,한식,동천동,129.2235951,35.85177848,2.1,로컬상권
MA010120220809114554,다맛,한식,안강읍,129.2271585,35.99116513,3.2,로컬상권
MA010120220806449462,크림댄스,기타 간이,황남동,129.2069497,35.83741649,10.7,핫플레이스
MA010120220809177957,진솔찌개마을,한식,강동면,129.2893808,35.97205414,1.8,로컬상권
MA010120220809115906,부원식당,한식,황오동,129.2121365,35.84368246,11.3,핫플레이스
MA010120220809115980,투다리,주점,황오동,129.2030008,35.83947128,11.3,핫플레이스
MA010120220809136555,맘손식당청기와뽈찜,한식,황오동,129.2106571,35.84221396,11.3,핫플레이스
MA010120220814311419,이디야커피용황점,비알코올 ,용강동,129.2253018,35.88470687,1.6,로컬상권
MA010120220813965036,신경주역롯데리아,기타 간이,건천읍,129.1393996,35.79808179,7.6,핫플레이스
MA010120220813798185,시장손칼국수,한식,외동읍,129.3257594,35.71443673,5.0,핫플레이스
MA010120220814090063,신라해장국연안점,한식,외동읍,129.3206674,35.7270505,5.0,핫플레이스
MA010120220808426071,벽산반점,중식,강동면,129.2745243,35.98776219,1.8,로컬상권
MA010120220809128327,신생옥반점,중식,안강읍,129.2261888,35.99216525,3.2,로컬상권
MA010120220809116367,성건막걸리,주점,성건동,129.2137387,35.85155509,3.3,로컬상권
MA010120220809116716,옛집우리밀칼국수,한식,황남동,129.2055548,35.79781397,10.7,핫플레이스
MA010120220800292439,정아트커피,비알코올 ,양남면,129.474488,35.69832328,4.6,로컬상권
MA010120220800297326,티아라카페,주점,동천동,129.2233219,35.85626171,2.1,로컬상권
MA010120220810254140,국밥을담다,한식,외동읍,129.3017884,35.66962027,5.0,핫플레이스
MA010120220811198841,단석가찰보리빵건천점,기타 간이,건천읍,129.0835633,35.8385838,7.6,핫플레이스
MA010120220812675570,남산애산에,한식,내남면,129.2050362,35.77545034,4.1,로컬상권
MA010120220809106723,감포별미횟집,한식,동천동,129.2258462,35.85747641,2.1,로컬상권
MA010120220804553529,아화전통국수보문점,한식,보덕동,129.2634721,35.85257432,12.9,핫플레이스
MA010120220800160277,상류사회,주점,동천동,129.2233704,35.8544317,2.1,로컬상권
MA010120220809156129,백년손님,주점,문무대왕면,129.4426059,35.79147254,2.4,로컬상권
MA010120220809109346,거송숯불,한식,불국동,129.2998105,35.77486381,6.1,핫플레이스
MA010120220812785691,자야카페,주점,외동읍,129.3242476,35.71450199,5.0,핫플레이스
MA010120220804908886,경민이네,한식,선도동,129.1765672,35.84525135,2.0,로컬상권
MA010120220812220521,몽실이밥집,한식,안강읍,129.2222121,35.99031983,3.2,로컬상권
MA010120220806557149,대가식당,한식,문무대왕면,129.4427026,35.79102007,2.4,로컬상권
MA010120220813336644,반다99,비알코올 ,보덕동,129.2857327,35.83458263,12.9,핫플레이스
MA010120220812910410,골목식당,주점,문무대왕면,129.441702,35.7922928,2.4,로컬상권
MA010120220806587284,동취,주점,황남동,129.2087465,35.83596882,10.7,핫플레이스
MA010120220809114099,장돼지,한식,강동면,129.2751408,35.9883812,1.8,로컬상권
MA010120220809101253,밀모,한식,안강읍,129.2263408,35.99165785,3.2,로컬상권
MA010120220812169035,털보매운탕,한식,안강읍,129.153782,35.98825263,3.2,로컬상권
MA010120220809127959,장충동왕족발,한식,성건동,129.2032614,35.85209015,3.3,로컬상권
MA010120220805470169,카페인더문,기타 간이,동천동,129.2239615,35.85578133,2.1,로컬상권
MA010120220805464803,혜성다방,비알코올 ,건천읍,129.1042767,35.84896344,7.6,핫플레이스
MA010120220809104916,울산회식당.삼팔호,한식,감포읍,129.4936372,35.7616106,4.5,로컬상권
MA010120220809113676,장수횟집,한식,양남면,129.464503,35.66710993,4.6,로컬상권
MA010120220805104360,솔,비알코올 ,황남동,129.2146622,35.83541839,10.7,핫플레이스
MA010120220803294108,드루와,기타 간이,용강동,129.2257484,35.87930138,1.6,로컬상권
MA010120220811979363,참뼈,한식,현곡면,129.1742639,35.88854341,1.2,로컬상권
MA010120220805962352,옛날통닭새벽닭,기타 간이,성건동,129.1899339,35.86086683,3.3,로컬상권
MA010120220803854120,정원가든,한식,양남면,129.4731874,35.6994853,4.6,로컬상권
MA010120220809941193,국밥만찬,한식,황성동,129.2197233,35.8819989,3.2,로컬상권
MA010120220804153516,이상복경주빵삼릉점,기타 간이,황남동,129.206693,35.79857699,10.7,핫플레이스
MA010120220813762415,뷰델카페,비알코올 ,감포읍,129.508474,35.81864093,4.5,로컬상권
MA010120220810770588,박달친구가든,한식,내남면,129.1294125,35.74876343,4.1,로컬상권
MA010120220808198549,초이가,한식,강동면,129.2967275,35.95897513,1.8,로컬상권
MA010120220809125178,시바스가요주점,주점,동천동,129.2237161,35.85492087,2.1,로컬상권
MA010120220809102707,장희분식,기타 간이,황오동,129.2163118,35.84538956,11.3,핫플레이스
MA010120220809129275,투모아,주점,성건동,129.2030828,35.84323615,3.3,로컬상권
MA010120220810242046,달콤,주점,안강읍,129.2192026,35.9917271,3.2,로컬상권
MA010120220809112207,곳간,한식,동천동,129.2264596,35.85605942,2.1,로컬상권
MA010120220809112762,감포횟집,한식,감포읍,129.4843718,35.74449424,4.5,로컬상권
MA010120220809113079,일광아구찜,한식,동천동,129.2286056,35.85047822,2.1,로컬상권
MA010120220804981275,수다,비알코올 ,불국동,129.3157445,35.79129005,6.1,핫플레이스
MA010120220808726886,금성국밥,한식,성건동,129.2066355,35.85243368,3.3,로컬상권
MA010120220806771244,오복다방,비알코올 ,서면,129.0505367,35.89250455,0.9,로컬상권
MA010120220806337708,외동반점,중식,외동읍,129.3265226,35.71446702,5.0,핫플레이스
MA010120220813784262,시골풍경,한식,선도동,129.1690352,35.84379274,2.0,로컬상권
MA010120220814149588,문무대왕,한식,성건동,129.2067435,35.84395286,3.3,로컬상권
MA010120220809102178,오야떡방앗간,기타 간이,황오동,129.2166598,35.84477042,11.3,핫플레이스
MA010120220807756880,장승한우곱창국밥,한식,성건동,129.2063787,35.85195183,3.3,로컬상권
MA010120220806701864,본집콩국수,한식,안강읍,129.227638,35.98968755,3.2,로컬상권
MA010120220804914532,피자마루,기타 간이,성건동,129.1911768,35.86138478,3.3,로컬상권
MA010120220805805521,처갓집양념치킨금장,기타 간이,현곡면,129.205464,35.86966513,1.2,로컬상권
MA010120220812972912,선돌식당,한식,불국동,129.3083427,35.80455147,6.1,핫플레이스
MA010120220809136528,원궁노래클럽,주점,동천동,129.2239072,35.85542192,2.1,로컬상권
MA010120220808657231,다원단란주점,주점,산내면,129.0439434,35.75817614,1.0,로컬상권
MA010120220810251813,여리화,비알코올 ,선도동,129.1914301,35.84284561,2.0,로컬상권
MA010120220803847122,짬뽕상회산내점,중식,산내면,129.0440301,35.75638151,1.0,로컬상권
MA010120220814134992,호식이두마리치킨,기타 간이,용강동,129.2299344,35.87854793,1.6,로컬상권
MA010120220806723025,소디스커피,비알코올 ,안강읍,129.2260918,35.99068937,3.2,로컬상권
MA010120220808647928,탄드르빵,기타 간이,성건동,129.2070704,35.85414668,3.3,로컬상권
MA010120220810144161,힘센장어,한식,동천동,129.2262723,35.85490055,2.1,로컬상권
MA010120220805889534,경주중앙야시장,한식,성건동,129.2067435,35.84395286,3.3,로컬상권
MA010120220809115477,대구갈비,한식,동천동,129.225404,35.85868299,2.1,로컬상권
MA010120220809102316,부원식당,한식,건천읍,129.1022725,35.84808846,7.6,핫플레이스
MA010120220809109239,경주황남빵,기타 간이,황오동,129.2153534,35.84156879,11.3,핫플레이스
MA010120220809695995,황가네,한식,불국동,129.3077161,35.76836,6.1,핫플레이스
MA010120220809130710,충효그집쭈꾸미,한식,건천읍,129.1052124,35.8517043,7.6,핫플레이스
MA010120220808403956,뜰담푸드,한식,외동읍,129.2987339,35.704396,5.0,핫플레이스
MA010120220809104788,웨스턴식당,서양식,안강읍,129.1929119,36.00123008,3.2,로컬상권
MA010120220807483503,달작월성,비알코올 ,내남면,129.2096201,35.77527606,4.1,로컬상권
MA010120220809105340,춘천닭갈비현,한식,선도동,129.1820429,35.84435908,2.0,로컬상권
MA010120220809121678,한양떡집,기타 간이,황성동,129.2127489,35.86531423,3.2,로컬상권
MA010120220809123311,어바웃커피,비알코올 ,성건동,129.2066179,35.85538943,3.3,로컬상권
MA010120220809825980,너랑나랑,주점,황성동,129.2188492,35.86813005,3.2,로컬상권
MA010120220804149849,싱글커피숍,비알코올 ,서면,129.0482988,35.89418269,0.9,로컬상권
MA010120220809104820,한실식당,한식,건천읍,129.1062725,35.84575671,7.6,핫플레이스
MA010120220809112518,영천생고기,한식,황성동,129.2142765,35.86491665,3.2,로컬상권
MA010120220812318036,미담황태마을,한식,동천동,129.223774,35.85778511,2.1,로컬상권
MA010120220807890764,미례네가마솥소머리곰탕,한식,불국동,129.3143259,35.79575946,6.1,핫플레이스
MA010120220808760676,청도식당,한식,황오동,129.2168257,35.84556028,11.3,핫플레이스
MA010120220808437779,현대셀프식육,한식,불국동,129.3261874,35.78457393,6.1,핫플레이스
MA010120220803826934,맛있는칼국수,한식,황오동,129.216336,35.84506473,11.3,핫플레이스
MA010120220804612771,한촌설렁탕경주용황점,한식,용강동,129.2283915,35.88393774,1.6,로컬상권
MA010120220805091436,슬기로운과자생활,한식,황남동,129.2096663,35.8380153,10.7,핫플레이스
MA010120220813966578,우리집갈비탕,한식,외동읍,129.3236489,35.67065987,5.0,핫플레이스
MA010120220812679154,마당발쭈꾸미,한식,외동읍,129.316445,35.77466153,5.0,핫플레이스
MA010120220812257439,곰다방,비알코올 ,문무대왕면,129.4429595,35.79182575,2.4,로컬상권
MA010120220807107992,경주그린유스텔,한식,불국동,129.3259912,35.78619057,6.1,핫플레이스
MA010120220812048821,카페마실,기타 간이,외동읍,129.3378763,35.71924763,5.0,핫플레이스
MA010120220809123614,몽짬뽕,중식,선도동,129.1863604,35.84239737,2.0,로컬상권
MA010120220809124335,은정아구,한식,성건동,129.2108734,35.85518502,3.3,로컬상권
MA010120220809326279,대나무식당,한식,불국동,129.3261855,35.78185286,6.1,핫플레이스
MA010120220809100725,오천번반점,중식,안강읍,129.1972124,36.00196227,3.2,로컬상권
MA010120220806809343,마주,주점,월성동,129.2326176,35.841997,7.1,핫플레이스
MA010120220814388558,뉴전주식당,한식,불국동,129.3291524,35.78462463,6.1,핫플레이스
MA010120220809104267,강동갈비마을,한식,강동면,129.2741373,35.98779656,1.8,로컬상권
MA010120220804913203,땡큐치킨,기타 간이,황남동,129.2103092,35.83566075,10.7,핫플레이스
MA010120220809119722,피자에땅,기타 간이,안강읍,129.1971087,36.00142356,3.2,로컬상권
MA010120220813154699,청년감자탕,한식,용강동,129.2278057,35.88278628,1.6,로컬상권
MA010120220812090276,동촌돼지국밥,한식,동천동,129.2355768,35.84531185,2.1,로컬상권
MA010120220810445405,창신삼거리식당,한식,동천동,129.2326849,35.84755517,2.1,로컬상권
MA010120220803277701,뜨란채,한식,문무대왕면,129.4227123,35.80206565,2.4,로컬상권
MA010120220806557788,화란,중식,선도동,129.1772967,35.84522011,2.0,로컬상권
MA010120220809128543,랑콩뜨레과자점,기타 간이,현곡면,129.2040295,35.87023209,1.2,로컬상권
MA010120220809128766,대박떡볶이,기타 간이,성건동,129.2062101,35.85625291,3.3,로컬상권
MA010120220809130518,해돋이,한식,문무대왕면,129.4834643,35.73734101,2.4,로컬상권
MA010120220809130532,송원,한식,산내면,129.043433,35.75723868,1.0,로컬상권
MA010120220805519606,경주대릉빵,기타 간이,황남동,129.2075775,35.83690938,10.7,핫플레이스
MA010120220809804028,단골밥집,한식,내남면,129.198447,35.75098117,4.1,로컬상권
MA010120220805187636,금전수식당,한식,문무대왕면,129.405036,35.83462281,2.4,로컬상권
MA010120220812615502,내가만든고로케,기타 간이,안강읍,129.1957908,36.00268211,3.2,로컬상권
MA010120220806973580,송화,한식,안강읍,129.163052,35.98018369,3.2,로컬상권
MA010120220809127149,경주생막창,한식,선도동,129.1824357,35.84374824,2.0,로컬상권
MA010120220810222548,서라벌,한식,외동읍,129.2747988,35.70919403,5.0,핫플레이스
MA010120220814040876,동산국밥,한식,천북면,129.2879921,35.93007527,3.4,로컬상권
MA010120220805800940,시장횟집,한식,동천동,129.2231208,35.85500398,2.1,로컬상권
MA010120220808616415,샐러드랩,비알코올 ,동천동,129.2245481,35.85538302,2.1,로컬상권
MA010120220813202967,시골삼계탕,한식,건천읍,129.1053294,35.84859358,7.6,핫플레이스
MA010120220800380441,치킨신드롬,기타 간이,동천동,129.2318177,35.84820201,2.1,로컬상권
MA010120220800110938,본도시락경주,한식,동천동,129.2239673,35.85717783,2.1,로컬상권
MA010120220812858063,버들류가네곰탕충효,한식,선도동,129.1891047,35.84077956,2.0,로컬상권
MA010120220802835078,무궁무진,서양식,황남동,129.2093013,35.83562523,10.7,핫플레이스
MA010120220809676273,총각떡집,기타 간이,성건동,129.2067435,35.84395286,3.3,로컬상권
MA010120220812281613,경주특산명과의집,기타 간이,월성동,129.2512011,35.84250612,7.1,핫플레이스
MA010120220806439998,밥집,한식,건천읍,129.0971826,35.84687089,7.6,핫플레이스
MA010120220813406101,동강실비,한식,용강동,129.229881,35.87940491,1.6,로컬상권
MA010120220805244037,승진,구내식당·뷔페,보덕동,129.2895498,35.84265524,12.9,핫플레이스
MA010120220813790693,가마솥우가네국밥,한식,외동읍,129.3317569,35.68214451,5.0,핫플레이스
MA010120220803372808,인연,주점,외동읍,129.3248312,35.71481508,5.0,핫플레이스
MA010120220806242846,문서방,한식,성건동,129.2075834,35.8534885,3.3,로컬상권
MA010120220803250673,녹동막골미나리,한식,외동읍,129.2911916,35.65507225,5.0,핫플레이스
MA010120220800147121,카페능,비알코올 ,황남동,129.2099441,35.83646039,10.7,핫플레이스
MA010120220806031033,용산떡방앗간,기타 간이,내남면,129.2050208,35.75126628,4.1,로컬상권
MA010120220810545710,교리김밥황성,기타 간이,황성동,129.2145472,35.86589379,3.2,로컬상권
MA010120220809131482,대광복집,한식,외동읍,129.319795,35.73544698,5.0,핫플레이스
MA010120220809125842,소망분식,기타 간이,성건동,129.2067435,35.84395286,3.3,로컬상권
MA010120220801145721,다미맛집,한식,성건동,129.2066707,35.84851349,3.3,로컬상권
MA010120220810423498,더벤티경주,비알코올 ,현곡면,129.1737478,35.8903188,1.2,로컬상권
MA010120220809108607,피자빙고,기타 간이,동천동,129.2309884,35.84862289,2.1,로컬상권
MA010120220809109043,모량생돼지숯불,한식,선도동,129.1774866,35.84649616,2.0,로컬상권
MA010120220810032039,추억의빈대떡신사,주점,선도동,129.1828817,35.84306434,2.0,로컬상권
MA010120220810884559,임선생찬방,한식,동천동,129.2321048,35.84817866,2.1,로컬상권
MA010120220809120128,송도회식당,한식,감포읍,129.5015503,35.80281978,4.5,로컬상권
MA010120220809131478,동백,한식,천북면,129.2891985,35.9261959,3.4,로컬상권
MA010120220809744881,하나로베이커리,기타 간이,안강읍,129.2259103,35.99093602,3.2,로컬상권
MA010120220809127142,삼릉고향칼국수,한식,황남동,129.2055802,35.79473191,10.7,핫플레이스
MA010120220809118758,수렴생대구탕,한식,양남면,129.473976,35.69283765,4.6,로컬상권
MA010120220811725594,까멜리아노래궁,주점,동천동,129.2239351,35.85483573,2.1,로컬상권
MA010120220813905333,조일휴게소,비알코올 ,내남면,129.1976983,35.75028302,4.1,로컬상권
MA010120220809115127,서라벌숯불구이,한식,성건동,129.2030828,35.84323615,3.3,로컬상권
MA010120220809107922,틈수골소주마을,주점,동천동,129.2253897,35.85816966,2.1,로컬상권
MA010120220809108796,유황오리남촌,한식,월성동,129.2523897,35.83249133,7.1,핫플레이스
MA010120220809109121,화곡식당,한식,내남면,129.1660247,35.78515221,4.1,로컬상권
MA010120220809109739,처갓집양념치킨,기타 간이,감포읍,129.5025149,35.80747583,4.5,로컬상권
MA010120220803343826,나무,비알코올 ,선도동,129.1941347,35.84139961,2.0,로컬상권
MA010120220812342160,그집푸드공유주방,한식,성건동,129.1907738,35.86122093,3.3,로컬상권
MA010120220809115468,경주찰보리빵,기타 간이,황오동,129.2138677,35.84027165,11.3,핫플레이스
MA010120220810172146,미앤미,한식,동천동,129.224824,35.85298114,2.1,로컬상권
MA010120220809123381,초당실비,주점,성건동,129.2028211,35.84337611,3.3,로컬상권
MA010120220808136919,천씨씨커피,비알코올 ,황성동,129.2191108,35.86520584,3.2,로컬상권
MA010120220806790006,화평루,중식,성건동,129.2140521,35.85287385,3.3,로컬상권
MA010120220809116226,산장가든,한식,외동읍,129.3502597,35.69621914,5.0,핫플레이스
MA010120220804782925,동해복어,한식,성건동,129.2063832,35.85051909,3.3,로컬상권
MA010120220809126250,커피플레이스,비알코올 ,용강동,129.2240265,35.8600871,1.6,로컬상권
MA010120220805023430,집국시,한식,동천동,129.2225438,35.85653742,2.1,로컬상권
MA010120220809129260,공주초장,기타 간이,성건동,129.2067435,35.84395286,3.3,로컬상권
MA010120220809102102,현대식당,한식,감포읍,129.5023515,35.80579438,4.5,로컬상권
MA010120220809121701,건널목막창,한식,황성동,129.2152361,35.86956634,3.2,로컬상권
MA010120220808396180,바다속해물,한식,동천동,129.2261557,35.85627229,2.1,로컬상권
MA010120220805521334,햇살머믄꼬마김밥,기타 간이,황성동,129.2107574,35.86694576,3.2,로컬상권
MA010120220805210078,카페맥피경주,비알코올 ,황남동,129.2105042,35.83431461,10.7,핫플레이스
MA010120220808288364,빌리어네어,서양식,성건동,129.206061,35.8552645,3.3,로컬상권
MA010120220806465683,하바드치킨식당,기타 간이,산내면,129.0458506,35.75710746,1.0,로컬상권
MA010120220802862826,커피이야기,비알코올 ,감포읍,129.5023591,35.8056861,4.5,로컬상권
MA010120220809127451,벌떼7080,주점,황오동,129.2164671,35.84659409,11.3,핫플레이스
MA010120220809919192,전통암소갈비,한식,문무대왕면,129.4405405,35.79155955,2.4,로컬상권
MA010120220809150890,삼성웰스토리서라벌클럽주,구내식당·뷔페,외동읍,129.2768679,35.69454887,5.0,핫플레이스
MA010120220813706123,브라더한정식도시락경주월드점,한식,보덕동,129.279148,35.83609533,12.9,핫플레이스
MA010120220809114786,황금석,한식,용강동,129.2214913,35.85967449,1.6,로컬상권
MA010120220814250079,치술령가든,한식,외동읍,129.2756513,35.65755662,5.0,핫플레이스
MA010120220806400276,비에이치씨,기타 간이,황성동,129.214476,35.86612036,3.2,로컬상권
MA010120220808199445,씨쉘,기타 간이,성건동,129.2065768,35.85470539,3.3,로컬상권
MA010120220811748751,H바,주점,양남면,129.4706953,35.70069881,4.6,로컬상권
MA010120220813756704,카페드파리&오구쌀피자주상절리점,기타 간이,양남면,129.4729228,35.68627292,4.6,로컬상권
MA010120220813107408,천년한우용황프라자,한식,황성동,129.2192156,35.8693577,3.2,로컬상권
MA010120220811971214,해물면사무소,한식,황성동,129.2173904,35.87020236,3.2,로컬상권
MA010120220812022306,돈뜨는집,한식,성건동,129.2052315,35.85409036,3.3,로컬상권
MA010120220812814866,얼크니샤브칼국수,한식,외동읍,129.3180282,35.69622275,5.0,핫플레이스
MA010120220810994209,정수가성,한식,불국동,129.3073766,35.81130072,6.1,핫플레이스
MA010120220809625526,오장군,한식,동천동,129.2318473,35.84767886,2.1,로컬상권
MA010120220813670822,김호권의청년어부경주용황점,일식,용강동,129.2261291,35.88498888,1.6,로컬상권
MA010120220810145143,여정1998,한식,황성동,129.2233024,35.88170742,3.2,로컬상권
MA010120220806998701,불국다이닝,비알코올 ,불국동,129.3246895,35.78591842,6.1,핫플레이스
MA010120220813845101,꽃과비빔밥,한식,양남면,129.4596103,35.66670546,4.6,로컬상권
MA010120220806742738,기와집칼국수,한식,양남면,129.4636098,35.68007579,4.6,로컬상권
MA010120220806847389,교리김밥,기타 간이,황남동,129.2107845,35.82168578,10.7,핫플레이스
MA010120220808499905,컨터쌀국수,한식,황오동,129.2157104,35.84326518,11.3,핫플레이스
MA010120220812804297,콩마담,비알코올 ,불국동,129.3131436,35.79274575,6.1,핫플레이스
MA010120220809103174,산들식당,한식,천북면,129.2666255,35.89605262,3.4,로컬상권
MA010120220813604318,프레그런스커피,비알코올 ,안강읍,129.227741,35.98822598,3.2,로컬상권
MA010120220812180978,천년골한우촌,한식,서면,129.0528285,35.89077137,0.9,로컬상권
MA010120220814062428,그리고카페인,비알코올 ,월성동,129.2504237,35.84123221,7.1,핫플레이스
MA010120220814288021,한솥,한식,용강동,129.2293394,35.87667581,1.6,로컬상권
MA010120220809146510,더안,비알코올 ,황오동,129.2177287,35.84063292,11.3,핫플레이스
MA010120220803153188,호식이두마리치킨경주,기타 간이,동천동,129.2220771,35.85132001,2.1,로컬상권
MA010120220802587391,푸른바다,한식,황오동,129.2167571,35.84468754,11.3,핫플레이스
MA010120220813282169,팝스키친,한식,황오동,129.2083087,35.84532072,11.3,핫플레이스
MA010120220805083462,산토리니,한식,동천동,129.2225938,35.85753665,2.1,로컬상권
MA010120220813845679,피클,한식,황오동,129.2121906,35.84124864,11.3,핫플레이스
MA010120220800841832,성동분식,기타 간이,황오동,129.2159828,35.84470182,11.3,핫플레이스
MA010120220809118538,경주김밥,기타 간이,황성동,129.2136611,35.86786539,3.2,로컬상권
MA010120220809108105,이조식당,한식,감포읍,129.5027926,35.80751509,4.5,로컬상권
MA010120220811834349,옛순가순대국밥,한식,건천읍,129.1061254,35.84647113,7.6,핫플레이스
MA010120220811852450,이디야커피,비알코올 ,불국동,129.3023821,35.77355313,6.1,핫플레이스
MA010120220809127344,영막걸리,한식,황성동,129.2152844,35.86970962,3.2,로컬상권
MA010120220809123165,돈사무소,기타 간이,황성동,129.218642,35.86784554,3.2,로컬상권
MA010120220809123787,지경횟집,한식,양남면,129.4498311,35.65309231,4.6,로컬상권
MA010120220813696507,경주이가국밥,한식,황성동,129.2165774,35.87082106,3.2,로컬상권
MA010120220810129540,구정커피방,비알코올 ,불국동,129.2984839,35.77679037,6.1,핫플레이스
MA010120220803128645,용장각통닭곰장어,기타 간이,산내면,129.0652497,35.65383532,1.0,로컬상권
MA010120220813437816,삼포막걸리,주점,용강동,129.230798,35.88407326,1.6,로컬상권
MA010120220805610434,정다운부엌,한식,건천읍,129.106137,35.8264042,7.6,핫플레이스
MA010120220809109828,로터리해장국,한식,황오동,129.2162946,35.84079455,11.3,핫플레이스
MA010120220809129586,한솥,한식,동천동,129.2294485,35.85014721,2.1,로컬상권
MA010120220813165894,토담골,한식,동천동,129.2262798,35.85477426,2.1,로컬상권
MA010120220809111641,강동다방,비알코올 ,안강읍,129.2266853,35.9916875,3.2,로컬상권
MA010120220805306464,온당,한식,용강동,129.2261067,35.88142119,1.6,로컬상권
MA010120220808709128,기똥찬푸드,한식,황남동,129.2075775,35.83690938,10.7,핫플레이스
MA010120220810234871,원진순대,한식,황오동,129.215969,35.84499942,11.3,핫플레이스
MA010120220809114121,민수네마늘통닭,기타 간이,용강동,129.2251848,35.85994851,1.6,로컬상권
MA010120220809120934,쑥부쟁이,한식,불국동,129.3126572,35.79733235,6.1,핫플레이스
MA010120220809121673,가야참가자미회,한식,황성동,129.2195077,35.86991095,3.2,로컬상권
MA010120220808625750,고창풍천장어,한식,황성동,129.215818,35.86303207,3.2,로컬상권
MA010120220812089465,어코어,비알코올 ,용강동,129.2252344,35.88427562,1.6,로컬상권
MA010120220809206986,커피동문,비알코올 ,현곡면,129.2052953,35.87156943,1.2,로컬상권
MA010120220809122386,피자마루,기타 간이,황성동,129.2206645,35.86415895,3.2,로컬상권
MA010120220813847581,봉자다방,비알코올 ,안강읍,129.2252624,35.98957849,3.2,로컬상권
MA010120220807492101,면타작,중식,천북면,129.2881344,35.92655858,3.4,로컬상권
MA010120220807099008,우마찌,기타 간이,황성동,129.2182013,35.87109743,3.2,로컬상권
MA010120220809120476,경주단골식당,한식,선도동,129.1875863,35.84150103,2.0,로컬상권
MA010120220809115213,경주콩나물국밥,한식,황오동,129.2144361,35.84161274,11.3,핫플레이스
MA010120220809125990,밥상머리,한식,동천동,129.2264714,35.85094129,2.1,로컬상권
MA010120220810250166,안계원가닭집숯불구이,한식,안강읍,129.1963452,36.00268096,3.2,로컬상권
MA010120220809131335,청하숯불구이,한식,산내면,129.0464751,35.75861066,1.0,로컬상권
MA010120220806451902,진부령한식밥상,한식,보덕동,129.2909001,35.83958401,12.9,핫플레이스
MA010120220809115624,금장국밥,한식,현곡면,129.2029078,35.86770273,1.2,로컬상권
MA010120220809127456,춘자네왕족발.보쌈,한식,외동읍,129.3368237,35.67411706,5.0,핫플레이스
MA010120220809114262,두갈고&냉면장수,한식,월성동,129.257525,35.84502746,7.1,핫플레이스
MA010120220813591669,진미식당,한식,건천읍,129.0842134,35.86933495,7.6,핫플레이스
MA010120220809109995,금장막걸리,주점,성건동,129.2073835,35.85505999,3.3,로컬상권
MA010120220804908734,카페사랑채,비알코올 ,보덕동,129.2631292,35.85219334,12.9,핫플레이스
MA010120220811460767,상담카페너는봄,비알코올 ,성건동,129.206564,35.85584094,3.3,로컬상권
MA010120220800152228,카페테리아,비알코올 ,보덕동,129.279148,35.83609533,12.9,핫플레이스
MA010120220809124378,허밍,기타 간이,선도동,129.1813191,35.84257913,2.0,로컬상권
MA010120220809110751,진가분식,기타 간이,성건동,129.2074918,35.85377852,3.3,로컬상권
MA010120220804542675,엘가든,비알코올 ,불국동,129.3125003,35.7953531,6.1,핫플레이스
MA010120220800688218,도이첸경주,기타 간이,동천동,129.2291161,35.84934244,2.1,로컬상권
MA010120220814238211,커피398,비알코올 ,외동읍,129.3187396,35.6795938,5.0,핫플레이스
MA010120220806659881,공원파전,주점,황성동,129.209904,35.8649161,3.2,로컬상권
MA010120220809203364,강변소머리국밥,한식,건천읍,129.1044754,35.84768946,7.6,핫플레이스
MA010120220809690156,대왕식당,한식,문무대왕면,129.4416364,35.79123095,2.4,로컬상권
MA010120220802953830,고구려노래클럽,주점,동천동,129.2237033,35.8552545,2.1,로컬상권
MA010120220809112685,시인과바다,한식,양남면,129.4541438,35.66595209,4.6,로컬상권
MA010120220809230039,소주한잔,주점,안강읍,129.1977975,36.00346527,3.2,로컬상권
MA010120220809119629,무다리식당,한식,안강읍,129.224957,35.98857501,3.2,로컬상권
MA010120220809120049,사는동안,주점,문무대왕면,129.4409222,35.7906598,2.4,로컬상권
MA010120220809121969,건천골돼지찌개,한식,건천읍,129.1017576,35.85122416,7.6,핫플레이스
MA010120220813929930,흐흐흐,주점,황오동,129.2077104,35.84130404,11.3,핫플레이스
MA010120220805251660,붓든달팽이,비알코올 ,선도동,129.1885296,35.84119551,2.0,로컬상권
MA010120220809112639,대종천식육식당,한식,문무대왕면,129.4404347,35.79171487,2.4,로컬상권
MA010120220810814728,남산수라간,한식,황남동,129.206693,35.79857699,10.7,핫플레이스
MA010120220805103806,삼송베이커리카페,기타 간이,황오동,129.2219404,35.84047399,11.3,핫플레이스
MA010120220802684073,에로스가요주점,주점,보덕동,129.2884474,35.84549647,12.9,핫플레이스
MA010120220804658065,평화떡집,기타 간이,용강동,129.2297463,35.87657815,1.6,로컬상권
MA010120220809123058,이삭토스트입실점,기타 간이,외동읍,129.3241479,35.71487334,5.0,핫플레이스
MA010120220812747513,WOOZU(우,비알코올 ,현곡면,129.2060542,35.87218622,1.2,로컬상권
MA010120220809113938,대호캐터링,구내식당·뷔페,서면,129.0707324,35.89027468,0.9,로컬상권
MA010120220802837658,산길따라서,한식,안강읍,129.1576405,36.02040425,3.2,로컬상권
MA010120220800084632,토기장이,비알코올 ,강동면,129.2706398,36.0069463,1.8,로컬상권
MA010120220808049581,화인,한식,안강읍,129.2225625,35.99095306,3.2,로컬상권
MA010120220809110202,스핑,주점,보덕동,129.2884474,35.84549647,12.9,핫플레이스
MA010120220809125738,반월성막걸리,한식,동천동,129.2293926,35.84933731,2.1,로컬상권
MA010120220807112368,토산정,한식,안강읍,129.1606535,36.0129525,3.2,로컬상권
MA010120220809121958,양동마을가는길,한식,강동면,129.2704094,36.00664432,1.8,로컬상권
MA010120220809130062,고봉민김밥인,기타 간이,용강동,129.2295814,35.87661726,1.6,로컬상권
MA010120220805437794,또와요소주방,주점,성건동,129.2030828,35.84323615,3.3,로컬상권
MA010120220804408385,해마지,한식,양남면,129.4733889,35.68741663,4.6,로컬상권
MA010120220809118246,용강암소,한식,용강동,129.229928,35.87950315,1.6,로컬상권
MA010120220809122624,산내숯불식육식당,한식,선도동,129.1959893,35.84243797,2.0,로컬상권
MA010120220809127450,무인셀프카페,비알코올 ,외동읍,129.3252999,35.70965208,5.0,핫플레이스
MA010120220813945857,닭장나들이,한식,선도동,129.1605141,35.8584803,2.0,로컬상권
MA010120220809641204,다윤,서양식,황오동,129.2142099,35.8486,11.3,핫플레이스
MA010120220809857182,엔제리너스경주주상절리점,비알코올 ,양남면,129.4731721,35.68576323,4.6,로컬상권
MA010120220805181904,동천떡집,기타 간이,동천동,129.226446,35.85478019,2.1,로컬상권
MA010120220813378600,원더풀명품찹쌀꽈배기,기타 간이,불국동,129.3007593,35.77479159,6.1,핫플레이스
MA010120220803189805,고산숯불,한식,성건동,129.205265,35.85290036,3.3,로컬상권
MA010120220812301862,마라달인,중식,외동읍,129.3257796,35.71399483,5.0,핫플레이스
MA010120220811505626,밥통령,한식,외동읍,129.3240564,35.71514542,5.0,핫플레이스
MA010120220809112744,그집,주점,안강읍,129.2197358,35.99215873,3.2,로컬상권
MA010120220809671883,나들이손칼국수,한식,황오동,129.2152581,35.84411149,11.3,핫플레이스
MA010120220808277510,불국사복집,한식,불국동,129.3051948,35.77178726,6.1,핫플레이스
MA010120220812290100,새마을쫄면분식,기타 간이,황성동,129.2106651,35.8668123,3.2,로컬상권
MA010120220813253247,원진초장,한식,성건동,129.2067435,35.84395286,3.3,로컬상권
MA010120220809120899,감나무집,한식,보덕동,129.2831173,35.83366826,12.9,핫플레이스
MA010120220809402983,돌담길식당,한식,내남면,129.2037535,35.77544683,4.1,로컬상권
MA010120220802959172,시월한우육회바다연어,한식,동천동,129.223108,35.85652698,2.1,로컬상권
MA010120220809130587,쌍쌍노래궁,주점,서면,129.0506472,35.89249365,0.9,로컬상권
MA010120220809107313,석거돈,한식,외동읍,129.3133604,35.76360217,5.0,핫플레이스
MA010120220811229409,더제이하우징,비알코올 ,보덕동,129.2582025,35.85837707,12.9,핫플레이스
MA010120220809124868,명성숯불갈비,한식,성건동,129.203088,35.84342528,3.3,로컬상권
MA010120220807024714,바다식당경주,한식,동천동,129.2250623,35.85675208,2.1,로컬상권
MA010120220808254176,떡보의하루경주점,기타 간이,황성동,129.2184617,35.85502706,3.2,로컬상권
MA010120220809124342,랑콩뜨레과자점,기타 간이,황성동,129.2141289,35.86677551,3.2,로컬상권
MA010120220812072101,펑유,주점,성건동,129.2075834,35.8534885,3.3,로컬상권
MA010120220813864839,티바두마리치킨경주,기타 간이,성건동,129.2102052,35.85344028,3.3,로컬상권
MA010120220812072340,블랙공단,비알코올 ,외동읍,129.3021414,35.69804154,5.0,핫플레이스
MA010120220812907113,시장횟집,한식,황오동,129.2163118,35.84538956,11.3,핫플레이스
MA010120220809119342,송림손칼국수,한식,선도동,129.1807959,35.84569726,2.0,로컬상권
MA010120220810383817,보문초밥,일식,황성동,129.2189171,35.86937223,3.2,로컬상권
MA010120220807938257,딘,기타 간이,황오동,129.2233826,35.84178986,11.3,핫플레이스
MA010120220809120494,투다리,주점,황성동,129.2142969,35.86724096,3.2,로컬상권
MA010120220809115594,신경주경주빵찰보리빵불국사점,비알코올 ,불국동,129.3274188,35.78622601,6.1,핫플레이스
MA010120220809119220,할매해장국,한식,황오동,129.2155214,35.84084486,11.3,핫플레이스
MA010120220808247018,차이나타운,중식,불국동,129.3091472,35.77120682,6.1,핫플레이스
MA010120220813423324,노다지,한식,성건동,129.2103449,35.85528485,3.3,로컬상권
MA010120220811882583,하루도넛,기타 간이,황성동,129.213944,35.86808543,3.2,로컬상권
MA010120220805228882,황금성,중식,외동읍,129.3128662,35.68041866,5.0,핫플레이스
MA010120220809111657,두번째로잘하는국밥집,한식,용강동,129.224511,35.86078995,1.6,로컬상권
MA010120220809117991,또래오래,기타 간이,외동읍,129.3211612,35.72883403,5.0,핫플레이스
MA010120220807767439,삼십오밀리미터,비알코올 ,양남면,129.462777,35.68136327,4.6,로컬상권
MA010120220809123025,옹기종기,한식,현곡면,129.2058376,35.87116301,1.2,로컬상권
MA010120220808700773,소문난떡이,기타 간이,용강동,129.2299344,35.87854793,1.6,로컬상권
MA010120220809492603,향촌,주점,황성동,129.2188492,35.86813005,3.2,로컬상권
MA010120220809109059,무봉리토종순대국,한식,안강읍,129.2198303,35.99276067,3.2,로컬상권
MA010120220809117897,통뼈감자탕,한식,선도동,129.1907827,35.84304664,2.0,로컬상권
MA010120220809125399,미소짜장,중식,성건동,129.2074474,35.84419222,3.3,로컬상권
MA010120220810391754,경주분식,기타 간이,황오동,129.2159934,35.84508007,11.3,핫플레이스
MA010120220809129318,호박고을,한식,월성동,129.2613159,35.80040885,7.1,핫플레이스
MA010120220809118836,장꿩식당,한식,현곡면,129.2012149,35.86493153,1.2,로컬상권
MA010120220812913126,피자마루,기타 간이,안강읍,129.196221,36.00499888,3.2,로컬상권
MA010120220805056443,바나나,주점,동천동,129.2268805,35.85132115,2.1,로컬상권
MA010120220809672568,감포카페이견대,비알코올 ,감포읍,129.4846971,35.74536148,4.5,로컬상권
MA010120220811775337,카페소유,비알코올 ,양남면,129.4508862,35.66052226,4.6,로컬상권
MA010120220805251540,해솔방,한식,불국동,129.3156193,35.79078789,6.1,핫플레이스
MA010120220812161574,커피업,비알코올 ,황오동,129.2220819,35.84276904,11.3,핫플레이스
MA010120220809121987,인동꽃이피었습니다,비알코올 ,강동면,129.2633607,35.99127114,1.8,로컬상권
MA010120220803175806,신속풀이대구탕,한식,외동읍,129.3234941,35.71480488,5.0,핫플레이스
MA010120220809126933,불국사할머니손칼국수,한식,불국동,129.3056611,35.78333859,6.1,핫플레이스
MA010120220808026864,소주랑뒷고기,한식,안강읍,129.2224722,35.99208102,3.2,로컬상권
MA010120220809130814,초원구이,주점,황성동,129.2191301,35.86708866,3.2,로컬상권
MA010120220809157259,토함산식당,한식,불국동,129.3128822,35.79860748,6.1,핫플레이스
MA010120220812412367,토끼네국수,한식,성건동,129.2121764,35.85029539,3.3,로컬상권
MA010120220806882012,금화왕돈까스경주용황점,서양식,용강동,129.2293527,35.88267647,1.6,로컬상권
MA010120220809106446,양지식당,한식,황남동,129.2140485,35.83045593,10.7,핫플레이스
MA010120220805371608,경주창고,비알코올 ,천북면,129.2898424,35.92394007,3.4,로컬상권
MA010120220809135316,뭉클,비알코올 ,월성동,129.2511674,35.84170483,7.1,핫플레이스
MA010120220809120382,광신구내식당,구내식당·뷔페,강동면,129.3059804,35.95856334,1.8,로컬상권
MA010120220809113838,넝쿨집,한식,보덕동,129.2840238,35.83364202,12.9,핫플레이스
MA010120220802743244,간바지식당,한식,성건동,129.2076297,35.8507665,3.3,로컬상권
MA010120220809606527,로얄,주점,성건동,129.2060836,35.85408372,3.3,로컬상권
MA010120220804773251,우야지막창,한식,황성동,129.2186456,35.86757517,3.2,로컬상권
MA010120220813462721,로제드파리,비알코올 ,황남동,129.2092075,35.83862744,10.7,핫플레이스
MA010120220805030365,주상별미,한식,양남면,129.4686671,35.70155136,4.6,로컬상권
MA010120220806669268,153숍,비알코올 ,안강읍,129.2158638,35.99325752,3.2,로컬상권
MA010120220813522528,크로플여왕카페,비알코올 ,월성동,129.2217857,35.83611581,7.1,핫플레이스
MA010120220814124200,데칼컴퍼니,기타 간이,황남동,129.2097235,35.83608601,10.7,핫플레이스
MA010120220813977710,구앤윤컴퍼니,주점,양남면,129.4706953,35.70069881,4.6,로컬상권
MA010120220806278409,국보31호,기타 간이,황남동,129.2073349,35.83694087,10.7,핫플레이스
MA010120220809181237,행복가득한장미,비알코올 ,강동면,129.2801668,36.00429672,1.8,로컬상권
MA010120220809104782,약수삼계탕,한식,황오동,129.2102737,35.84714072,11.3,핫플레이스
MA010120220808334848,안강휴게소식당분식류,기타 간이,안강읍,129.1144041,35.98918767,3.2,로컬상권
MA010120220813765749,테라비어,주점,동천동,129.2298231,35.85008619,2.1,로컬상권
MA010120220812052803,장미노래궁,주점,선도동,129.1830071,35.84319722,2.0,로컬상권
MA010120220809123623,해동식당,한식,황오동,129.2118753,35.84583176,11.3,핫플레이스
MA010120220812925696,쏘추나라식당,주점,동천동,129.2267317,35.85272953,2.1,로컬상권
MA010120220809106474,근자현,한식,황오동,129.2035869,35.8386586,11.3,핫플레이스
MA010120220809106782,부흥숯불갈비,한식,황오동,129.2134269,35.84113576,11.3,핫플레이스
MA010120220804918991,하늘다방,비알코올 ,안강읍,129.2260076,35.99163701,3.2,로컬상권
MA010120220805239537,김태희푸드냉천점,한식,외동읍,129.2946301,35.70806051,5.0,핫플레이스
MA010120220809127302,갈매기면옥,한식,양남면,129.4572472,35.66742049,4.6,로컬상권
MA010120220807980927,옹기골식당,한식,황오동,129.209917,35.84425493,11.3,핫플레이스
MA010120220808978336,굿딜리버리,기타 간이,성건동,129.2097259,35.85411587,3.3,로컬상권
MA010120220808095654,자연산횟집,한식,양남면,129.4650701,35.66867509,4.6,로컬상권
MA010120220809615487,커피동네,비알코올 ,안강읍,129.2288772,36.03369736,3.2,로컬상권
MA010120220804380803,커리커피카레카페,서양식,성건동,129.2063724,35.85212315,3.3,로컬상권
MA010120220809130448,일광숯불,한식,건천읍,129.1056269,35.84729083,7.6,핫플레이스
MA010120220804969591,마사랍MASARAP,기타 간이,성건동,129.2067435,35.84395286,3.3,로컬상권
MA010120220809916266,궁전7080,주점,감포읍,129.5023326,35.80448834,4.5,로컬상권
MA010120220809127098,기영이내손칼국수,한식,선도동,129.1821961,35.84429322,2.0,로컬상권
MA010120220813926009,동근이숯불두마리치킨,기타 간이,동천동,129.2264383,35.85687976,2.1,로컬상권
MA010120220810320824,몽실이보리밥,한식,황오동,129.2158604,35.84507351,11.3,핫플레이스
MA010120220809103734,애인노래클럽,주점,동천동,129.2231044,35.8564009,2.1,로컬상권
MA010120220809162116,돈가대박집,한식,안강읍,129.196198,36.00097171,3.2,로컬상권
MA010120220803848447,89호,비알코올 ,현곡면,129.1952897,35.87886201,1.2,로컬상권
MA010120220805197354,감포물회박사,한식,감포읍,129.4913915,35.78954298,4.5,로컬상권
MA010120220803114958,우방막걸리,주점,동천동,129.2258775,35.85503401,2.1,로컬상권
MA010120220809115877,첨성대제2매점,기타 간이,황남동,129.2182908,35.83578394,10.7,핫플레이스
MA010120220809108110,자연식당,한식,황성동,129.2105807,35.86656156,3.2,로컬상권
MA010120220805544287,커페바흐,비알코올 ,불국동,129.3094098,35.79365552,6.1,핫플레이스
MA010120220803700948,채움한식,한식,외동읍,129.3127,35.67160062,5.0,핫플레이스
MA010120220809103079,기분전환식당,주점,안강읍,129.2168747,35.99174313,3.2,로컬상권
MA010120220809980513,페리카나외동모화점,기타 간이,외동읍,129.3354081,35.6778298,5.0,핫플레이스
MA010120220813730314,안녕;상계리,비알코올 ,양남면,129.4238657,35.6702419,4.6,로컬상권
MA010120220804867663,독도모밀,한식,외동읍,129.3139374,35.77321411,5.0,핫플레이스
MA010120220809103140,푸른솔실비,주점,성건동,129.2030943,35.84445235,3.3,로컬상권
MA010120220810245474,보릿고개,한식,용강동,129.2249277,35.88281262,1.6,로컬상권
MA010120220809105356,길림부식,구내식당·뷔페,동천동,129.2227215,35.85140721,2.1,로컬상권
MA010120220807028073,서출지손두부,한식,월성동,129.2414745,35.79493281,7.1,핫플레이스
MA010120220809124061,밀레,한식,황성동,129.2108463,35.86616021,3.2,로컬상권
MA010120220813609783,백년식당,한식,서면,129.0489767,35.89384674,0.9,로컬상권
MA010120220809138440,불나비노래궁,주점,동천동,129.2231115,35.8562566,2.1,로컬상권
MA010120220806936880,르터틀,기타 간이,황남동,129.2097444,35.83883382,10.7,핫플레이스
MA010120220809128310,대보식당,한식,안강읍,129.2282354,35.98964041,3.2,로컬상권
MA010120220809121609,김밥나라,기타 간이,황오동,129.2031324,35.83982929,11.3,핫플레이스
MA010120220809711686,띠아모,비알코올 ,황오동,129.2089614,35.84730903,11.3,핫플레이스
MA010120220807750497,까꾸리,중식,황성동,129.2108562,35.8649256,3.2,로컬상권
MA010120220809122449,다향,주점,황오동,129.2077828,35.84351928,11.3,핫플레이스
MA010120220807884319,일리베로나102,비알코올 ,황성동,129.2152161,35.86884588,3.2,로컬상권
MA010120220809129189,앨지다방,비알코올 ,동천동,129.2193302,35.85401987,2.1,로컬상권
MA010120220803038065,황남식당,한식,황남동,129.2145927,35.83490608,10.7,핫플레이스
MA010120220808289004,피자빙고,기타 간이,보덕동,129.279148,35.83609533,12.9,핫플레이스
MA010120220805309612,정석한우,한식,용강동,129.2213402,35.8677416,1.6,로컬상권
MA010120220809101412,산너머남촌,주점,황성동,129.2188304,35.86824753,3.2,로컬상권
MA010120220809109274,한식집숟가락젓가락구,한식,황오동,129.2147613,35.84256185,11.3,핫플레이스
MA010120220807071348,가든하이로,서양식,보덕동,129.2884474,35.84549647,12.9,핫플레이스
MA010120220808421483,경주국밥,한식,성건동,129.207036,35.8537058,3.3,로컬상권
MA010120220805960727,동궁찜닭,한식,성건동,129.2044475,35.85575366,3.3,로컬상권
MA010120220800375945,고려다방,비알코올 ,황오동,129.2098408,35.84430139,11.3,핫플레이스
MA010120220803372334,조르바,비알코올 ,황오동,129.2087446,35.83949195,11.3,핫플레이스
MA010120220802910784,카페인더문,기타 간이,동천동,129.2239615,35.85578133,2.1,로컬상권
MA010120220809129574,황남칼국수,한식,황오동,129.2101839,35.8431057,11.3,핫플레이스
MA010120220812611831,꿀꿀이갈비찜,한식,황오동,129.2212796,35.84177471,11.3,핫플레이스
MA010120220803112097,이비가짬뽕,중식,외동읍,129.3252131,35.70818507,5.0,핫플레이스
MA010120220801536790,복스런,구내식당·뷔페,천북면,129.2696101,35.93113618,3.4,로컬상권
MA010120220808193898,일번지식당,한식,불국동,129.3072003,35.77270388,6.1,핫플레이스
MA010120220811123892,설빙경주점,비알코올 ,황오동,129.2133909,35.84183023,11.3,핫플레이스
MA010120220809129857,함양집보물로점,한식,불국동,129.306889,35.80821054,6.1,핫플레이스
MA010120220809106321,우진식당,한식,선도동,129.1862617,35.84323714,2.0,로컬상권
MA010120220806451525,싯토리베이커리,기타 간이,황오동,129.2114903,35.84273024,11.3,핫플레이스
MA010120220809108175,처갓집양념치킨보문점,기타 간이,보덕동,129.284818,35.83548304,12.9,핫플레이스
MA010120220808510333,경주황소곱창용강,한식,용강동,129.2253018,35.88470687,1.6,로컬상권
MA010120220804968547,반월매운탕,한식,월성동,129.2546061,35.84355954,7.1,핫플레이스
MA010120220809124535,수평선회타운,한식,감포읍,129.4884747,35.74848191,4.5,로컬상권
MA010120220809116537,포구회식당,한식,감포읍,129.5099134,35.81200663,4.5,로컬상권
MA010120220809108663,천북돼지국밥,한식,천북면,129.2715087,35.89759117,3.4,로컬상권
MA010120220813394048,신얼큰이짬뽕,중식,외동읍,129.3240474,35.6695529,5.0,핫플레이스
MA010120220806747196,동천부경숯불갈비,한식,동천동,129.2275425,35.85639074,2.1,로컬상권
MA010120220805351359,마녀의황금새벽,비알코올 ,성건동,129.1898425,35.8603639,3.3,로컬상권
MA010120220806633660,이든족발돼지국밥,한식,건천읍,129.1062021,35.84853322,7.6,핫플레이스
MA010120220809107753,고향집매운탕,한식,안강읍,129.1528305,35.9866929,3.2,로컬상권
MA010120220809111260,빵사랑마을,기타 간이,동천동,129.2261513,35.8596783,2.1,로컬상권
MA010120220805184041,이삭토스트입실점,기타 간이,외동읍,129.3241479,35.71487334,5.0,핫플레이스
MA010120220809112613,뽀빠이짜장반점,중식,동천동,129.2257769,35.85420692,2.1,로컬상권
MA010120220810174873,24어클락,비알코올 ,황오동,129.2152008,35.84722115,11.3,핫플레이스
MA010120220800840206,에코토,비알코올 ,황남동,129.2094547,35.83637028,10.7,핫플레이스
MA010120220809112532,산정식당,한식,내남면,129.1940858,35.750358,4.1,로컬상권
MA010120220804320102,경주김밥국수,기타 간이,황오동,129.2033644,35.83981602,11.3,핫플레이스
MA010120220802998169,삼릉회식당,한식,황남동,129.206228,35.79816204,10.7,핫플레이스
MA010120220809103974,천군매운탕식당,한식,보덕동,129.2775306,35.83293635,12.9,핫플레이스
MA010120220809104880,기사식당,한식,건천읍,129.1014268,35.8508515,7.6,핫플레이스
MA010120220809131344,영천식당,한식,서면,129.0481218,35.89505074,0.9,로컬상권
MA010120220809709581,경주루지월드푸드코트,한식,보덕동,129.293309,35.84484511,12.9,핫플레이스
MA010120220809100672,풍미숯불식당,한식,황오동,129.2104491,35.84429019,11.3,핫플레이스
MA010120220804395188,막창도둑,한식,용강동,129.2289139,35.88400914,1.6,로컬상권
MA010120220810278917,황제설렁탕,한식,황오동,129.2102797,35.84576201,11.3,핫플레이스
MA010120220809126930,삼삼오오노래클럽,주점,황오동,129.2062108,35.84070086,11.3,핫플레이스
MA010120220811832118,석천암소한우숯불,한식,불국동,129.3106078,35.77048495,6.1,핫플레이스
MA010120220813908749,춘원식당,기타 간이,황오동,129.2158604,35.84507351,11.3,핫플레이스
MA010120220806335787,중앙,서양식,성건동,129.2067435,35.84395286,3.3,로컬상권
MA010120220810408859,보연다방,비알코올 ,안강읍,129.2247762,35.99279515,3.2,로컬상권
MA010120220807389264,친환경돼지식육식당,한식,불국동,129.3037983,35.78201375,6.1,핫플레이스
MA010120220805156249,라이브7080아지트,주점,황오동,129.2030584,35.84115518,11.3,핫플레이스
MA010120220803424317,행거리푸드,기타 간이,보덕동,129.2888635,35.83225241,12.9,핫플레이스
MA010120220807029011,아름다운식당,한식,내남면,129.1947713,35.78415318,4.1,로컬상권
MA010120220806932776,이인숙부동산,비알코올 ,현곡면,129.1763909,35.8812965,1.2,로컬상권
MA010120220809104268,왕창막걸리,주점,황오동,129.2125981,35.84715199,11.3,핫플레이스
MA010120220803121313,스윗문,비알코올 ,황오동,129.2148852,35.84303712,11.3,핫플레이스
MA010120220806499662,테라사,기타 간이,성건동,129.2060818,35.85441714,3.3,로컬상권
MA010120220811923383,막창신,한식,용강동,129.225091,35.88469276,1.6,로컬상권
MA010120220805505289,신라명가,기타 간이,황남동,129.2139288,35.82057366,10.7,핫플레이스
MA010120220809121732,나현,한식,월성동,129.2520726,35.84240869,7.1,핫플레이스
MA010120220812622417,다온,주점,동천동,129.2225438,35.85653742,2.1,로컬상권
MA010120220809109916,정화돼지국밥식당,한식,황오동,129.2161098,35.84170801,11.3,핫플레이스
MA010120220809130228,착한칼국수,한식,동천동,129.2249742,35.84885159,2.1,로컬상권
MA010120220813797680,예스터데이,기타 간이,황오동,129.222959,35.84366286,11.3,핫플레이스
MA010120220805297812,타르트에오,기타 간이,황오동,129.2104457,35.8421728,11.3,핫플레이스
MA010120220809127793,고향식당,한식,동천동,129.2251996,35.85295616,2.1,로컬상권
MA010120220809116915,백리향,중식,황성동,129.216362,35.86825708,3.2,로컬상권
MA010120220809110701,성우실비,주점,용강동,129.2232277,35.86160663,1.6,로컬상권
MA010120220805843191,술이야,주점,동천동,129.2261471,35.85121761,2.1,로컬상권
MA010120220814367728,교동순대국,한식,동천동,129.2304381,35.84596603,2.1,로컬상권
MA010120220800802957,총각돼지,한식,용강동,129.2317164,35.87576666,1.6,로컬상권
MA010120220809101596,우리집식당,한식,성건동,129.2095016,35.85241703,3.3,로컬상권
MA010120220809127317,강변막걸리,주점,동천동,129.222948,35.85040286,2.1,로컬상권
MA010120220809121819,더폼비스트로,서양식,황오동,129.2149985,35.84114283,11.3,핫플레이스
MA010120220811818080,고래등,한식,양남면,129.4749506,35.69649373,4.6,로컬상권
MA010120220806149577,황기순의칼국수&왕돈까스,한식,천북면,129.2654735,35.89953431,3.4,로컬상권
MA010120220812649251,라임,비알코올 ,안강읍,129.1957126,36.00226006,3.2,로컬상권
MA010120220806942653,노워즈,비알코올 ,황남동,129.2094904,35.83925297,10.7,핫플레이스
MA010120220804984545,닭발집,한식,성건동,129.2067435,35.84395286,3.3,로컬상권
MA010120220811890525,한식뷔페,구내식당·뷔페,외동읍,129.3031559,35.66533214,5.0,핫플레이스
MA010120220806712826,헬로버거,기타 간이,건천읍,129.1048572,35.84789902,7.6,핫플레이스
MA010120220813678914,동천의밤,주점,동천동,129.2293319,35.85072604,2.1,로컬상권
MA010120220808014944,런던호프,주점,동천동,129.2228392,35.85681127,2.1,로컬상권
MA010120220804931597,경주빵,기타 간이,불국동,129.2971534,35.77666263,6.1,핫플레이스
MA010120220807438250,동일손칼국수,한식,건천읍,129.1054634,35.84905978,7.6,핫플레이스
MA010120220806340172,다미숲식당,한식,현곡면,129.1790683,35.89213256,1.2,로컬상권
MA010120220804803878,무봉리토종순대국,한식,황오동,129.2177284,35.84102038,11.3,핫플레이스
MA010120220803421761,감포식당,한식,문무대왕면,129.4412337,35.79216716,2.4,로컬상권
MA010120220809164825,심가네,한식,동천동,129.2387593,35.84396408,2.1,로컬상권
MA010120220808440776,황성가야밀면,한식,황성동,129.2156184,35.86937908,3.2,로컬상권
MA010120220809803458,대릉원본가,한식,황남동,129.2148312,35.83512694,10.7,핫플레이스
MA010120220807762154,신참떡볶이,기타 간이,황성동,129.2143751,35.86448233,3.2,로컬상권
MA010120220800662877,신라,기타 간이,황남동,129.2093665,35.83358767,10.7,핫플레이스
MA010120220809995577,푸타이뷔페무카타,구내식당·뷔페,황오동,129.2110685,35.84268394,11.3,핫플레이스
MA010120220800646712,라이라이2,기타 간이,성건동,129.2067435,35.84395286,3.3,로컬상권
MA010120220812778003,카페진리,비알코올 ,양남면,129.4690189,35.67964957,4.6,로컬상권
MA010120220800693012,신라촌국수,한식,동천동,129.2406624,35.84434307,2.1,로컬상권
MA010120220811901595,료미,일식,황남동,129.2097552,35.8356349,10.7,핫플레이스
MA010120220812836297,오베르,비알코올 ,선도동,129.1698135,35.84839207,2.0,로컬상권
MA010120220813639571,롤링핀경주점,기타 간이,황성동,129.2240478,35.88420751,3.2,로컬상권
MA010120220813946149,커피명가경주무,비알코올 ,보덕동,129.3011709,35.85304725,12.9,핫플레이스
MA010120220813042422,버거킹경주보문점,기타 간이,보덕동,129.2898593,35.83455809,12.9,핫플레이스
MA010120220812540218,요고야,주점,황성동,129.2198742,35.86796694,3.2,로컬상권
MA010120220812686723,나드리김밥천국건천점,기타 간이,건천읍,129.1034205,35.84923073,7.6,핫플레이스
MA010120220800459246,큰돼지막창,한식,건천읍,129.1010966,35.85175835,7.6,핫플레이스
MA010120220809117135,최가칡냉면,한식,성건동,129.2061787,35.8451346,3.3,로컬상권
MA010120220809110445,이디야경주점,비알코올 ,황오동,129.2121017,35.84481842,11.3,핫플레이스
MA010120220811753011,사랑비,주점,황오동,129.204342,35.84075319,11.3,핫플레이스
MA010120220809696388,우렁이쌈밥집,한식,황오동,129.2099884,35.84683061,11.3,핫플레이스
MA010120220800054823,두꺼비삼겹살,한식,황성동,129.2192063,35.86624928,3.2,로컬상권
MA010120220800289505,커피에반하다,비알코올 ,황오동,129.2111728,35.84484453,11.3,핫플레이스
MA010120220807083784,동산식당,한식,황오동,129.2161829,35.84194995,11.3,핫플레이스
MA010120220809111960,달빛마을떡방앗간,기타 간이,동천동,129.230162,35.84796246,2.1,로컬상권
MA010120220809103103,명성식당,한식,양남면,129.4688881,35.67970631,4.6,로컬상권
MA010120220809112750,경상도추어탕,한식,동천동,129.2239755,35.85232107,2.1,로컬상권
MA010120220809112257,천하손칼국수,한식,성건동,129.2083709,35.85314965,3.3,로컬상권
MA010120220809112380,피자알볼로경주점,기타 간이,황성동,129.2183946,35.86175007,3.2,로컬상권
MA010120220808033478,큰거랑집,한식,문무대왕면,129.4742606,35.74454056,2.4,로컬상권
MA010120220809115850,수향회식당,한식,감포읍,129.4929481,35.76113836,4.5,로컬상권
MA010120220810270028,장금이횟집,한식,건천읍,129.1044057,35.84924051,7.6,핫플레이스
MA010120220809130516,바다회식당,한식,문무대왕면,129.4834643,35.73734101,2.4,로컬상권
MA010120220810611380,추억의보리밥,한식,안강읍,129.2279274,35.98972723,3.2,로컬상권
MA010120220809112533,초원,한식,외동읍,129.317168,35.68023679,5.0,핫플레이스
MA010120220809114149,대현식당,구내식당·뷔페,외동읍,129.3245363,35.66280364,5.0,핫플레이스
MA010120220810996122,김태희푸드,구내식당·뷔페,외동읍,129.3256361,35.68129884,5.0,핫플레이스
MA010120220812257831,박가네!와,한식,내남면,129.1975827,35.75130333,4.1,로컬상권
MA010120220813434497,미시식당,한식,동천동,129.2226096,35.85572526,2.1,로컬상권
MA010120220813290692,맛있는밥상,한식,외동읍,129.3286728,35.68052829,5.0,핫플레이스
MA010120220803514677,랩소디인블루,비알코올 ,보덕동,129.2888966,35.84033402,12.9,핫플레이스
MA010120220809122978,양남산곰장어,한식,양남면,129.4633349,35.67400859,4.6,로컬상권
MA010120220806424982,새파란보스족발,한식,황오동,129.219259,35.84154175,11.3,핫플레이스
MA010120220804802027,29카페,비알코올 ,강동면,129.2742572,35.98849707,1.8,로컬상권
MA010120220803236155,양푸니동네,한식,선도동,129.1857464,35.84220131,2.0,로컬상권
MA010120220809120195,이조숯불갈비,한식,안강읍,129.2199169,35.99308343,3.2,로컬상권
MA010120220809120855,바다마을,주점,용강동,129.2286733,35.87700354,1.6,로컬상권
MA010120220809122707,청수골,한식,외동읍,129.3206674,35.7270505,5.0,핫플레이스
MA010120220809110104,로머스스테이,한식,불국동,129.3278151,35.78502897,6.1,핫플레이스
MA010120220809110602,동성다방,비알코올 ,월성동,129.2198135,35.8372155,7.1,핫플레이스
MA010120220809116576,별가요궁,주점,건천읍,129.1005338,35.85266024,7.6,핫플레이스
MA010120220810340591,단시푸딩,비알코올 ,황남동,129.2073488,35.83664327,10.7,핫플레이스
MA010120220804150162,새벽집,주점,동천동,129.2228,35.85540638,2.1,로컬상권
MA010120220805069877,읍성한돈,한식,성건동,129.2130493,35.85024327,3.3,로컬상권
MA010120220800054308,커피베이,비알코올 ,안강읍,129.2256132,35.99141006,3.2,로컬상권
MA010120220803184614,기와양과점,기타 간이,황남동,129.209194,35.83414949,10.7,핫플레이스
MA010120220803288487,탑빵,기타 간이,황남동,129.2102032,35.83383358,10.7,핫플레이스
MA010120220809115219,궁상각치우,한식,용강동,129.2366373,35.8728098,1.6,로컬상권
MA010120220809124228,황진사삶은돼지고기마트,한식,건천읍,129.1059592,35.85064597,7.6,핫플레이스
MA010120220811675155,한끼밥상,한식,외동읍,129.326094,35.70998813,5.0,핫플레이스
MA010120220808481108,신라향,중식,불국동,129.317379,35.78816801,6.1,핫플레이스
MA010120220809101371,샘터,한식,문무대왕면,129.4834643,35.73734101,2.4,로컬상권
MA010120220809903400,카페미소,비알코올 ,보덕동,129.2879343,35.83842415,12.9,핫플레이스
MA010120220811572490,토함산손칼국수,한식,불국동,129.3274188,35.78622601,6.1,핫플레이스
MA010120220805501458,물천한우,한식,천북면,129.2753219,35.86947899,3.4,로컬상권
MA010120220808587396,황금코다리,한식,동천동,129.2230591,35.85002236,2.1,로컬상권
MA010120220809123855,B.B.Q치킨식당,기타 간이,황성동,129.2169812,35.86743471,3.2,로컬상권
MA010120220809125669,브라운슈가,비알코올 ,월성동,129.2313937,35.83070266,7.1,핫플레이스
MA010120220809125844,선진포크경주1호창신,한식,동천동,129.2328651,35.84727249,2.1,로컬상권
MA010120220809989020,설월당,비알코올 ,황남동,129.2125391,35.83507007,10.7,핫플레이스
MA010120220809323810,움터카페,비알코올 ,성건동,129.2051832,35.84874805,3.3,로컬상권
MA010120220809105594,죽림식당,한식,성건동,129.1913994,35.86183124,3.3,로컬상권
MA010120220811042478,명인만두경주,기타 간이,동천동,129.223336,35.85676604,2.1,로컬상권
MA010120220811854106,다왕갈비탕경주,한식,용강동,129.2297269,35.88299389,1.6,로컬상권
MA010120220812694802,자연애곤드레참한밥상,한식,불국동,129.3127363,35.79777233,6.1,핫플레이스
MA010120220809148116,선영,기타 간이,용강동,129.2238622,35.87282183,1.6,로컬상권
MA010120220809204173,까투리식당,주점,안강읍,129.1970167,36.00170456,3.2,로컬상권
MA010120220813602830,형산강미나리,한식,강동면,129.2688791,35.97413765,1.8,로컬상권
MA010120220806531931,빨닭:BBALDAKK,일식,성건동,129.2075834,35.8534885,3.3,로컬상권
MA010120220809128155,해송,한식,동천동,129.2276334,35.84698219,2.1,로컬상권
MA010120220806801163,더키더키축산물소비자직거래센타,한식,황남동,129.2096864,35.80841552,10.7,핫플레이스
MA010120220812945294,교리김밥보문점,기타 간이,보덕동,129.2863675,35.8439773,12.9,핫플레이스
MA010120220814374423,여우애김밥경주,기타 간이,외동읍,129.3255328,35.71196325,5.0,핫플레이스
MA010120220814120987,다다티하우스,비알코올 ,건천읍,129.0795291,35.83622983,7.6,핫플레이스
MA010120220805607070,세종식당,한식,용강동,129.2265319,35.87762894,1.6,로컬상권
MA010120220809104132,뉴영국제과,기타 간이,황성동,129.2134989,35.86601223,3.2,로컬상권
MA010120220805090754,가마솥,한식,강동면,129.2788714,36.00282567,1.8,로컬상권
MA010120220812220654,장승돌곱창구이,한식,성건동,129.2047969,35.85278281,3.3,로컬상권
MA010120220808177609,참불닭,기타 간이,안강읍,129.2180347,35.99119908,3.2,로컬상권
MA010120220809102745,청정횟집,한식,감포읍,129.4911991,35.75539021,4.5,로컬상권
MA010120220809102805,일월매운탕,한식,성건동,129.2132469,35.85018556,3.3,로컬상권
MA010120220810419016,윤이네,기타 간이,문무대왕면,129.4414595,35.79123454,2.4,로컬상권
MA010120220809085329,스위트,주점,황성동,129.2186689,35.8684127,3.2,로컬상권
MA010120220806729953,동막골,주점,용강동,129.2296389,35.87867055,1.6,로컬상권
MA010120220812801468,불가마순대국밥,한식,불국동,129.3011227,35.77550547,6.1,핫플레이스
MA010120220813481329,대구집,한식,불국동,129.3011741,35.77575677,6.1,핫플레이스
MA010120220811553485,용강통식당,주점,용강동,129.2298193,35.87918079,1.6,로컬상권
MA010120220808646934,와플대학용황캠퍼스,기타 간이,용강동,129.2261291,35.88498888,1.6,로컬상권
MA010120220803851594,불국빵,기타 간이,황남동,129.2150647,35.83516769,10.7,핫플레이스
MA010120220810156049,레드,비알코올 ,안강읍,129.1923647,36.01350307,3.2,로컬상권
MA010120220809113474,임곡원조춘천닭갈비,한식,황성동,129.2160885,35.86320728,3.2,로컬상권
MA010120220811720008,수국식당,한식,보덕동,129.2927892,35.84716166,12.9,핫플레이스
MA010120220810651277,멕시카나치킨,기타 간이,문무대왕면,129.4420372,35.79240312,2.4,로컬상권
MA010120220809123919,당나무흑염소,한식,건천읍,129.076732,35.83165572,7.6,핫플레이스
MA010120220809117426,통나무집,한식,안강읍,129.1575747,36.01799066,3.2,로컬상권
MA010120220813147606,스마일찰진꽈배기,기타 간이,안강읍,129.2248185,35.99232583,3.2,로컬상권
MA010120220802679469,소라네커피,비알코올 ,성건동,129.2067435,35.84395286,3.3,로컬상권
MA010120220810435663,2378단골횟집,한식,동천동,129.2235346,35.85753725,2.1,로컬상권
MA010120220809111104,피자빙고,기타 간이,성건동,129.206061,35.8552645,3.3,로컬상권
MA010120220809101151,용강국밥,한식,용강동,129.2310547,35.87743686,1.6,로컬상권
MA010120220809130507,정남회식당,한식,양남면,129.4583708,35.66697406,4.6,로컬상권
MA010120220809102727,진미분식,기타 간이,황오동,129.2163118,35.84538956,11.3,핫플레이스
MA010120220809119511,파리바게뜨경주금장점,기타 간이,현곡면,129.2034955,35.87053924,1.2,로컬상권
MA010120220809119726,현대공단식당,한식,외동읍,129.3185048,35.70199825,5.0,핫플레이스
MA010120220809751871,개미초장,한식,성건동,129.2067435,35.84395286,3.3,로컬상권
MA010120220810009233,진짜순대집,한식,외동읍,129.2787854,35.7083617,5.0,핫플레이스
MA010120220810225259,피피노피자,기타 간이,황성동,129.2141289,35.86677551,3.2,로컬상권
MA010120220807162746,자연애곤드레참한밥상,한식,월성동,129.2322207,35.84244588,7.1,핫플레이스
MA010120220807332524,업소명없음,비알코올 ,양남면,129.4717482,35.68363908,4.6,로컬상권
MA010120220807068852,경주에스밀다,비알코올 ,월성동,129.2298006,35.84058964,7.1,핫플레이스
MA010120220814119773,명인만두충효점,기타 간이,선도동,129.1855567,35.84254716,2.0,로컬상권
MA010120220813864190,고수림,한식,외동읍,129.3127705,35.68131254,5.0,핫플레이스
MA010120220809116131,여기당,한식,월성동,129.2434786,35.795409,7.1,핫플레이스
MA010120220811881577,신바람꽈배기,기타 간이,안강읍,129.2228169,35.99172323,3.2,로컬상권
MA010120220806585688,중화요리만당,중식,선도동,129.1708379,35.84618401,2.0,로컬상권
MA010120220806922159,보말집,기타 간이,황남동,129.2094335,35.83680317,10.7,핫플레이스
MA010120220813441608,정밤,서양식,황남동,129.2086313,35.83620521,10.7,핫플레이스
MA010120220807884749,신라오능점,기타 간이,황남동,129.2115517,35.82022999,10.7,핫플레이스
MA010120220803068857,정씨,한식,황성동,129.2140015,35.86895838,3.2,로컬상권
MA010120220812468767,에이스,주점,성건동,129.2059131,35.85432112,3.3,로컬상권
MA010120220811551614,대동회식당,한식,감포읍,129.4843248,35.74440511,4.5,로컬상권
MA010120220808561423,다경닭집,한식,황오동,129.2164046,35.84554102,11.3,핫플레이스
MA010120220813794484,한반도회대게직판장,한식,감포읍,129.5064368,35.80943932,4.5,로컬상권
MA010120220811905916,샵한우,한식,용강동,129.2284949,35.88407098,1.6,로컬상권
MA010120220812913282,카페언더나인,비알코올 ,현곡면,129.1695108,35.89168394,1.2,로컬상권
MA010120220809130502,관성회식당,한식,양남면,129.4516927,35.66090228,4.6,로컬상권
MA010120220814273708,토함돼지국밥,한식,불국동,129.30032,35.77604343,6.1,핫플레이스
MA010120220812301115,남해식당,한식,감포읍,129.5024066,35.80402729,4.5,로컬상권
MA010120220812286209,동원삼겹,한식,안강읍,129.1953025,36.00226757,3.2,로컬상권
MA010120220806472177,강릉식당,한식,동천동,129.2331997,35.84499565,2.1,로컬상권
MA010120220809111721,통영할매굴국밥,한식,안강읍,129.2066016,35.99469877,3.2,로컬상권
MA010120220813163909,구로쌈밥,한식,황남동,129.2177866,35.83595544,10.7,핫플레이스
MA010120220809113926,상수리,한식,내남면,129.1289888,35.74904126,4.1,로컬상권
MA010120220809115390,수타왕손짜장,중식,내남면,129.2034711,35.72913763,4.1,로컬상권
MA010120220806971925,콘크카페,비알코올 ,양남면,129.4734236,35.68603738,4.6,로컬상권
MA010120220809112376,백미식당,한식,안강읍,129.2090168,35.99423082,3.2,로컬상권
MA010120220809112693,이동규손만두방,기타 간이,황성동,129.2103946,35.86464577,3.2,로컬상권
MA010120220813414438,이름없는닭강정,기타 간이,양남면,129.4637402,35.67677541,4.6,로컬상권
MA010120220813577085,세한도,한식,월성동,129.2617571,35.80036451,7.1,핫플레이스
MA010120220808852941,천하일미삼계탕,한식,선도동,129.1889518,35.84085443,2.0,로컬상권
MA010120220805893143,장가계,중식,양남면,129.4606748,35.66685489,4.6,로컬상권
MA010120220812738552,송대말칼국수,한식,감포읍,129.4983551,35.80744527,4.5,로컬상권
MA010120220812120499,북홈펍,한식,보덕동,129.2884474,35.84549647,12.9,핫플레이스
MA010120220803367946,햇살머믄꼬마김밥,비알코올 ,안강읍,129.2188803,35.99328283,3.2,로컬상권
MA010120220803786743,아세안프렌즈,동남아시아,외동읍,129.3245071,35.70936105,5.0,핫플레이스
MA010120220812630353,삐또레,비알코올 ,황성동,129.2121545,35.86503685,3.2,로컬상권
MA010120220809127116,태희맘백일상,기타 간이,동천동,129.2281168,35.85397431,2.1,로컬상권
MA010120220804788959,부산식당,한식,외동읍,129.3270187,35.71443039,5.0,핫플레이스
MA010120220811148155,가마솥,한식,안강읍,129.1967945,36.0008887,3.2,로컬상권
MA010120220803414705,오늘은고기먹는날,한식,성건동,129.2081083,35.85525391,3.3,로컬상권
MA010120220809120791,원조할매국밥,한식,동천동,129.2267149,35.85291906,2.1,로컬상권
MA010120220808408562,하나비,주점,동천동,129.2239615,35.85578133,2.1,로컬상권
MA010120220809334152,엄마손푸드,한식,외동읍,129.3109323,35.6819065,5.0,핫플레이스
MA010120220807386532,나아식당,한식,양남면,129.4705376,35.70131473,4.6,로컬상권
MA010120220810249080,참식혜맛김밥,기타 간이,황오동,129.2161593,35.84507701,11.3,핫플레이스
MA010120220809126034,오유가,중식,외동읍,129.3099915,35.76752339,5.0,핫플레이스
MA010120220809126825,이삭토스트,기타 간이,안강읍,129.2243191,35.99073128,3.2,로컬상권
MA010120220809127096,두성식당,한식,용강동,129.2254727,35.87775671,1.6,로컬상권
MA010120220809129131,별커피,비알코올 ,황성동,129.2131931,35.86576558,3.2,로컬상권
MA010120220803281668,자연을닮은소박한집,비알코올 ,천북면,129.2729056,35.89764582,3.4,로컬상권
MA010120220809109905,디미방민속떡방아간,기타 간이,황성동,129.2198005,35.86691408,3.2,로컬상권
MA010120220809172665,황용약수터,한식,보덕동,129.3684384,35.82548391,12.9,핫플레이스
MA010120220809328544,멕시카나치킨,기타 간이,불국동,129.3009586,35.77518423,6.1,핫플레이스
MA010120220809130399,산내산천매운탕,한식,산내면,129.0447898,35.75755802,1.0,로컬상권
MA010120220811526967,독도돼지국밥,한식,외동읍,129.3256363,35.71020422,5.0,핫플레이스
MA010120220812531037,대한연어,일식,성건동,129.2048992,35.85647522,3.3,로컬상권
MA010120220812657634,어실매운탕,한식,산내면,129.0449344,35.75715909,1.0,로컬상권
MA010120220812999139,기소야신경주역점,일식,건천읍,129.1393996,35.79808179,7.6,핫플레이스
MA010120220809121991,용강국밥불쭈꾸미,한식,동천동,129.2291863,35.84710656,2.1,로컬상권
MA010120220809122151,남산경주빵,기타 간이,월성동,129.2203278,35.83700777,7.1,핫플레이스
MA010120220809122243,고향식당,한식,황오동,129.2149545,35.84393688,11.3,핫플레이스
MA010120220813133476,오가네모찌,비알코올 ,황남동,129.2089242,35.83559613,10.7,핫플레이스
MA010120220809691568,벤자마스가든,비알코올 ,동천동,129.2379147,35.84383566,2.1,로컬상권
MA010120220809794528,부산식당,한식,황오동,129.2163118,35.84538956,11.3,핫플레이스
MA010120220813643707,향,주점,안강읍,129.1956086,36.00010851,3.2,로컬상권
MA010120220809130181,더빈스커피앤노상치킨,비알코올 ,안강읍,129.1934653,36.00199484,3.2,로컬상권
MA010120220807570331,참뼈충효점,한식,선도동,129.187357,35.84161334,2.0,로컬상권
MA010120220810811363,용강곱창,한식,용강동,129.2236125,35.86269877,1.6,로컬상권
MA010120220811935486,가람케이크,기타 간이,동천동,129.2301712,35.84947603,2.1,로컬상권
MA010120220809105569,우렁각시쌈밥,한식,황남동,129.2041398,35.79783993,10.7,핫플레이스
MA010120220807760983,이백장돈가스,일식,황성동,129.2171879,35.86214178,3.2,로컬상권
MA010120220809102547,경주칼치불낙,한식,동천동,129.223114,35.85753603,2.1,로컬상권
MA010120220809102903,파리바게트제과점,기타 간이,황성동,129.2139878,35.86528239,3.2,로컬상권
MA010120220803272584,첨성대초콜렛,기타 간이,황남동,129.2061446,35.83871077,10.7,핫플레이스
MA010120220803075474,그랜드노래궁,주점,동천동,129.2233581,35.85557625,2.1,로컬상권
MA010120220812154603,7광구기사식당,한식,강동면,129.2470082,35.96941359,1.8,로컬상권
MA010120220811814449,남산루,중식,황남동,129.2054145,35.79113975,10.7,핫플레이스
MA010120220805023565,최영화빵황리단점,기타 간이,황남동,129.2096825,35.83899714,10.7,핫플레이스
MA010120220804039974,스모프치킨,기타 간이,안강읍,129.2286188,35.99341758,3.2,로컬상권
MA010120220805252176,수노래궁,주점,감포읍,129.5023133,35.80457884,4.5,로컬상권
MA010120220809118502,대부육회,한식,동천동,129.222771,35.85556009,2.1,로컬상권
MA010120220809118674,나나분식,기타 간이,현곡면,129.203853,35.86785658,1.2,로컬상권
MA010120220809112698,진짜루,중식,외동읍,129.3260301,35.7104489,5.0,핫플레이스
MA010120220812681248,명품한우암소숯불,한식,감포읍,129.5021284,35.80608734,4.5,로컬상권
MA010120220803104641,명성회센터,한식,감포읍,129.5035439,35.80431894,4.5,로컬상권
MA010120220800140587,황남거북이,주점,황남동,129.2115249,35.83680073,10.7,핫플레이스
MA010120220805897555,락원가든,한식,건천읍,129.1204242,35.86060048,7.6,핫플레이스
MA010120220806569742,전망대식당커피,비알코올 ,양남면,129.373765,35.67162802,4.6,로컬상권
MA010120220800520168,부성식당,한식,안강읍,129.2158867,35.99249122,3.2,로컬상권
MA010120220806901478,서악식당,한식,성건동,129.2067435,35.84395286,3.3,로컬상권
MA010120220800113816,엔와이쿡,기타 간이,성건동,129.2049064,35.84634734,3.3,로컬상권
MA010120220805457697,소옥,한식,황남동,129.2124361,35.83454936,10.7,핫플레이스
MA010120220804792503,전복친구들,한식,외동읍,129.3217265,35.72775089,5.0,핫플레이스
MA010120220810169245,맛있는녀석들,한식,황남동,129.2112645,35.83619281,10.7,핫플레이스
MA010120220806509623,이디야경주동국대,비알코올 ,성건동,129.1903642,35.8612194,3.3,로컬상권
MA010120220804938982,달봉이치킨경주충효점,기타 간이,선도동,129.1801461,35.84500623,2.0,로컬상권
MA010120220814379105,리도,주점,황오동,129.2169715,35.84165607,11.3,핫플레이스
MA010120220805387147,돈석쇠,한식,동천동,129.2293926,35.84933731,2.1,로컬상권
MA010120220808520780,서민막창,한식,동천동,129.2267267,35.85215296,2.1,로컬상권
MA010120220803853709,봄봄경주점,비알코올 ,황오동,129.2128843,35.84430843,11.3,핫플레이스
MA010120220813896022,철수야족발먹자,한식,용강동,129.2304527,35.87847523,1.6,로컬상권
MA010120220810577311,의우회7080라이브,주점,동천동,129.2239851,35.85424912,2.1,로컬상권
MA010120220809128525,부산밀면옛날돈까스,한식,보덕동,129.284818,35.83548304,12.9,핫플레이스
MA010120220803921305,탕화쿵푸마라탕,중식,황오동,129.2139771,35.84181943,11.3,핫플레이스
MA010120220808264496,옛날통닭새벽닭,기타 간이,성건동,129.2072344,35.85526997,3.3,로컬상권
MA010120220805298020,마는끼니,일식,현곡면,129.2058376,35.87116301,1.2,로컬상권
MA010120220805521836,부바스,서양식,황오동,129.2118559,35.84234507,11.3,핫플레이스
MA010120220800307216,명문가야밀면,한식,건천읍,129.1064005,35.84766472,7.6,핫플레이스
MA010120220800372973,명성생오리,한식,동천동,129.2224852,35.8532497,2.1,로컬상권
MA010120220809116476,백록다방,비알코올 ,황오동,129.2072897,35.84050083,11.3,핫플레이스
MA010120220806771214,러브스토리인시애틀,비알코올 ,황오동,129.2068025,35.84208661,11.3,핫플레이스
MA010120220812907377,수협바다카페,비알코올 ,감포읍,129.5029153,35.80472848,4.5,로컬상권
MA010120220813994770,이디야알천점,비알코올 ,동천동,129.2305609,35.8495589,2.1,로컬상권
MA010120220808604902,언니화났닥,기타 간이,황성동,129.2119808,35.8599852,3.2,로컬상권
MA010120220809125327,개곡폭포가든,한식,외동읍,129.3346194,35.73409687,5.0,핫플레이스
MA010120220809129790,백년손님,한식,황남동,129.2129491,35.83429662,10.7,핫플레이스
MA010120220806859400,오오뎅뎅,주점,황성동,129.218387,35.86783223,3.2,로컬상권
MA010120220809103201,조개박사,한식,성건동,129.2070197,35.85471527,3.3,로컬상권
MA010120220809127281,청마루숯불,한식,천북면,129.2891087,35.92308008,3.4,로컬상권
MA010120220809130545,월계수산장가든,한식,산내면,129.0582958,35.69732412,1.0,로컬상권
MA010120220809113854,비비큐치킨,기타 간이,외동읍,129.3255887,35.71464726,5.0,핫플레이스
MA010120220809124657,고봉민김밥인,기타 간이,황성동,129.2116156,35.86675876,3.2,로컬상권
MA010120220809125050,파리바게뜨경주,기타 간이,성건동,129.2072846,35.84231203,3.3,로컬상권
MA010120220809115354,연화식당,한식,황남동,129.2115736,35.80905659,10.7,핫플레이스
MA010120220809901629,119딧고기,한식,황성동,129.2184791,35.86795668,3.2,로컬상권
MA010120220805334214,도미,기타 간이,황오동,129.21179,35.84076946,11.3,핫플레이스
MA010120220808118614,카페씨에로,비알코올 ,동천동,129.2351523,35.84398621,2.1,로컬상권
MA010120220809125876,또바기,주점,황오동,129.204515,35.83980392,11.3,핫플레이스
MA010120220808669407,대구왕뽈찜,한식,안강읍,129.2278356,35.97621358,3.2,로컬상권
MA010120220809109774,큰손짜장,중식,불국동,129.3046057,35.77168142,6.1,핫플레이스
MA010120220809116271,정회식당,한식,성건동,129.2032487,35.84243118,3.3,로컬상권
MA010120220806831610,늘봄떡갈비쌈밥,한식,불국동,129.3130854,35.79379206,6.1,핫플레이스
MA010120220809118859,어림지,한식,동천동,129.2246584,35.85338968,2.1,로컬상권
MA010120220810996133,멕시카나치킨,기타 간이,월성동,129.2611966,35.80985399,7.1,핫플레이스
MA010120220809125914,사브리나건천,비알코올 ,건천읍,129.1033735,35.84870894,7.6,핫플레이스
MA010120220809108493,삼능숯불생고기,한식,선도동,129.1886919,35.84146287,2.0,로컬상권
MA010120220806774628,논뚜렁밭뚜렁,한식,불국동,129.3254834,35.77938861,6.1,핫플레이스
MA010120220812716703,첨성대카페,비알코올 ,월성동,129.2203645,35.83594386,7.1,핫플레이스
MA010120220812870371,더블랙,비알코올 ,안강읍,129.2227116,35.9911305,3.2,로컬상권
MA010120220806499316,더샵,비알코올 ,강동면,129.2745243,35.98776219,1.8,로컬상권
MA010120220809126246,돈터국밥,한식,선도동,129.1840721,35.84288953,2.0,로컬상권
MA010120220809128302,허갈닭강정,기타 간이,안강읍,129.196853,36.00299603,3.2,로컬상권
MA010120220810345600,카페라임,비알코올 ,천북면,129.2459302,35.9188232,3.4,로컬상권
MA010120220813323039,어벤더치,비알코올 ,성건동,129.1901262,35.86142197,3.3,로컬상권
MA010120220810537802,라라양과점,비알코올 ,황남동,129.2093905,35.83844387,10.7,핫플레이스
MA010120220813547571,유캔두잇경주,비알코올 ,동천동,129.2235135,35.85678077,2.1,로컬상권
MA010120220813112577,우리들,주점,황성동,129.2192347,35.86647402,3.2,로컬상권
MA010120220811514643,대왕칼국수가야밀면,한식,감포읍,129.4850411,35.74575983,4.5,로컬상권
MA010120220812650475,캘리포니아카페,한식,천북면,129.2898577,35.92101147,3.4,로컬상권
MA010120220806990277,카페서동리32,비알코올 ,양남면,129.4165671,35.66438785,4.6,로컬상권
MA010120220800424152,취송노래타운,주점,외동읍,129.3261327,35.71397899,5.0,핫플레이스
MA010120220806475163,퍼즈커피로스터,비알코올 ,황오동,129.2099378,35.84261465,11.3,핫플레이스
MA010120220809101811,설록원,비알코올 ,황오동,129.2121366,35.84288954,11.3,핫플레이스
MA010120220809129065,우드페커,서양식,외동읍,129.3490871,35.68938515,5.0,핫플레이스
MA010120220800828596,카페뜰,비알코올 ,외동읍,129.3214865,35.68673117,5.0,핫플레이스
MA010120220809120806,한솥식당,한식,선도동,129.1860279,35.84278186,2.0,로컬상권
MA010120220809122701,1.2.3횟집,한식,안강읍,129.2153027,35.98865464,3.2,로컬상권
MA010120220809119285,우리돌곱창,한식,동천동,129.2293794,35.8480761,2.1,로컬상권
MA010120220806909604,동현구이,한식,성건동,129.2070132,35.85487758,3.3,로컬상권
MA010120220809913416,혜진분식,기타 간이,황오동,129.2158604,35.84507351,11.3,핫플레이스
MA010120220809123529,또래오래치킨경주산내점,기타 간이,산내면,129.0436125,35.75691124,1.0,로컬상권
MA010120220802834406,크라운호프경주,주점,황성동,129.2189601,35.86734409,3.2,로컬상권
MA010120220809125157,만석정숯불,한식,황성동,129.2117785,35.86744055,3.2,로컬상권
MA010120220810168719,황남주택,주점,황남동,129.2148335,35.83481153,10.7,핫플레이스
MA010120220803579575,산내노래광장,주점,산내면,129.0439471,35.75788773,1.0,로컬상권
MA010120220809125945,왕생굴구이,한식,황성동,129.2172112,35.86774583,3.2,로컬상권
MA010120220810449318,수성커피,비알코올 ,용강동,129.2267073,35.87835553,1.6,로컬상권
MA010120220805220510,가비엔자기,비알코올 ,안강읍,129.2254319,35.99166571,3.2,로컬상권
MA010120220805693063,기와골맷돌순두부,한식,월성동,129.251549,35.84189591,7.1,핫플레이스
MA010120220812340494,이디야경주입실점,비알코올 ,외동읍,129.3252131,35.70818507,5.0,핫플레이스
MA010120220809946732,통나무횟집,한식,불국동,129.3010982,35.77964169,6.1,핫플레이스
MA010120220807151074,미실,비알코올 ,황남동,129.2091621,35.83818676,10.7,핫플레이스
MA010120220808300070,수정각,중식,양남면,129.4698348,35.7007345,4.6,로컬상권
MA010120220809123969,고향떡집,기타 간이,불국동,129.3011227,35.77550547,6.1,핫플레이스
MA010120220805256683,담:다,일식,황오동,129.2140987,35.84659272,11.3,핫플레이스
MA010120220813719863,황리화덕가,서양식,황남동,129.2083509,35.83566974,10.7,핫플레이스
MA010120220813505173,한솔국수집,한식,감포읍,129.5023508,35.80683053,4.5,로컬상권
MA010120220806811875,그커피이야기,비알코올 ,강동면,129.2756863,35.99038912,1.8,로컬상권
MA010120220804143064,진현동커피;진현동까페,비알코올 ,불국동,129.3220431,35.77895956,6.1,핫플레이스
MA010120220807202156,포항물회,한식,외동읍,129.3237108,35.71617928,5.0,핫플레이스
MA010120220814254124,아림단란주점,주점,황오동,129.2154603,35.84381943,11.3,핫플레이스
MA010120220811126832,떡가마,기타 간이,황오동,129.2164591,35.84590944,11.3,핫플레이스
MA010120220814310863,사계절면가,기타 간이,외동읍,129.2747988,35.70919403,5.0,핫플레이스
MA010120220803275646,소풍,비알코올 ,감포읍,129.5168264,35.83616155,4.5,로컬상권
MA010120220806644444,삼성웰스토리골프존카운티감포,구내식당·뷔페,감포읍,129.486486,35.77300319,4.5,로컬상권
MA010120220813392173,원더풀,기타 간이,외동읍,129.3240088,35.71540764,5.0,핫플레이스
MA010120220809128355,하프앤드,기타 간이,안강읍,129.2216507,35.99283508,3.2,로컬상권
MA010120220809128506,홍두깨손칼국수,한식,안강읍,129.1945653,36.00207383,3.2,로컬상권
MA010120220809115518,시골어탕,한식,건천읍,129.1049644,35.84818548,7.6,핫플레이스
MA010120220809112043,찬영각,한식,불국동,129.3059624,35.81365253,6.1,핫플레이스
MA010120220809101639,토담,서양식,동천동,129.2247523,35.85674882,2.1,로컬상권
MA010120220812861517,팅커벨하우스,주점,동천동,129.225948,35.8567627,2.1,로컬상권
MA010120220809111208,중앙떡집,기타 간이,성건동,129.2067435,35.84395286,3.3,로컬상권
MA010120220813391648,모임달,서양식,황남동,129.208405,35.83682209,10.7,핫플레이스
MA010120220812448116,유산균현미빵,기타 간이,동천동,129.2326198,35.84720497,2.1,로컬상권
MA010120220809123668,11CHESTERFIELDWAY,서양식,성건동,129.2050472,35.84743502,3.3,로컬상권
MA010120220811883441,옥이식당,한식,황오동,129.2158191,35.84319109,11.3,핫플레이스
MA010120220806629709,천북소머리곰탕,한식,천북면,129.263674,35.89895556,3.4,로컬상권
MA010120220814044351,양순네,한식,선도동,129.1860947,35.8423932,2.0,로컬상권
MA010120220812054959,커피아사cafeAsa,비알코올 ,불국동,129.2978809,35.77735153,6.1,핫플레이스
MA010120220814377656,월성한우,한식,문무대왕면,129.439754,35.79368387,2.4,로컬상권
MA010120220805046420,중식당,중식,황성동,129.218838,35.86534604,3.2,로컬상권
MA010120220803131476,울산집,한식,감포읍,129.5007372,35.8022871,4.5,로컬상권
MA010120220811905370,하삼동경주금장점,비알코올 ,현곡면,129.2037837,35.86735327,1.2,로컬상권
MA010120220812903837,롯데리아보문점,기타 간이,보덕동,129.2909001,35.83958401,12.9,핫플레이스
MA010120220808873254,진순이네,한식,외동읍,129.3054113,35.67618263,5.0,핫플레이스
MA010120220809105543,날마다좋은집,한식,불국동,129.3214792,35.78922418,6.1,핫플레이스
MA010120220809105636,고미정,한식,동천동,129.2239767,35.85830396,2.1,로컬상권
MA010120220812085295,고추잠자리,주점,보덕동,129.2814867,35.84550275,12.9,핫플레이스
MA010120220814062538,케이크한입,기타 간이,불국동,129.2993048,35.77611692,6.1,핫플레이스
MA010120220809123019,백년초칼국수,한식,황남동,129.206046,35.79438096,10.7,핫플레이스
MA010120220812228689,엄마밥상,한식,불국동,129.3011227,35.77550547,6.1,핫플레이스
MA010120220814063277,카페인아워타임경주점,기타 간이,황오동,129.2201647,35.84187641,11.3,핫플레이스
MA010120220809118831,커피동네다방,비알코올 ,문무대왕면,129.4426059,35.79147254,2.4,로컬상권
MA010120220812519466,진성숯불가든,한식,감포읍,129.5001975,35.80870437,4.5,로컬상권
MA010120220809122203,훌랄라참숯바베큐,기타 간이,안강읍,129.215895,35.99239196,3.2,로컬상권
MA010120220812816807,늘人,비알코올 ,월성동,129.2437129,35.78918742,7.1,핫플레이스
MA010120220810485138,우진수산,한식,안강읍,129.2276713,35.97904584,3.2,로컬상권
MA010120220809104342,황남빵,기타 간이,황오동,129.2136962,35.8408695,11.3,핫플레이스
MA010120220810550712,빽다방경주대릉원점,비알코올 ,황남동,129.2152181,35.83471434,10.7,핫플레이스
MA010120220811750074,여자만식당,한식,외동읍,129.3137272,35.76214445,5.0,핫플레이스
MA010120220810238719,향매김,비알코올 ,성건동,129.2032456,35.85311764,3.3,로컬상권
MA010120220809676952,이상복경주빵,기타 간이,월성동,129.2429919,35.7969769,7.1,핫플레이스
MA010120220802274269,생아구찜,한식,건천읍,129.1017601,35.85257572,7.6,핫플레이스
MA010120220809105443,유빈식당,한식,용강동,129.2257745,35.86164054,1.6,로컬상권
MA010120220812329096,한우데이,한식,내남면,129.202749,35.72338407,4.1,로컬상권
MA010120220811895232,카페하바나,비알코올 ,건천읍,129.0964752,35.84606327,7.6,핫플레이스
MA010120220808014251,천년애,기타 간이,황남동,129.209733,35.83323853,10.7,핫플레이스
MA010120220812800490,와우족발,한식,황성동,129.2159707,35.86851659,3.2,로컬상권
MA010120220804806993,로뎅,주점,감포읍,129.5020891,35.80518717,4.5,로컬상권
MA010120220805683287,경주황금십원빵,기타 간이,황남동,129.2095503,35.83781921,10.7,핫플레이스
MA010120220806736794,돼장간옆집,주점,양남면,129.4712807,35.7010562,4.6,로컬상권
MA010120220810889414,크라상점,기타 간이,황성동,129.2144208,35.86532847,3.2,로컬상권
MA010120220813774333,카페0.9,비알코올 ,불국동,129.3072003,35.77270388,6.1,핫플레이스
MA010120220805325280,슈어,비알코올 ,월성동,129.2304675,35.84109085,7.1,핫플레이스
MA010120220804957846,하늘,한식,건천읍,129.1043263,35.84874631,7.6,핫플레이스
MA010120220809119183,신불날개,기타 간이,안강읍,129.2192026,35.9917271,3.2,로컬상권
MA010120220809119249,먹거리해물생칼국수,한식,감포읍,129.5011536,35.80427863,4.5,로컬상권
MA010120220801141976,월산,한식,동천동,129.2255004,35.85540142,2.1,로컬상권
MA010120220806707809,봄봄위덕점,비알코올 ,강동면,129.2825921,36.01610785,1.8,로컬상권
MA010120220803555396,옥천식당,한식,안강읍,129.2231641,35.99263584,3.2,로컬상권
MA010120220807170178,함월커피,비알코올 ,서면,129.0421039,35.90046956,0.9,로컬상권
MA010120220805240271,이조참기름떡방앗간,기타 간이,내남면,129.1978748,35.75027079,4.1,로컬상권
MA010120220805002470,라쿵푸,중식,성건동,129.2064909,35.85520254,3.3,로컬상권
MA010120220808734515,경주본가뒷고기,한식,선도동,129.1769084,35.84477662,2.0,로컬상권
MA010120220805152012,미소,중식,외동읍,129.3229125,35.67116065,5.0,핫플레이스
MA010120220806994481,다래떡방앗간,기타 간이,동천동,129.2291156,35.84695469,2.1,로컬상권
MA010120220809110281,맛사랑,한식,황남동,129.2089937,35.83491005,10.7,핫플레이스
MA010120220811554118,이달빵카페,기타 간이,천북면,129.2687304,35.89608494,3.4,로컬상권
MA010120220809108455,멕시카나양념치킨,기타 간이,천북면,129.2685611,35.895971,3.4,로컬상권
MA010120220809111048,삼정,한식,안강읍,129.1948774,36.00093282,3.2,로컬상권
MA010120220809108386,꾸띵피자,기타 간이,안강읍,129.2252268,35.99147129,3.2,로컬상권
MA010120220812482427,석계자연농원,한식,외동읍,129.2834396,35.66818572,5.0,핫플레이스
MA010120220809124502,해수회집,일식,감포읍,129.4912132,35.78985302,4.5,로컬상권
MA010120220809131064,이디야경주,비알코올 ,성건동,129.2065959,35.85459691,3.3,로컬상권
MA010120220803214392,사시스스시,일식,황남동,129.2097064,35.83587007,10.7,핫플레이스
MA010120220805337894,카바디노래궁,주점,동천동,129.2239366,35.8544933,2.1,로컬상권
MA010120220812611351,부엉이,주점,동천동,129.2264607,35.85332924,2.1,로컬상권
MA010120220809113114,고맛집왕갈비,한식,안강읍,129.1953696,36.00108599,3.2,로컬상권
MA010120220809121881,송화,주점,동천동,129.2231369,35.85676972,2.1,로컬상권
MA010120220809122038,신전떡볶이,기타 간이,황오동,129.2136008,35.84142089,11.3,핫플레이스
MA010120220809105437,7080가요주점,주점,불국동,129.2981096,35.77723003,6.1,핫플레이스
MA010120220809102281,이삭토스트,기타 간이,성건동,129.2047005,35.85569496,3.3,로컬상권
MA010120220810967988,시골쌈밥,한식,황남동,129.2157606,35.83592074,10.7,핫플레이스
MA010120220809122088,삼성관반점,중식,강동면,129.2854121,36.00661155,1.8,로컬상권
MA010120220813453916,에스프레소모조,비알코올 ,성건동,129.2102103,35.85083617,3.3,로컬상권
MA010120220811905515,닛시피자,기타 간이,불국동,129.2977665,35.77721857,6.1,핫플레이스
MA010120220814221407,경주쫄면상회,한식,황남동,129.2104296,35.83600995,10.7,핫플레이스
MA010120220810571018,진부령식당,한식,양남면,129.4705376,35.70131473,4.6,로컬상권
MA010120220809128191,곰배국수,한식,용강동,129.2267168,35.87750838,1.6,로컬상권
MA010120220809102784,경주민물매운탕,한식,보덕동,129.2629825,35.85287188,12.9,핫플레이스
MA010120220811533540,일성가마솥,한식,성건동,129.2143968,35.85253411,3.3,로컬상권
MA010120220811894365,마카다,비알코올 ,황남동,129.2093781,35.83320902,10.7,핫플레이스
MA010120220813153945,봄이네분식,기타 간이,동천동,129.2328651,35.84727249,2.1,로컬상권
MA010120220812226168,다복떡집,기타 간이,황오동,129.2158604,35.84507351,11.3,핫플레이스
MA010120220810485451,정성을다한갈비찜,한식,성건동,129.2072713,35.8538096,3.3,로컬상권
MA010120220814389148,우전생고기,한식,황성동,129.2118917,35.86673565,3.2,로컬상권
MA010120220811900920,장터돼지국밥,한식,문무대왕면,129.4298268,35.80070563,2.4,로컬상권
MA010120220805955290,처갓집양념치킨,기타 간이,선도동,129.1774147,35.84548828,2.0,로컬상권
MA010120220805337694,우정커피숍,비알코올 ,서면,129.0500862,35.8930709,0.9,로컬상권
MA010120220809117122,범천매운탕,한식,동천동,129.2262704,35.85681079,2.1,로컬상권
MA010120220810802473,길복소주방,한식,감포읍,129.5033476,35.80405274,4.5,로컬상권
MA010120220809115214,강변집,한식,문무대왕면,129.4770512,35.74400557,2.4,로컬상권
MA010120220808527080,남포동돼지국밥,한식,안강읍,129.2180894,35.99077459,3.2,로컬상권
MA010120220811988841,옛고을,한식,안강읍,129.164398,36.00874922,3.2,로컬상권
MA010120220806922769,사계절식당,한식,건천읍,129.1478153,35.81035732,7.6,핫플레이스
MA010120220805236602,신라명가한식당,한식,보덕동,129.2863675,35.8439773,12.9,핫플레이스
MA010120220805610727,시골보리밥,한식,산내면,129.0647825,35.65284312,1.0,로컬상권
MA010120220812591790,삼에프,한식,황오동,129.2093293,35.84222037,11.3,핫플레이스
MA010120220809124213,추억의닭발,주점,성건동,129.2066287,35.85498376,3.3,로컬상권
MA010120220809130434,문화조개구이,한식,양남면,129.475616,35.69693955,4.6,로컬상권
MA010120220812237831,엔제스케이크,기타 간이,성건동,129.2078973,35.85283398,3.3,로컬상권
MA010120220805256026,킹노래가요주점,주점,안강읍,129.194929,36.00119317,3.2,로컬상권
MA010120220805460908,독도회식당,한식,동천동,129.2291397,35.84899961,2.1,로컬상권
MA010120220809110035,이모네,한식,황성동,129.2190291,35.87378525,3.2,로컬상권
MA010120220804735837,난갈비장터다,기타 간이,황오동,129.2159635,35.84480129,11.3,핫플레이스
MA010120220809110501,원주식당,한식,감포읍,129.5025149,35.80747583,4.5,로컬상권
MA010120220809112151,대구막창,한식,동천동,129.2239989,35.8503834,2.1,로컬상권
MA010120220803396301,커피명가양남점,비알코올 ,양남면,129.4707505,35.6824432,4.6,로컬상권
MA010120220814305388,올래양꼬치,중식,동천동,129.2267339,35.85557678,2.1,로컬상권
MA010120220805318634,또와분식,기타 간이,양남면,129.4707411,35.70039152,4.6,로컬상권
MA010120220813216645,황진이노래궁,주점,동천동,129.2238841,35.85459339,2.1,로컬상권
MA010120220805363453,포차안주,한식,양남면,129.4636531,35.67538063,4.6,로컬상권
MA010120220808731568,핫도그트럭서라벌대점,기타 간이,선도동,129.1871368,35.84165339,2.0,로컬상권
MA010120220808397281,공단식당,한식,천북면,129.2714049,35.94197754,3.4,로컬상권
MA010120220808842826,경주한우,한식,천북면,129.2454106,35.91964385,3.4,로컬상권
MA010120220809121217,한양식당,한식,천북면,129.2688218,35.89579488,3.4,로컬상권
MA010120220809101219,세시봉,기타 간이,보덕동,129.2863675,35.8439773,12.9,핫플레이스
MA010120220803916320,텐퍼센트용황점,비알코올 ,용강동,129.2256045,35.8832596,1.6,로컬상권
MA010120220809650642,청온채,한식,황남동,129.2087922,35.8376169,10.7,핫플레이스
MA010120220809115276,BHC용강,기타 간이,용강동,129.2307678,35.87826214,1.6,로컬상권
MA010120220809130179,이디야커피황성유림점,비알코올 ,황성동,129.2154381,35.86886881,3.2,로컬상권
MA010120220811959769,부산통닭,기타 간이,동천동,129.2228616,35.85602695,2.1,로컬상권
MA010120220813214659,컴포즈커피경주,비알코올 ,동천동,129.2264505,35.85375292,2.1,로컬상권
MA010120220809290074,쿠우동,일식,황남동,129.2114116,35.83630724,10.7,핫플레이스
MA010120220813617589,황남쫀드기,기타 간이,황남동,129.2098319,35.83720131,10.7,핫플레이스
MA010120220805357090,서오,비알코올 ,월성동,129.2415239,35.79668892,7.1,핫플레이스
MA010120220810415476,밀당,기타 간이,용강동,129.2261291,35.88498888,1.6,로컬상권
MA010120220809105931,오돌진족식당,한식,양남면,129.4711444,35.69986065,4.6,로컬상권
MA010120220809106264,죽림식당,한식,황남동,129.2100286,35.8004079,10.7,핫플레이스
MA010120220813143393,인생술집,주점,선도동,129.1883872,35.84205411,2.0,로컬상권
MA010120220803189136,이디야커피,비알코올 ,성건동,129.1928796,35.85850639,3.3,로컬상권
MA010120220807941052,우정식당,한식,외동읍,129.3194464,35.67921076,5.0,핫플레이스
MA010120220809121712,오피점일공이,비알코올 ,황오동,129.2067776,35.84198796,11.3,핫플레이스
MA010120220809100693,삼영식당,한식,황오동,129.2099972,35.84555096,11.3,핫플레이스
MA010120220814362276,금촌설렁탕,한식,양남면,129.4713407,35.70013593,4.6,로컬상권
MA010120220808010650,배떡경주황오점,기타 간이,황오동,129.2123399,35.84144412,11.3,핫플레이스
MA010120220808624920,휴게실막걸리,주점,동천동,129.2230694,35.85237389,2.1,로컬상권
MA010120220808705425,먹깨비,한식,양남면,129.4669001,35.68077424,4.6,로컬상권
MA010120220813607310,아덴블랑제리경주용황로점,비알코올 ,용강동,129.2260859,35.88265599,1.6,로컬상권
MA010120220809117185,동선식당,한식,현곡면,129.2023842,35.86478394,1.2,로컬상권
MA010120220809118474,양지식당,한식,천북면,129.2470461,35.91950511,3.4,로컬상권
MA010120220814329854,수피아카페,비알코올 ,월성동,129.2412938,35.80700116,7.1,핫플레이스
MA010120220812718186,프렌즈북카페,비알코올 ,황오동,129.20313,35.83934276,11.3,핫플레이스
MA010120220809130383,홍콩식당,중식,양남면,129.4621157,35.67637618,4.6,로컬상권
MA010120220809195868,또래오래치킨,기타 간이,선도동,129.1866169,35.84287026,2.0,로컬상권
MA010120220809118386,청룡식당,한식,불국동,129.326967,35.78627981,6.1,핫플레이스
MA010120220809104200,가언,비알코올 ,황오동,129.2100854,35.84593679,11.3,핫플레이스
MA010120220809128833,버블버블진돌이네,비알코올 ,안강읍,129.1948775,36.00053636,3.2,로컬상권
MA010120220808224356,경주꽃돼지보쌈족발식당,한식,황오동,129.2102407,35.84794326,11.3,핫플레이스
MA010120220811246679,구포촌국수,한식,외동읍,129.3206674,35.7270505,5.0,핫플레이스
MA010120220809119164,청하한정식,한식,황오동,129.2103597,35.84585065,11.3,핫플레이스
MA010120220813527986,베고니아,주점,성건동,129.2050887,35.85293063,3.3,로컬상권
MA010120220814260464,중식당,중식,외동읍,129.2980347,35.70543655,5.0,핫플레이스
MA010120220806848823,신천지다방,비알코올 ,황오동,129.2162208,35.84291337,11.3,핫플레이스
MA010120220809105678,천우식당,한식,동천동,129.2335886,35.84702477,2.1,로컬상권
MA010120220809124975,북천숯불갈비,한식,동천동,129.2191715,35.85547348,2.1,로컬상권
MA010120220806347679,영양숯불갈비,한식,황오동,129.2099709,35.84659666,11.3,핫플레이스
MA010120220810051679,운수대통닭갈비,한식,황오동,129.2123894,35.84163243,11.3,핫플레이스
MA010120220809122214,송프로피자,기타 간이,황성동,129.2136099,35.86482982,3.2,로컬상권
MA010120220814384558,청춘포차,주점,안강읍,129.1953064,36.00280811,3.2,로컬상권
MA010120220813563716,정민꾸움,기타 간이,황오동,129.2125981,35.84715199,11.3,핫플레이스
MA010120220809127621,광장숯불,한식,건천읍,129.1041216,35.84979513,7.6,핫플레이스
MA010120220807059385,줄리스,한식,황남동,129.210511,35.83774747,10.7,핫플레이스
MA010120220814255401,고분고분과자점,기타 간이,황오동,129.2077074,35.84119597,11.3,핫플레이스
MA010120220809161657,예닮칼국수,한식,선도동,129.189672,35.825992,2.0,로컬상권
MA010120220802959026,아구랑꼬막이랑,한식,황오동,129.2120688,35.84602642,11.3,핫플레이스
MA010120220808198887,복다방,비알코올 ,안강읍,129.2286632,35.9938132,3.2,로컬상권
MA010120220812211358,제일푸드,한식,안강읍,129.198913,36.00290421,3.2,로컬상권
MA010120220814122771,부산기장산곰장어,한식,용강동,129.2250227,35.86008667,1.6,로컬상권
MA010120220809128489,석촌단란주점,주점,강동면,129.274054,35.98759991,1.8,로컬상권
MA010120220811593059,두메산골,한식,내남면,129.2121701,35.74479152,4.1,로컬상권
MA010120220809127086,밥먹고가는집,한식,황오동,129.204515,35.83980392,11.3,핫플레이스
MA010120220813345367,동양다방,비알코올 ,안강읍,129.2214947,35.99122514,3.2,로컬상권
MA010120220809105073,황궁쟁반짜장,중식,성건동,129.1893363,35.86127418,3.3,로컬상권
MA010120220811924096,우회전노서점,한식,황오동,129.2048188,35.83998756,11.3,핫플레이스
MA010120220804725069,빛꾸리,비알코올 ,황남동,129.2106706,35.83751927,10.7,핫플레이스
MA010120220809121895,풍어,한식,황오동,129.2092651,35.84748366,11.3,핫플레이스
MA010120220813093518,첨미,중식,용강동,129.2247029,35.86250738,1.6,로컬상권
MA010120220805605882,해요디저트선물가게,기타 간이,황오동,129.2114587,35.84637104,11.3,핫플레이스
MA010120220810202585,가봉반과,비알코올 ,황남동,129.2088135,35.83359784,10.7,핫플레이스
MA010120220809106571,목마식당,한식,황오동,129.2077393,35.84394357,11.3,핫플레이스
MA010120220809118568,뉴돌섬회센타,한식,동천동,129.2306593,35.84872811,2.1,로컬상권
MA010120220807039457,소문난숯불뒷고기,한식,동천동,129.2264435,35.85548305,2.1,로컬상권
MA010120220809125761,골드카페,비알코올 ,현곡면,129.1956837,35.87027687,1.2,로컬상권
MA010120220805994063,오도르,비알코올 ,성건동,129.1919166,35.86172269,3.3,로컬상권
MA010120220809100739,우주반점,중식,동천동,129.2231218,35.85464355,2.1,로컬상권
MA010120220813350251,두꺼비식당,한식,황오동,129.2084969,35.84412788,11.3,핫플레이스
MA010120220809133942,어탕,한식,불국동,129.3273835,35.78577617,6.1,핫플레이스
MA010120220809112359,연화바루,한식,선도동,129.186436,35.82297835,2.0,로컬상권
MA010120220809112910,부자식당,한식,황오동,129.2127169,35.84425745,11.3,핫플레이스
MA010120220809128075,코리안숯불닭바베큐,기타 간이,용강동,129.2305415,35.87611286,1.6,로컬상권
MA010120220812103094,이디야커피경주,비알코올 ,안강읍,129.2201275,35.99268309,3.2,로컬상권
MA010120220809104949,장승백이,한식,산내면,129.0557717,35.69108665,1.0,로컬상권
MA010120220806659821,신라본,한식,선도동,129.1823315,35.84237152,2.0,로컬상권
MA010120220809123395,수빈횟집,한식,감포읍,129.5186332,35.83766435,4.5,로컬상권
MA010120220809107619,화돌농장,한식,외동읍,129.3255735,35.71450339,5.0,핫플레이스
MA010120220805368452,바우영양탕,한식,건천읍,129.0919016,35.8430073,7.6,핫플레이스
MA010120220805494582,삼경,비알코올 ,황오동,129.2220023,35.84150004,11.3,핫플레이스
MA010120220805392505,용휴게실,기타 간이,성건동,129.2043845,35.84868162,3.3,로컬상권
MA010120220807570938,김밥사냥,기타 간이,선도동,129.1909205,35.84162047,2.0,로컬상권
MA010120220809113160,중앙떡방앗간,기타 간이,안강읍,129.2146826,35.99106282,3.2,로컬상권
MA010120220810760788,원영,기타 간이,내남면,129.1922717,35.72371065,4.1,로컬상권
MA010120220808700174,버들류가네곰탕성동,한식,황오동,129.216377,35.84852398,11.3,핫플레이스
MA010120220806628576,양동식당,한식,강동면,129.2737216,35.98683135,1.8,로컬상권
MA010120220809827198,원커피&cafe,비알코올 ,안강읍,129.2267119,35.99223663,3.2,로컬상권
MA010120220812150025,감로당,기타 간이,건천읍,129.10391,35.8484923,7.6,핫플레이스
MA010120220804935050,하늘이네,비알코올 ,동천동,129.232797,35.84563387,2.1,로컬상권
MA010120220809163907,소티골식당,한식,선도동,129.1859503,35.8149498,2.0,로컬상권
MA010120220803996420,황성숯불갈비,한식,용강동,129.2214113,35.85998233,1.6,로컬상권
MA010120220806660126,섬진강식당,한식,외동읍,129.3252332,35.71496049,5.0,핫플레이스
MA010120220805830454,맛을담은쭈꾸미랑낙지랑,한식,황성동,129.2114789,35.86821195,3.2,로컬상권
MA010120220814170606,이쁜여우,기타 간이,황오동,129.2106571,35.84221396,11.3,핫플레이스
MA010120220807935255,다래맛있는부엌,한식,양남면,129.4577996,35.67678878,4.6,로컬상권
MA010120220809118191,동해셀프뷔페식당,구내식당·뷔페,황성동,129.2176643,35.87407177,3.2,로컬상권
MA010120220809118271,까투리,주점,황오동,129.2149931,35.85009931,11.3,핫플레이스
MA010120220810026358,경주황소곱창황리단길,한식,황남동,129.208688,35.83386145,10.7,핫플레이스
MA010120220805162097,구룡포자연산횟집,한식,현곡면,129.2031779,35.86826543,1.2,로컬상권
MA010120220806999994,이디야경주외동공단점,비알코올 ,외동읍,129.3206674,35.7270505,5.0,핫플레이스
MA010120220809821761,우리한우식당,한식,강동면,129.2468416,36.06820405,1.8,로컬상권
MA010120220809111239,동궁반점,중식,보덕동,129.2635346,35.85282544,12.9,핫플레이스
MA010120220803245307,랍스타하우스,한식,외동읍,129.2925534,35.70922641,5.0,핫플레이스
MA010120220809107277,토함민속식당,한식,월성동,129.2529506,35.84293285,7.1,핫플레이스
MA010120220809106989,역마실,주점,불국동,129.2977521,35.77710171,6.1,핫플레이스
MA010120220809108298,금수강산,한식,내남면,129.2053636,35.77409275,4.1,로컬상권
MA010120220802870890,콩이랑경주점,한식,불국동,129.3131436,35.79274575,6.1,핫플레이스
MA010120220808628829,옛고을토속순두부,한식,월성동,129.2505298,35.84146449,7.1,핫플레이스
MA010120220809105254,다인호프,주점,동천동,129.2292079,35.85064725,2.1,로컬상권
MA010120220809599348,비룡반점,중식,불국동,129.3072003,35.77270388,6.1,핫플레이스
MA010120220808734245,외갓집,한식,불국동,129.3086177,35.77163146,6.1,핫플레이스
MA010120220807391491,카페일팔구사,비알코올 ,황남동,129.2119173,35.8361898,10.7,핫플레이스
MA010120220806027219,연정노래클럽,주점,동천동,129.2240018,35.85642933,2.1,로컬상권
MA010120220805893142,바세츠아이스크림경주첨성대점,기타 간이,월성동,129.2199342,35.83598785,7.1,핫플레이스
MA010120220805494081,옥이네,한식,안강읍,129.2204132,35.99061445,3.2,로컬상권
MA010120220801861574,신토불이식당,한식,불국동,129.3015057,35.77575042,6.1,핫플레이스
MA010120220802907903,천년미가,기타 간이,현곡면,129.1765344,35.88694346,1.2,로컬상권
MA010120220811689163,꼬꼬랑,기타 간이,황성동,129.2203303,35.86804861,3.2,로컬상권
MA010120220808335478,모카,비알코올 ,감포읍,129.5003753,35.80485344,4.5,로컬상권
MA010120220802282991,테를지,비알코올 ,황남동,129.2086466,35.83915135,10.7,핫플레이스
MA010120220809880662,Road100,비알코올 ,불국동,129.313853,35.79318261,6.1,핫플레이스
MA010120220811950177,후우링,일식,황성동,129.2193489,35.86818389,3.2,로컬상권
MA010120220809120493,하우스홀드,기타 간이,양남면,129.4705376,35.70131473,4.6,로컬상권
MA010120220805313723,이이로,비알코올 ,황남동,129.2127075,35.83515707,10.7,핫플레이스
MA010120220806818471,스멜스라이크브레드,기타 간이,용강동,129.2250249,35.88035098,1.6,로컬상권
MA010120220813513044,완도참전복집,한식,안강읍,129.2270738,35.99091441,3.2,로컬상권
MA010120220812015726,신석장군,한식,성건동,129.1870739,35.85990977,3.3,로컬상권
MA010120220803547174,두례식당,한식,강동면,129.2431889,36.05799196,1.8,로컬상권
MA010120220803573649,닥앤돈스쪽갈비치킨경주점,기타 간이,선도동,129.184954,35.84235989,2.0,로컬상권
MA010120220810519971,제이드,한식,황성동,129.2155762,35.86508189,3.2,로컬상권
MA010120220811507293,호야치킨,기타 간이,성건동,129.2028211,35.84337611,3.3,로컬상권
MA010120220809123338,석장식당,한식,성건동,129.1919004,35.86073183,3.3,로컬상권
MA010120220804989212,원조황해도만두,기타 간이,선도동,129.1891098,35.84177062,2.0,로컬상권
MA010120220806062492,고두반,한식,월성동,129.2770425,35.79416503,7.1,핫플레이스
MA010120220809105296,초원식당,한식,성건동,129.2084923,35.85313841,3.3,로컬상권
MA010120220809109082,가로등식당,주점,강동면,129.2742648,35.98760493,1.8,로컬상권
MA010120220809105856,힐탑,주점,건천읍,129.1035407,35.84833657,7.6,핫플레이스
MA010120220812197185,시즈더데이,비알코올 ,용강동,129.230849,35.87602606,1.6,로컬상권
MA010120220806643732,만수로회센터,한식,문무대왕면,129.4812778,35.7423777,2.4,로컬상권
MA010120220810374793,쪽샘살롱,일식,황오동,129.2166372,35.84077922,11.3,핫플레이스
MA010120220806444788,제일폐백,기타 간이,황오동,129.2163118,35.84538956,11.3,핫플레이스
MA010120220812363678,향미사,비알코올 ,황남동,129.2083897,35.83906597,10.7,핫플레이스
MA010120220812406523,산이있는집,한식,선도동,129.1860986,35.8437447,2.0,로컬상권
MA010120220809129963,김가네소풍가는날,기타 간이,황오동,129.2154339,35.8440632,11.3,핫플레이스
MA010120220807175913,료코,일식,황남동,129.2127444,35.83529154,10.7,핫플레이스
MA010120220809109452,학사촌식당,한식,성건동,129.1891148,35.86126921,3.3,로컬상권
MA010120220804806245,전주가,한식,보덕동,129.2624139,35.85155807,12.9,핫플레이스
MA010120220803321911,우방고기고기숯불,한식,안강읍,129.1955296,36.00085781,3.2,로컬상권
MA010120220809123267,스모프치킨,기타 간이,내남면,129.197248,35.75039037,4.1,로컬상권
MA010120220812757220,송학구이,한식,동천동,129.223731,35.85584867,2.1,로컬상권
MA010120220810490822,노고단주막,주점,선도동,129.1858053,35.84313733,2.0,로컬상권
MA010120220809104902,대구갈비,한식,황오동,129.21514,35.84145559,11.3,핫플레이스
MA010120220810152231,보성반점,중식,문무대왕면,129.4428598,35.79181877,2.4,로컬상권
MA010120220809117811,옥이밥상,한식,감포읍,129.4897085,35.78273931,4.5,로컬상권
MA010120220810358318,배스킨라빈스경주금장점,기타 간이,현곡면,129.2026783,35.86940991,1.2,로컬상권
MA010120220814159199,월궁소주방,주점,안강읍,129.1957126,36.00226006,3.2,로컬상권
MA010120220809126447,다시만나는사람들,주점,황성동,129.2193632,35.86830076,3.2,로컬상권
MA010120220812904804,참치&스시,일식,불국동,129.3067031,35.77271342,6.1,핫플레이스
MA010120220812192294,미풍해장국경주점,한식,동천동,129.2297251,35.85053853,2.1,로컬상권
MA010120220809570086,술한잔해요,주점,용강동,129.2256825,35.88248326,1.6,로컬상권
MA010120220809116550,전촌물회,한식,서면,129.0503412,35.89394058,0.9,로컬상권
MA010120220812709851,갈비꾼,한식,동천동,129.2309095,35.84936321,2.1,로컬상권
MA010120220800161971,연정쌀국수,동남아시아,황오동,129.2157083,35.84477897,11.3,핫플레이스
MA010120220812031686,조은밥상,한식,성건동,129.2067435,35.84395286,3.3,로컬상권
MA010120220813621706,명품한돈우,한식,용강동,129.2239647,35.86025043,1.6,로컬상권
MA010120220803699671,그집마카롱,기타 간이,황남동,129.2064779,35.83875871,10.7,핫플레이스
MA010120220809117299,남경가든,한식,내남면,129.2013102,35.7517938,4.1,로컬상권
MA010120220808161191,참치향,일식,용강동,129.2249968,35.86034845,1.6,로컬상권
MA010120220803674375,워터드롭,비알코올 ,황남동,129.2102858,35.83441774,10.7,핫플레이스
MA010120220805925511,미스터라멘,일식,보덕동,129.293309,35.84484511,12.9,핫플레이스
MA010120220809111660,청석골마트휴게실,한식,외동읍,129.3192627,35.67934945,5.0,핫플레이스
MA010120220809124232,셰인식당,주점,선도동,129.1853484,35.84221756,2.0,로컬상권
MA010120220808798421,리오,주점,성건동,129.2059357,35.85314034,3.3,로컬상권
MA010120220804688908,진수미가경주빵찰보리빵,기타 간이,불국동,129.3026961,35.77332186,6.1,핫플레이스
MA010120220805171351,황성다방,비알코올 ,안강읍,129.2284951,35.99138357,3.2,로컬상권
MA010120220803072865,백미가,한식,선도동,129.1964498,35.84107798,2.0,로컬상권
MA010120220809121932,얼빵이물회,한식,감포읍,129.4934773,35.76569543,4.5,로컬상권
MA010120220810269062,소소밀밀,비알코올 ,선도동,129.1854961,35.82340093,2.0,로컬상권
MA010120220806870796,배리,비알코올 ,황남동,129.2057346,35.79191779,10.7,핫플레이스
MA010120220808721374,경아곰탕,한식,성건동,129.2067435,35.84395286,3.3,로컬상권
MA010120220802528716,명동칼국수,한식,황성동,129.2163337,35.86247291,3.2,로컬상권
MA010120220808003703,금화,한식,외동읍,129.2747988,35.70919403,5.0,핫플레이스
MA010120220809102375,한일식당,한식,감포읍,129.5045557,35.80378429,4.5,로컬상권
MA010120220813048803,동그라미돈까스,서양식,동천동,129.2231044,35.8564009,2.1,로컬상권
MA010120220808175825,쁘띠르뽀미에,기타 간이,용강동,129.2239137,35.86238684,1.6,로컬상권
MA010120220809181608,꾸우면돼지,주점,안강읍,129.195222,36.00176446,3.2,로컬상권
MA010120220809116680,핫썬베이크치킨용황점,기타 간이,용강동,129.2245501,35.86456458,1.6,로컬상권
MA010120220809103147,월드컵&가사,주점,동천동,129.2231145,35.85398592,2.1,로컬상권
MA010120220808404687,티디푸드,한식,외동읍,129.3220241,35.72620437,5.0,핫플레이스
MA010120220803225952,천일다방,비알코올 ,안강읍,129.2250425,35.98964564,3.2,로컬상권
MA010120220811549015,삼봉이해물칼국수,한식,내남면,129.2034568,35.72300167,4.1,로컬상권
MA010120220807995349,중앙분식,기타 간이,성건동,129.2067435,35.84395286,3.3,로컬상권
MA010120220803240646,캠프토박이부대찌개,한식,황남동,129.2091088,35.83546659,10.7,핫플레이스
MA010120220809101014,주영석횟집,한식,감포읍,129.4875628,35.74759077,4.5,로컬상권
MA010120220804909732,영남레미콘구내식당,구내식당·뷔페,건천읍,129.0717789,35.87221729,7.6,핫플레이스
MA010120220809129800,부둣가횟집,한식,감포읍,129.4957138,35.79196707,4.5,로컬상권
MA010120220809339885,떡인당교촌가람,기타 간이,월성동,129.2156564,35.83018301,7.1,핫플레이스
MA010120220812022912,아이차추어탕,한식,황남동,129.21104,35.83328656,10.7,핫플레이스
MA010120220809122146,꾸우면돼지,한식,동천동,129.2259906,35.85234682,2.1,로컬상권
MA010120220808654025,목구멍용황점,한식,용강동,129.2298565,35.88287435,1.6,로컬상권
MA010120220808771522,대로분식,기타 간이,외동읍,129.3149381,35.75739071,5.0,핫플레이스
MA010120220800158159,대동떡집,기타 간이,황오동,129.2163325,35.84493865,11.3,핫플레이스
MA010120220809107348,동경식당,한식,동천동,129.2227977,35.85373949,2.1,로컬상권
MA010120220800455090,약속,한식,성건동,129.205481,35.85390557,3.3,로컬상권
MA010120220809118732,명가떡,기타 간이,안강읍,129.1959315,36.0033553,3.2,로컬상권
MA010120220803009556,이제아,비알코올 ,불국동,129.3211902,35.78232787,6.1,핫플레이스
MA010120220812609691,곤지암한우소머리곰탕,한식,불국동,129.318794,35.7877713,6.1,핫플레이스
MA010120220809110877,원조까꾸리막창,주점,안강읍,129.1957908,36.00268211,3.2,로컬상권
MA010120220809104366,신광손칼국수,한식,황오동,129.2174996,35.84234013,11.3,핫플레이스
MA010120220813215718,소이까리,한식,건천읍,129.0982516,35.85425898,7.6,핫플레이스
MA010120220803066256,보스케,비알코올 ,현곡면,129.1763909,35.8812965,1.2,로컬상권
MA010120220807069365,김용경경주빵;찰보리빵,기타 간이,황오동,129.2151332,35.84121243,11.3,핫플레이스
MA010120220802989837,손님올까,한식,용강동,129.2238075,35.85977579,1.6,로컬상권
MA010120220809111051,초원삼계탕,한식,성건동,129.2060886,35.85027221,3.3,로컬상권
MA010120220809630874,월성과자점,기타 간이,황남동,129.2119356,35.83645077,10.7,핫플레이스
MA010120220811227971,행복한오리경주점,한식,용강동,129.2252511,35.86865132,1.6,로컬상권
MA010120220812107764,카페봄봄,비알코올 ,현곡면,129.2027443,35.86859776,1.2,로컬상권
MA010120220806653402,치몬치킨,기타 간이,황성동,129.2165136,35.86893006,3.2,로컬상권
MA0101202209A0017385,문복로222,비알코올 ,산내면,129.0644079,35.65587722,1.0,로컬상권
MA010120220809604042,또랑있는집,한식,산내면,129.048916,35.75378432,1.0,로컬상권
MA0101202209A0063735,이가네국수,한식,천북면,129.2927323,35.92542564,3.4,로컬상권
MA0101202209A0010042,포석정가요주점,주점,보덕동,129.2810983,35.84855561,12.9,핫플레이스
MA010120220809110071,황금덕장경주불국사점,한식,불국동,129.3098132,35.76977039,6.1,핫플레이스
MA0101202209A0080271,여수동,한식,용강동,129.2251432,35.88180847,1.6,로컬상권
MA010120220812659120,카페서동리32,비알코올 ,양남면,129.4165671,35.66438785,4.6,로컬상권
MA0101202209A0097099,텐퍼센트용황점,비알코올 ,용강동,129.2256045,35.8832596,1.6,로컬상권
MA010120220803569233,달인의찜닭,한식,황성동,129.2133204,35.86516854,3.2,로컬상권
MA010120220812432790,이삭토스트문무대왕릉점,기타 간이,문무대왕면,129.4822152,35.74088972,2.4,로컬상권
MA0101202210A0009110,벤자마스,비알코올 ,동천동,129.2381278,35.84354335,2.1,로컬상권
MA0101202209A0100156,쉼터카페,주점,안강읍,129.2247299,35.99312038,3.2,로컬상권
MA010120220809113730,삼보맛집,한식,선도동,129.1870641,35.84223138,2.0,로컬상권
MA0101202210A0020000,담다,한식,황오동,129.2027748,35.84130455,11.3,핫플레이스
MA0101202209A0061624,이가네등푸른생선,한식,안강읍,129.2155729,35.99197443,3.2,로컬상권
MA0101202211A0057896,그랑맥주,주점,동천동,129.2322876,35.8448324,2.1,로컬상권
MA0101202211A0026839,훼미리,한식,안강읍,129.2280399,35.98781497,3.2,로컬상권
MA0101202209A0000906,옥이국밥,한식,황성동,129.2112491,35.86591853,3.2,로컬상권
MA0101202210A0019118,베이글베이글러,기타 간이,월성동,129.2137628,35.83172266,7.1,핫플레이스
MA010120220813165439,빙그레분식,기타 간이,동천동,129.2268313,35.84877212,2.1,로컬상권
MA010120220812323839,덕성휴게소,비알코올 ,강동면,129.2740219,35.988024,1.8,로컬상권
MA0101202210A0070353,메종드문,한식,황남동,129.2117241,35.83560768,10.7,핫플레이스
MA0101202209A0093841,황자식당,동남아시아,외동읍,129.3251989,35.71415923,5.0,핫플레이스
MA0101202209A0008771,도미노피자경주보문점,기타 간이,보덕동,129.2849134,35.8357245,12.9,핫플레이스
MA010120220809111902,황성마루식당,한식,황성동,129.2193763,35.86639031,3.2,로컬상권
MA0101202209A0096404,춘자네왕족발;보쌈,한식,외동읍,129.3368455,35.67410762,5.0,핫플레이스
MA0101202209A0035571,일행한식뷔페,구내식당·뷔페,외동읍,129.2986205,35.70467749,5.0,핫플레이스
MA010120220804938814,미담,일식,안강읍,129.1962466,36.00232236,3.2,로컬상권
MA010120220809130523,가보세식당,한식,양남면,129.4742369,35.69305754,4.6,로컬상권
MA0101202209A0059313,카페온,비알코올 ,안강읍,129.2227116,35.9911305,3.2,로컬상권
MA0101202209A0082458,보담,한식,건천읍,129.0955162,35.84579166,7.6,핫플레이스
MA010120220809122922,대풍식육식당,한식,현곡면,129.1794789,35.89095375,1.2,로컬상권
MA0101202209A0057656,경주맥주박물관,주점,황오동,129.2159174,35.84195485,11.3,핫플레이스
MA0101202209A0076030,보화식당,주점,안강읍,129.2251449,35.99249998,3.2,로컬상권
MA0101202209A0086375,오로솔트,비알코올 ,황남동,129.1959279,35.80086463,10.7,핫플레이스
MA0101202209A0061695,고반식당경주용황점,한식,용강동,129.2279794,35.88226946,1.6,로컬상권
MA0101202209A0090692,맛나분식,기타 간이,문무대왕면,129.4412131,35.79041062,2.4,로컬상권
MA0101202209A0056399,소소김밥,기타 간이,황오동,129.2290225,35.84244221,11.3,핫플레이스
MA0101202209A0045774,마라공방,중식,용강동,129.2286005,35.88349236,1.6,로컬상권
MA0101202209A0040511,노랑통닭,기타 간이,안강읍,129.196444,36.00144475,3.2,로컬상권
MA0101202209A0096540,옛날집,한식,안강읍,129.2264518,35.99126835,3.2,로컬상권
MA0101202209A0012861,도리47,한식,서면,129.0765004,35.92073906,0.9,로컬상권
MA0101202209A0002187,텐퍼센트경주카페,비알코올 ,황성동,129.2140864,35.86484807,3.2,로컬상권
MA010120220814182879,청담,한식,현곡면,129.1766423,35.88967167,1.2,로컬상권
MA0101202209A0013276,거마장숯불구이,한식,감포읍,129.496166,35.79829165,4.5,로컬상권
MA010120220806420481,설동궁찜닭용강,한식,용강동,129.2291621,35.87864336,1.6,로컬상권
MA0101202209A0002251,부성식당,한식,황남동,129.2061394,35.79375752,10.7,핫플레이스
MA0101202209A0016091,백운대쉼터,기타 간이,내남면,129.2356735,35.74695187,4.1,로컬상권
MA0101202210A0099360,월계수산장가든,한식,산내면,129.0582958,35.69732412,1.0,로컬상권
MA0101202210A0100087,내류사제빵,기타 간이,불국동,129.3278432,35.78599253,6.1,핫플레이스
MA0101202210A0050114,어부네코다리,한식,선도동,129.1808517,35.84369591,2.0,로컬상권
MA0101202210A0077685,미모아미친계누룽지통닭,기타 간이,외동읍,129.3343291,35.67794084,5.0,핫플레이스
MA0101202210A0023269,엄마손반찬,한식,성건동,129.2067435,35.84395286,3.3,로컬상권
MA0101202210A0037179,필라이브,주점,양남면,129.4707064,35.70069858,4.6,로컬상권
MA0101202210A0031731,꼬치꼬치닭꼬치,한식,황남동,129.2104296,35.83600995,10.7,핫플레이스
MA0101202210A0092773,진양닭집,기타 간이,황성동,129.2105079,35.86912186,3.2,로컬상권
MA0101202210A0081978,경주분식,기타 간이,황오동,129.2159934,35.84508007,11.3,핫플레이스
MA0101202210A0070452,홍익돈까스경주점,일식,월성동,129.2321431,35.84243832,7.1,핫플레이스
MA010120220806759640,관문다방,비알코올 ,안강읍,129.2277503,35.99131631,3.2,로컬상권
MA0101202210A0059952,준커피숍,비알코올 ,안강읍,129.2287749,35.99423461,3.2,로컬상권
MA0101202209A0019253,이이로,비알코올 ,황남동,129.2127075,35.83515707,10.7,핫플레이스
MA0101202209A0064138,옛날경주숯불,한식,천북면,129.2878746,35.92638333,3.4,로컬상권
MA0101202210A0063568,한뭉티기,한식,황성동,129.2159019,35.87121197,3.2,로컬상권
MA0101202209A0041496,브로피,비알코올 ,성건동,129.2110684,35.85025272,3.3,로컬상권
MA010120220805111256,암행어사농원,한식,천북면,129.2868304,35.92705197,3.4,로컬상권
MA0101202210A0010725,정담은,한식,동천동,129.2217113,35.85288558,2.1,로컬상권
MA0101202210A0099743,명물,한식,서면,129.0506723,35.89261036,0.9,로컬상권
MA0101202210A0088251,마!대패아이가!,한식,황성동,129.2145127,35.86664229,3.2,로컬상권
MA0101202210A0003268,던킨용황점,기타 간이,용강동,129.2290639,35.8842226,1.6,로컬상권
MA0101202209A0078198,고향밥상,한식,외동읍,129.2946301,35.70806051,5.0,핫플레이스
MA0101202210A0046168,카페흐노니,비알코올 ,동천동,129.2225737,35.85443744,2.1,로컬상권
MA0101202210A0049147,김복남맥주경주,주점,현곡면,129.1745776,35.89029476,1.2,로컬상권
MA010120220813666968,까호식당,한식,불국동,129.3179369,35.78795902,6.1,핫플레이스
MA0101202210A0010965,건천양꼬치,중식,건천읍,129.105639,35.85276908,7.6,핫플레이스
MA010120220809627375,아라아오삼불고기,한식,감포읍,129.4911332,35.75611237,4.5,로컬상권
MA010120220809113035,강산식당,한식,건천읍,129.0892671,35.84087257,7.6,핫플레이스
MA010120220812014524,문토스트양남주상절리점,기타 간이,양남면,129.4737931,35.68727317,4.6,로컬상권
MA010120220809104732,희망떡방아간,기타 간이,양남면,129.4621262,35.67671835,4.6,로컬상권
MA010120220809110350,이브릭,비알코올 ,현곡면,129.2026387,35.86438281,1.2,로컬상권
MA010120220809129332,돈돈,한식,황성동,129.2155927,35.86925341,3.2,로컬상권
MA010120220809149751,한국전통음식체험교육원,한식,내남면,129.2081233,35.75233566,4.1,로컬상권
MA010120220806374911,만두랑김밥,기타 간이,선도동,129.178585,35.84457502,2.0,로컬상권
MA010120220806929040,모락별,비알코올 ,황남동,129.2086631,35.83815089,10.7,핫플레이스
MA010120220809131324,잔치집,한식,황남동,129.2133955,35.83482903,10.7,핫플레이스
MA010120220809119201,그녀의홈카페,비알코올 ,성건동,129.2096589,35.854892,3.3,로컬상권
MA010120220808311083,감포은정횟집,한식,동천동,129.2340649,35.84467321,2.1,로컬상권
MA0101202209A0000443,아임맛,한식,보덕동,129.2898593,35.83455809,12.9,핫플레이스
MA010120220809128441,무지개떡집,기타 간이,안강읍,129.2223254,35.99040783,3.2,로컬상권
MA010120220805187452,양남포차,주점,양남면,129.4631671,35.67393994,4.6,로컬상권
MA010120220808066184,고깃집;용담,한식,현곡면,129.1748865,35.88984766,1.2,로컬상권
MA0101202209A0081764,김밥일번지경주점,기타 간이,용강동,129.2255996,35.8838724,1.6,로컬상권
MA010120220803446822,363카페,비알코올 ,불국동,129.3061615,35.81518046,6.1,핫플레이스
MA010120220809108909,오리궁뎅이,한식,현곡면,129.2107946,35.88102834,1.2,로컬상권
MA010120220809108250,금장막걸리식당,주점,황성동,129.2192807,35.86732916,3.2,로컬상권
MA0101202209A0015642,황가네한우,한식,동천동,129.2253857,35.85802557,2.1,로컬상권
MA010120220805100069,주는대로식당,한식,안강읍,129.2064886,35.9309079,3.2,로컬상권
MA010120220803720724,카페앤,비알코올 ,안강읍,129.2093868,35.99398072,3.2,로컬상권
MA010120220807977420,황남맥주,주점,황남동,129.2100746,35.83598044,10.7,핫플레이스
MA0101202209A0041060,경희횟집,한식,양남면,129.4741884,35.69041858,4.6,로컬상권
MA010120220809127455,경주블리스커피,비알코올 ,불국동,129.3138574,35.79829137,6.1,핫플레이스
MA010120220809119796,희야칼국수,한식,현곡면,129.2032137,35.87155358,1.2,로컬상권
MA010120220808814288,루다카페,주점,외동읍,129.3355219,35.67756629,5.0,핫플레이스
MA010120220809106669,이서방치킨,기타 간이,외동읍,129.3365509,35.67725798,5.0,핫플레이스
MA010120220804879070,수향족발가,한식,동천동,129.2223891,35.85654929,2.1,로컬상권
MA010120220809131074,대림솔라떼,비알코올 ,황남동,129.2057824,35.79564727,10.7,핫플레이스
MA010120220800311647,요거프레소경주동천타운점,비알코올 ,동천동,129.2315163,35.84850496,2.1,로컬상권
MA010120220809103344,밀수레한식당,한식,황성동,129.2116763,35.8665504,3.2,로컬상권
MA010120220813523927,초운가든,한식,안강읍,129.2119783,35.97640798,3.2,로컬상권
MA010120220805263790,한우리팜구판장,한식,내남면,129.2398645,35.72808692,4.1,로컬상권
MA010120220803337917,경주식육식당,한식,강동면,129.274054,35.98759991,1.8,로컬상권
MA010120220810036101,욱이푸드,한식,건천읍,129.1063637,35.84543974,7.6,핫플레이스
MA010120220809101457,종가집식당,한식,천북면,129.2874703,35.92734612,3.4,로컬상권
MA010120220805938053,카페플레이,비알코올 ,문무대왕면,129.4420099,35.78789865,2.4,로컬상권
MA010120220809105952,커피맘,비알코올 ,불국동,129.298026,35.77701538,6.1,핫플레이스
MA010120220810031829,육림한우숯불식당,한식,건천읍,129.103763,35.84963021,7.6,핫플레이스
MA010120220811668796,굽네치킨,기타 간이,황성동,129.2093804,35.86559251,3.2,로컬상권
MA010120220805292121,연다방,비알코올 ,서면,129.0502244,35.89198726,0.9,로컬상권
MA010120220809119179,대흥떡방앗간,기타 간이,안강읍,129.2226069,35.99174514,3.2,로컬상권
MA010120220809114600,천길전복해물샤브샤브,한식,선도동,129.1910621,35.8427442,2.0,로컬상권
MA010120220814250570,꽃다방,비알코올 ,건천읍,129.1022725,35.84808846,7.6,핫플레이스
MA010120220813166163,남촌밀면,주점,성건동,129.2071536,35.85036077,3.3,로컬상권
MA010120220809277598,앤조이터키경주점,동남아시아,현곡면,129.1575066,35.87614994,1.2,로컬상권
MA010120220803044047,동방두부카페,비알코올 ,월성동,129.2527482,35.81268878,7.1,핫플레이스
MA010120220805513636,윤식당,한식,안강읍,129.2188259,35.99252697,3.2,로컬상권
MA010120220812308161,흰별제빵소,기타 간이,현곡면,129.1908348,35.87509592,1.2,로컬상권
MA010120220805116706,가얏골감자탕,한식,강동면,129.276099,35.98931809,1.8,로컬상권
MA010120220811698176,암소원식당,한식,외동읍,129.329547,35.71550775,5.0,핫플레이스
MA0101202211A0000449,맘스터치경주양남점,기타 간이,양남면,129.4708857,35.69935239,4.6,로컬상권
MA0101202211A0049496,효자동족발,한식,안강읍,129.2112849,35.99167515,3.2,로컬상권
MA0101202211A0005392,모조,비알코올 ,성건동,129.2102103,35.85083617,3.3,로컬상권
MA0101202211A0027736,양포막썰어횟집,한식,동천동,129.2263373,35.85247555,2.1,로컬상권
MA0101202210A0014781,수림산장,한식,산내면,129.0595919,35.70132982,1.0,로컬상권
MA0101202211A0086572,몬스터즈,기타 간이,용강동,129.2309236,35.88499899,1.6,로컬상권
MA0101202211A0047850,용강국수,한식,용강동,129.2249395,35.86225971,1.6,로컬상권
MA0101202212A0056617,찐하오마라탕,중식,황오동,129.2128843,35.84430843,11.3,핫플레이스
MA0101202212A0068475,도너킹,기타 간이,외동읍,129.3360358,35.67095168,5.0,핫플레이스
MA0101202212A0049108,계림주막,한식,황남동,129.2119489,35.83493677,10.7,핫플레이스
MA0101202211A0029040,작은술집,한식,황성동,129.2193489,35.86818389,3.2,로컬상권
MA0101202211A0043481,최가네생굴보쌈,한식,동천동,129.2324166,35.84706458,2.1,로컬상권
MA0101202211A0040381,요거트월드,기타 간이,용강동,129.230598,35.88404994,1.6,로컬상권
MA0101202211A0037990,황자식당,동남아시아,외동읍,129.3251989,35.71415923,5.0,핫플레이스
MA0101202211A0087297,구절초,한식,건천읍,129.1055491,35.84895015,7.6,핫플레이스
MA0101202210A0063749,할피족,기타 간이,외동읍,129.32889,35.67280216,5.0,핫플레이스
MA0101202211A0063308,김혜경제주항통갈치,한식,외동읍,129.3168623,35.77494182,5.0,핫플레이스
MA0101202212A0074548,허우짜허셰프의우끼는짜장,중식,황오동,129.2122766,35.8427518,11.3,핫플레이스
MA0101202211A0089784,혜진분식,기타 간이,황오동,129.2158604,35.84507351,11.3,핫플레이스
MA0101202211A0064357,꽃돼지식당,한식,황성동,129.2118917,35.86673565,3.2,로컬상권
MA0101202210A0018319,은미밀면,한식,황오동,129.2072897,35.84050083,11.3,핫플레이스
MA0101202211A0090815,베이커리샵,기타 간이,성건동,129.2070266,35.85416551,3.3,로컬상권
MA0101202211A0038300,쎄시봉,주점,동천동,129.2232535,35.85222632,2.1,로컬상권
MA0101202211A0021046,스마일꽈배기,기타 간이,동천동,129.2264665,35.85353638,2.1,로컬상권
MA0101202301A0032053,토종찰보리빵경주빵황남동,기타 간이,황남동,129.2096797,35.83929454,10.7,핫플레이스
MA0101202212A0092686,맘스터치,기타 간이,선도동,129.1871368,35.84165339,2.0,로컬상권
MA0101202212A0043448,연동해요협동조합,비알코올 ,감포읍,129.5196783,35.83782263,4.5,로컬상권
MA0101202212A0085810,오이소,한식,양남면,129.4702844,35.70062616,4.6,로컬상권
MA0101202212A0035537,에스디엠구내식당,구내식당·뷔페,외동읍,129.3394135,35.69775506,5.0,핫플레이스
MA0101202211A0043021,아랫시장순대국밥,한식,성건동,129.2057036,35.84356649,3.3,로컬상권
MA0101202211A0023642,일승회식당,한식,건천읍,129.1019445,35.84866187,7.6,핫플레이스
MA0101202211A0100573,경주홍면,중식,월성동,129.2325849,35.84161917,7.1,핫플레이스
MA0101202211A0043188,수정원,기타 간이,보덕동,129.279148,35.83609533,12.9,핫플레이스
MA0101202301A0073953,라이,중식,동천동,129.2251396,35.84843404,2.1,로컬상권
MA0101202212A0008083,오늘자몽,비알코올 ,성건동,129.2067435,35.84395286,3.3,로컬상권
MA0101202212A0073554,베트남노래광장,주점,동천동,129.2239851,35.85424912,2.1,로컬상권
MA0101202211A0076676,솔옹심칼국수,한식,성건동,129.1967958,35.84840618,3.3,로컬상권
MA0101202302A0079855,노모어피자경주점,기타 간이,황성동,129.2236385,35.88263827,3.2,로컬상권
MA0101202301A0023732,보배김밥,기타 간이,황오동,129.2163656,35.8453345,11.3,핫플레이스
MA0101202211A0025703,맥시칸치킨,기타 간이,황오동,129.2157065,35.8419317,11.3,핫플레이스
MA0101202301A0101206,샐러디경주용황점,기타 간이,용강동,129.2261052,35.88492625,1.6,로컬상권
MA0101202212A0012070,백석수산,한식,감포읍,129.5040241,35.80305656,4.5,로컬상권
MA0106202301A2417198,스타벅스,비알코올 ,용강동,129.2243516,35.86775793,1.6,로컬상권
MA0101202301A0099256,호세야오리바베큐경주점,한식,황성동,129.2106651,35.8668123,3.2,로컬상권
MA0101202302A0045555,황자단란주점,주점,외동읍,129.3251989,35.71415923,5.0,핫플레이스
MA0101202212A0041436,가보자,한식,성건동,129.2073484,35.8545921,3.3,로컬상권
MA0101202212A0058085,코지하우스경주점,서양식,황성동,129.2238978,35.88320112,3.2,로컬상권
MA0101202301A0100878,신라의달밤포차,한식,황남동,129.2095579,35.83410676,10.7,핫플레이스
MA0101202212A0012773,후라이드참잘하는집,기타 간이,성건동,129.2070534,35.85353428,3.3,로컬상권
MA0101202301A0035350,부엌,서양식,황오동,129.2102094,35.84880884,11.3,핫플레이스
MA0101202212A0090556,감성칩스,기타 간이,황남동,129.2095579,35.83410676,10.7,핫플레이스
MA0101202301A0010031,봉화칼국수,한식,양남면,129.4621452,35.67374461,4.6,로컬상권
MA0101202301A0020068,밀크도넛용황점,비알코올 ,용강동,129.2261052,35.88492625,1.6,로컬상권
MA0101202212A0098366,88포차,한식,용강동,129.229881,35.87940491,1.6,로컬상권
MA0101202301A0040305,소반가정식,한식,성건동,129.2067435,35.84395286,3.3,로컬상권
MA0101202301A0032769,애플꼬마김밥금장점,기타 간이,현곡면,129.2059674,35.87225088,1.2,로컬상권
MA0101202212A0007444,단석가찰보리떡,기타 간이,황남동,129.2068849,35.8346785,10.7,핫플레이스
MA0101202212A0074970,전통한우,한식,용강동,129.2224452,35.8601434,1.6,로컬상권
MA0101202212A0006671,충무아구찜,한식,용강동,129.2293268,35.87859525,1.6,로컬상권
MA0101202302A0078578,별봉길쉼터식당,주점,강동면,129.2534197,35.943461,1.8,로컬상권
MA0106202301A2416887,스타벅스,비알코올 ,보덕동,129.2686934,35.8532597,12.9,핫플레이스
MA0101202212A0094662,대구식당,한식,황오동,129.2163656,35.8453345,11.3,핫플레이스
MA0101202301A0012714,베로분식,기타 간이,성건동,129.1899424,35.8615785,3.3,로컬상권
MA0101202212A0057650,청산식당,한식,불국동,129.3272185,35.78656327,6.1,핫플레이스
MA0101202301A0000688,열매다방,비알코올 ,안강읍,129.2274584,35.99276337,3.2,로컬상권
MA0101202211A0031464,비에이치씨경주감포점,기타 간이,감포읍,129.4990947,35.80810563,4.5,로컬상권
MA0101202212A0030076,대가야오리탕,한식,외동읍,129.3290911,35.68124103,5.0,핫플레이스
MA0101202212A0048739,무장산휴게소,기타 간이,보덕동,129.3330457,35.8779671,12.9,핫플레이스
MA0101202210A0018987,선녀와나무꾼2,기타 간이,양남면,129.4039739,35.66381111,4.6,로컬상권
MA0101202212A0063554,일품양평해장국경주점,한식,불국동,129.304802,35.77158755,6.1,핫플레이스
MA0101202210A0042396,원더풀꽈배기,기타 간이,안강읍,129.2165378,35.99356943,3.2,로컬상권
MA0101202212A0083761,짬뽕공화국,중식,서면,129.0464066,35.89725156,0.9,로컬상권
MA0101202212A0042921,꽃나무커피카페,비알코올 ,용강동,129.2297828,35.87906434,1.6,로컬상권
MA0101202212A0070883,스시드새우,일식,황성동,129.2111188,35.86441619,3.2,로컬상권
MA0101202212A0100323,옥산뜰,비알코올 ,안강읍,129.1606427,36.01296171,3.2,로컬상권
MA0101202212A0033841,백운대가든,한식,내남면,129.2356735,35.74695187,4.1,로컬상권
MA0101202212A0081250,도리1리협동조합,비알코올 ,서면,129.0754539,35.9222349,0.9,로컬상권
MA0101202212A0070401,경원식당,한식,동천동,129.2355523,35.85074557,2.1,로컬상권
MA0101202212A0004368,쉼터,주점,동천동,129.2227019,35.85625517,2.1,로컬상권
MA0101202212A0005605,다카라초,일식,성건동,129.2028813,35.84395167,3.3,로컬상권
MA0101202212A0055181,후레쉬베이커리,기타 간이,황오동,129.2067891,35.84120384,11.3,핫플레이스
MA0101202212A0010516,얌샘김밥경주,기타 간이,외동읍,129.320128,35.67834162,5.0,핫플레이스
MA0101202212A0025320,썬라이브,주점,안강읍,129.2237887,35.99079518,3.2,로컬상권
MA0101202212A0056147,달리는커피,비알코올 ,용강동,129.2261052,35.88492625,1.6,로컬상권
MA0101202212A0059068,보배반점경주용황점,중식,용강동,129.2244323,35.88330836,1.6,로컬상권
MA0101202212A0010650,대명수산경주점,한식,황성동,129.2188396,35.86302133,3.2,로컬상권
MA0101202303A0121351,수백당경주용,한식,용강동,129.2255617,35.87816953,1.6,로컬상권
MA0101202303A0061417,행복쌈밥,한식,외동읍,129.3420052,35.72252816,5.0,핫플레이스
MA0101202303A0008678,육부장갈비,한식,황성동,129.2205616,35.88188429,3.2,로컬상권
MA0101202302A0020910,카페1918,비알코올 ,황오동,129.2180488,35.84735781,11.3,핫플레이스
MA0101202303A0055210,황성돌곱창,한식,황성동,129.2192968,35.86671615,3.2,로컬상권
MA0101202303A0095652,효돈까스,서양식,황성동,129.2225336,35.88311826,3.2,로컬상권
MA0101202303A0080000,가얏골감자탕,한식,용강동,129.2310246,35.87596873,1.6,로컬상권
MA0101202303A0032242,위드,비알코올 ,외동읍,129.32454,35.71467655,5.0,핫플레이스
MA0101202303A0059209,킹수산,한식,용강동,129.2255275,35.88208968,1.6,로컬상권
MA0101202302A0091396,교촌치킨,기타 간이,용강동,129.2282426,35.8837603,1.6,로컬상권
MA0101202302A0058187,대구연타발,한식,용강동,129.2281173,35.88244711,1.6,로컬상권
MA0101202302A0004269,고도리,주점,황남동,129.2097641,35.83675204,10.7,핫플레이스
MA0101202302A0077018,프렌즈바,주점,성건동,129.2056631,35.85568629,3.3,로컬상권
MA0101202303A0091025,대경관황성,한식,황성동,129.2143751,35.86448233,3.2,로컬상권
MA0101202303A0031902,경주고기,한식,보덕동,129.2884474,35.84549647,12.9,핫플레이스
MA0101202303A0067860,오고싶은집,주점,황오동,129.2060624,35.84213625,11.3,핫플레이스
MA0101202302A0064151,아씨사랑채,주점,안강읍,129.2275508,35.99210391,3.2,로컬상권
MA0101202303A0116242,홍루이젠경주,기타 간이,황성동,129.2118123,35.86626857,3.2,로컬상권
MA0101202303A0054816,컴포즈커피경주양남점,비알코올 ,양남면,129.4707411,35.70039152,4.6,로컬상권
MA0101202303A0105372,덕천한우곰탕,한식,내남면,129.1834168,35.74784902,4.1,로컬상권
MA0101202303A0077120,아람,비알코올 ,불국동,129.3274041,35.78572172,6.1,핫플레이스
MA0101202305A0070746,경주TMF한우식당,한식,용강동,129.2261976,35.86370509,1.6,로컬상권
MA0101202303A0089770,컴포즈커피경주,비알코올 ,황오동,129.2035869,35.8386586,11.3,핫플레이스
MA0101202303A0034088,교촌면옥,한식,황성동,129.2192655,35.87154631,3.2,로컬상권
MA0101202302A0091891,황남갈비,한식,황남동,129.2130341,35.83456537,10.7,핫플레이스
MA0101202303A0027191,행복상회,한식,황성동,129.2118175,35.86486285,3.2,로컬상권
MA0101202302A0022329,열린단란주점,주점,황오동,129.2177284,35.84102038,11.3,핫플레이스
MA0101202303A0118348,강산다방,비알코올 ,감포읍,129.5026087,35.8037708,4.5,로컬상권
MA0101202303A0103533,메종드메르,비알코올 ,양남면,129.463566,35.67362543,4.6,로컬상권
MA0101202302A0065194,화양연화2,한식,황남동,129.213148,35.83428395,10.7,핫플레이스
MA0101202302A0102133,옥포554경주점,한식,황오동,129.2109392,35.84320893,11.3,핫플레이스
MA0101202303A0116970,가람기사식당,한식,천북면,129.2444357,35.91924761,3.4,로컬상권
MA0101202303A0100791,출출,한식,안강읍,129.1944061,36.00393285,3.2,로컬상권
MA0101202302A0005064,진탱딜리버리플러스경주점,한식,성건동,129.2075834,35.8534885,3.3,로컬상권
MA0101202302A0095473,삼수정횟집,한식,감포읍,129.4932836,35.79170216,4.5,로컬상권
MA0101202301A0078813,어린왕자,비알코올 ,양남면,129.4515439,35.65928348,4.6,로컬상권
MA0101202301A0058224,순희딸기,비알코올 ,황남동,129.2103092,35.83566075,10.7,핫플레이스
MA0101202302A0038495,돈돼지맛돼지,한식,황성동,129.214455,35.86735518,3.2,로컬상권
MA0101202302A0074260,메일빈24무인카페,비알코올 ,안강읍,129.1839961,36.00080715,3.2,로컬상권
MA0101202301A0039689,어반922,비알코올 ,성건동,129.214533,35.8530542,3.3,로컬상권
MA0101202302A0099648,강동회마켓,한식,강동면,129.2756863,35.99038912,1.8,로컬상권
MA0101202301A0039800,연희옥,한식,황남동,129.2094335,35.83719963,10.7,핫플레이스
MA0101202302A0052994,이사금맛집,기타 간이,동천동,129.2239827,35.85693427,2.1,로컬상권
MA0101202302A0021933,황남밀면,한식,황남동,129.2106842,35.83601427,10.7,핫플레이스
MA0101202302A0007038,보문초밥,일식,보덕동,129.2909001,35.83958401,12.9,핫플레이스
MA0101202302A0082621,02네주방,한식,안강읍,129.2198639,35.99119227,3.2,로컬상권
MA0101202302A0005396,우하하,한식,황오동,129.2142099,35.8486,11.3,핫플레이스
MA0101202301A0064381,마노,서양식,황성동,129.2154293,35.86855361,3.2,로컬상권
MA0101202303A0025895,두마리찜닭두찜경주건천점,한식,건천읍,129.1041399,35.84881265,7.6,핫플레이스
MA0101202301A0108620,본가황남떡집,기타 간이,용강동,129.2261052,35.88492625,1.6,로컬상권
MA0101202301A0091959,술이달다,주점,황오동,129.2048411,35.84039262,11.3,핫플레이스
MA0101202212A0093057,옛날손짜장,중식,안강읍,129.2217953,35.99285042,3.2,로컬상권
MA0101202303A0023458,정갈한국수&비빔밥,한식,황성동,129.2194869,35.86718118,3.2,로컬상권
MA0101202302A0082866,고기금고,한식,성건동,129.2076346,35.8553347,3.3,로컬상권
MA0101202302A0032802,전쟁이야,주점,황성동,129.2106378,35.86622713,3.2,로컬상권
MA0101202301A0071548,마담바게뜨,비알코올 ,양남면,129.4710568,35.70060128,4.6,로컬상권
MA0101202301A0102905,용황루,중식,용강동,129.225901,35.88158719,1.6,로컬상권
MA0101202303A0027098,김복남맥주경주용황지구점,주점,용강동,129.2282093,35.88257155,1.6,로컬상권
MA0101202301A0078289,청춘아지트,한식,용강동,129.229517,35.87945672,1.6,로컬상권
MA0101202302A0091135,마중,한식,외동읍,129.3267458,35.71454379,5.0,핫플레이스
MA0101202301A0024570,에스앤제이,비알코올 ,양남면,129.4367001,35.66563979,4.6,로컬상권
MA0101202302A0065837,안다미로,주점,황오동,129.2062669,35.84152879,11.3,핫플레이스
MA0101202301A0105184,비에이치씨건천점,기타 간이,건천읍,129.1048181,35.85144089,7.6,핫플레이스
MA0101202301A0071719,임자칼국수,한식,황남동,129.2102537,35.80853123,10.7,핫플레이스
MA0101202302A0035698,다왕갈비탕구황점,한식,월성동,129.2309561,35.84273068,7.1,핫플레이스
MA0101202303A0007573,돈뼈락쪽갈비,한식,현곡면,129.203425,35.86879251,1.2,로컬상권
MA0101202301A0025933,젬스톤경주불국사점,비알코올 ,불국동,129.3266076,35.78533167,6.1,핫플레이스
MA0101202302A0104101,단골,주점,동천동,129.2295222,35.85040714,2.1,로컬상권
MA0101202303A0083970,송송꼬마김밥,기타 간이,천북면,129.2692573,35.89514692,3.4,로컬상권
MA0101202302A0031150,미림식당,한식,외동읍,129.3268888,35.71452301,5.0,핫플레이스
MA0101202301A0068428,단디,일식,황오동,129.2080041,35.84351522,11.3,핫플레이스
MA0101202305A0013227,화랑모티브,비알코올 ,선도동,129.1869251,35.82346503,2.0,로컬상권
MA0101202302A0098261,성동새마을식당,한식,황오동,129.2169441,35.8450445,11.3,핫플레이스
MA0101202302A0040751,경주우리쌀십원빵,기타 간이,황남동,129.2104296,35.83600995,10.7,핫플레이스
MA0101202302A0048690,부산손칼국수,한식,불국동,129.2980693,35.77736595,6.1,핫플레이스
MA0101202301A0003435,진1926경주용황점,한식,용강동,129.2285486,35.8824301,1.6,로컬상권
MA0101202302A0110139,향미맷돌순두부,한식,천북면,129.2469716,35.8922053,3.4,로컬상권
MA0101202302A0079267,진미식당,한식,황남동,129.2091833,35.82897768,10.7,핫플레이스
MA0101202302A0113082,와플대학경주황오캠퍼스,기타 간이,황오동,129.2137028,35.84389688,11.3,핫플레이스
MA0101202302A0060183,연어&酒,주점,외동읍,129.3238767,35.71580665,5.0,핫플레이스
MA0101202302A0024428,월남면옥,한식,황남동,129.2117767,35.8355076,10.7,핫플레이스
MA0101202303A0117119,달비커피앤블랑제리,비알코올 ,산내면,129.0440801,35.75703845,1.0,로컬상권
MA0101202302A0093878,최가네순두부,한식,건천읍,129.1315712,35.82382012,7.6,핫플레이스
MA0101202302A0034184,줌바,주점,성건동,129.2066179,35.85538943,3.3,로컬상권
MA0101202303A0102436,들락,비알코올 ,황오동,129.2124089,35.84432619,11.3,핫플레이스
MA0106202301A2416867,스타벅스,비알코올 ,보덕동,129.2851543,35.8364047,12.9,핫플레이스
MA0101202301A0060040,동천맥주,주점,동천동,129.2253477,35.85745862,2.1,로컬상권
MA0101202302A0097630,원마중,한식,황남동,129.2133786,35.83302725,10.7,핫플레이스
MA0106202301A2416085,스타벅스,비알코올 ,황남동,129.2033267,35.83805066,10.7,핫플레이스
MA0101202302A0066634,코아루밀면앤우동,한식,월성동,129.2661049,35.80390478,7.1,핫플레이스
MA0101202303A0041887,부천성,중식,안강읍,129.1689379,35.99028611,3.2,로컬상권
MA0101202302A0079238,황남우엉김밥,기타 간이,황남동,129.2097641,35.83675204,10.7,핫플레이스
MA0101202303A0007956,두레밀면,한식,성건동,129.205052,35.85440001,3.3,로컬상권
MA0101202303A0021909,한량포차,한식,황성동,129.219198,35.86634855,3.2,로컬상권
MA0101202302A0102486,동행사회적협동조합,비알코올 ,외동읍,129.3266966,35.71475199,5.0,핫플레이스
MA0101202303A0065976,낮달,주점,월성동,129.2198135,35.8372155,7.1,핫플레이스
MA0101202302A0022715,프랭크버거경주,기타 간이,용강동,129.2283708,35.88280282,1.6,로컬상권
MA0101202302A0073140,황성뭉티기,한식,황성동,129.2187577,35.86802361,3.2,로컬상권
MA0101202302A0026621,황리당,기타 간이,황남동,129.2181576,35.83576838,10.7,핫플레이스
MA0101202303A0060447,달콤커피경주IC휴게소점,비알코올 ,황남동,129.1936157,35.8125034,10.7,핫플레이스
MA0101202302A0015954,경주다올,한식,외동읍,129.3222581,35.76430463,5.0,핫플레이스
MA0101202302A0068684,엄마밥상,한식,산내면,129.0652463,35.65413274,1.0,로컬상권
MA0101202302A0067769,가마치통닭용황휴포레점,기타 간이,용강동,129.2255996,35.8838724,1.6,로컬상권
MA0106202301A2415754,스타벅스,비알코올 ,보덕동,129.285965,35.83882206,12.9,핫플레이스
MA0101202212A0071502,경주맛집,한식,천북면,129.2754285,35.87398211,3.4,로컬상권
MA0101202301A0102649,한상,주점,용강동,129.2237896,35.8599293,1.6,로컬상권
MA0101202301A0076585,덮다경주점,한식,황성동,129.2097597,35.86490074,3.2,로컬상권
MA0101202301A0083457,시골식당,한식,불국동,129.2981773,35.77766123,6.1,핫플레이스
MA0101202301A0015223,국민돼지국밥,한식,성건동,129.1915818,35.86081874,3.3,로컬상권
MA0101202301A0086082,너드,기타 간이,황오동,129.2119625,35.84219894,11.3,핫플레이스
MA0106202301A0449462,탁,한식,황오동,129.2099554,35.8428486,11.3,핫플레이스
MA0101202301A0078520,마라순코우마라탕,중식,성건동,129.1899148,35.86138077,3.3,로컬상권
MA0101202301A0101483,안동집어탕국수,한식,양남면,129.4630247,35.67577192,4.6,로컬상권
MA0101202212A0057209,함양다방,비알코올 ,불국동,129.3068791,35.80863421,6.1,핫플레이스
MA0101202301A0090374,황제백숙,한식,외동읍,129.3186431,35.71134839,5.0,핫플레이스
MA0101202301A0019493,차오름파트너스,기타 간이,황남동,129.2106759,35.83451869,10.7,핫플레이스
MA0106202301A2416758,스타벅스,비알코올 ,황오동,129.212469,35.84210852,11.3,핫플레이스
MA0101202301A0064964,쇠전뭉티기,한식,황오동,129.2048188,35.83998756,11.3,핫플레이스
MA0101202301A0075163,경주샌드,기타 간이,황남동,129.2096797,35.83929454,10.7,핫플레이스
MA0101202302A0109388,9척선단해적들,한식,감포읍,129.5041844,35.80428758,4.5,로컬상권
MA0101202212A0073992,비학산한식,한식,건천읍,129.1070433,35.85062696,7.6,핫플레이스
MA0101202301A0084296,투가이즈치킨&피자,기타 간이,감포읍,129.5017959,35.80677001,4.5,로컬상권
MA0101202302A0036080,봄갤러리카페,비알코올 ,안강읍,129.1672391,35.9946508,3.2,로컬상권
MA0101202301A0014801,준코뮤직타운경주점,주점,동천동,129.2239615,35.85498841,2.1,로컬상권
MA0101202301A0007714,부로스부리또,서양식,성건동,129.1919166,35.86172269,3.3,로컬상권
MA0101202301A0108150,2피자1치킨상회,기타 간이,성건동,129.2066165,35.85174923,3.3,로컬상권
MA0101202301A0073820,동희집,한식,보덕동,129.2997027,35.83095514,12.9,핫플레이스
MA0101202301A0073276,피맛골,한식,동천동,129.2258467,35.85234948,2.1,로컬상권
MA0106202301A2416548,스타벅스,비알코올 ,황남동,129.2149552,35.83401637,10.7,핫플레이스
MA0101202301A0033392,라화공방마라탕,중식,황성동,129.214079,35.86537982,3.2,로컬상권
MA0101202212A0059210,축복,비알코올 ,성건동,129.2025454,35.84501206,3.3,로컬상권
MA0101202301A0051832,육육회,한식,황오동,129.2167835,35.85120159,11.3,핫플레이스
MA0101202301A0002671,마시커피,비알코올 ,성건동,129.2052562,35.8433945,3.3,로컬상권
MA0101202301A0010483,황당무계,기타 간이,성건동,129.2052376,35.85391004,3.3,로컬상권
MA0101202212A0092897,친구노래클럽,주점,안강읍,129.2248657,35.99164018,3.2,로컬상권
MA0101202301A0057723,빵&커피,비알코올 ,보덕동,129.2997027,35.83095514,12.9,핫플레이스
MA0101202211A0102997,케이티경주빌딩구내식당,구내식당·뷔페,황오동,129.2144707,35.84484685,11.3,핫플레이스
MA0101202209A0047288,중식당장첸,중식,황성동,129.2236385,35.88263827,3.2,로컬상권
MA0101202211A0073950,위드,한식,동천동,129.2232958,35.85651449,2.1,로컬상권
MA0101202211A0090837,왕가탕후루,기타 간이,황남동,129.2112535,35.83619301,10.7,핫플레이스
MA0101202209A0028890,피자헛남경주점,기타 간이,외동읍,129.3218736,35.72710831,5.0,핫플레이스
MA0101202211A0079297,맛있는고기에솜씨를더하다,한식,황성동,129.2120213,35.86422837,3.2,로컬상권
MA0101202209A0072204,유림커피,비알코올 ,황성동,129.213944,35.86808543,3.2,로컬상권
MA0101202210A0006109,수랏간,한식,동천동,129.2252015,35.84946008,2.1,로컬상권
MA0101202212A0095664,스시드새우충효점,일식,선도동,129.1775922,35.84509762,2.0,로컬상권
MA0101202210A0080973,밋업커피하우스,비알코올 ,성건동,129.2059102,35.84982496,3.3,로컬상권
MA0101202209A0050782,도담,구내식당·뷔페,안강읍,129.1665949,35.99744663,3.2,로컬상권
MA0101202212A0072464,홍성옛날짜장,중식,안강읍,129.2014051,35.9968216,3.2,로컬상권
MA0101202210A0100543,임선생찬방,한식,동천동,129.2321048,35.84817866,2.1,로컬상권
MA0101202211A0099284,촘촘경주황리단길점,동남아시아,황남동,129.2095871,35.83715176,10.7,핫플레이스
MA0101202210A0007871,미로,한식,동천동,129.2234091,35.85423276,2.1,로컬상권
MA0101202211A0055959,은화수식당,한식,황성동,129.2111236,35.86618214,3.2,로컬상권
MA0101202211A0080507,하동낙지집,한식,불국동,129.3071267,35.80648501,6.1,핫플레이스
MA0101202210A0045554,팔색국수,한식,성건동,129.2063787,35.85195183,3.3,로컬상권
MA0101202209A0056385,춤추는산오징어해,한식,불국동,129.3091472,35.77120682,6.1,핫플레이스
MA0101202212A0008965,연꽃국수,한식,월성동,129.2218852,35.83611397,7.1,핫플레이스
MA0106202210A0826207,씨앤코컴퍼니동국대경주원효관점블루포트,한식,성건동,129.1910382,35.86479326,3.3,로컬상권
MA0101202211A0087043,아나타카페,비알코올 ,황남동,129.2105042,35.83431461,10.7,핫플레이스
MA0101202210A0044371,우리들구이집,한식,외동읍,129.3245788,35.71487402,5.0,핫플레이스
MA0101202211A0004823,맘모스8090라이브,주점,황오동,129.2176032,35.841293,11.3,핫플레이스
MA0101202211A0050171,이고카페,비알코올 ,감포읍,129.4923126,35.75175413,4.5,로컬상권
MA0101202210A0091316,불고기명가,한식,안강읍,129.1977434,36.0019165,3.2,로컬상권
MA0101202209A0025892,더빈스커피,비알코올 ,외동읍,129.3259253,35.71596528,5.0,핫플레이스
MA0101202212A0070750,감포둘레길밥상,한식,감포읍,129.503256,35.80818118,4.5,로컬상권
MA0101202210A0024006,레인보우,기타 간이,월성동,129.2301835,35.84122227,7.1,핫플레이스
MA0101202305A0045167,하베스트,비알코올 ,동천동,129.247622,35.84469059,2.1,로컬상권
MA0101202305A0179975,페페로니,서양식,성건동,129.2055946,35.85521,3.3,로컬상권
MA0101202302A0024231,싱싱회포차,주점,외동읍,129.3346735,35.67877212,5.0,핫플레이스
MA0101202305A0161914,유원분식,기타 간이,황성동,129.2132849,35.86588102,3.2,로컬상권
MA0101202303A0003395,황금십원빵,기타 간이,황남동,129.2094441,35.83558657,10.7,핫플레이스
MA0101202303A0060207,면사고면치기,한식,황남동,129.21299,35.83536812,10.7,핫플레이스
MA0101202303A0047886,굿즈,비알코올 ,황남동,129.2118589,35.83528082,10.7,핫플레이스
MA0101202303A0003800,경북산업어반지점,비알코올 ,황오동,129.2096976,35.84352912,11.3,핫플레이스
MA0101202303A0032842,연식당,서양식,황남동,129.2112919,35.83677799,10.7,핫플레이스
MA0101202305A0183331,이끼,서양식,황오동,129.2117943,35.84092256,11.3,핫플레이스
MA0101202303A0081151,시골순대,한식,안강읍,129.226699,35.990597,3.2,로컬상권
MA0101202303A0121396,도담찜닭,한식,동천동,129.2335647,35.84498886,2.1,로컬상권
MA0101202305A0042901,돼지초장,한식,성건동,129.2067435,35.84395286,3.3,로컬상권
MA0101202302A0098319,경주육회,한식,황오동,129.204342,35.84075319,11.3,핫플레이스
MA0101202305A0026587,도리도리닭도리탕경주점,한식,동천동,129.2215456,35.85289766,2.1,로컬상권
MA0101202303A0050788,역전할머니맥주용황점,주점,용강동,129.2277725,35.88318335,1.6,로컬상권
MA0101202305A0186312,한스델리,서양식,황오동,129.2124536,35.84274854,11.3,핫플레이스
MA0101202305A0124526,고봉민김밥경주보문점,기타 간이,보덕동,129.2849134,35.8357245,12.9,핫플레이스
MA0101202303A0022626,경주영양밀면,한식,선도동,129.1782723,35.84366162,2.0,로컬상권
MA0101202305A0054738,보물섬,주점,동천동,129.2228017,35.85229775,2.1,로컬상권
MA0101202305A0107278,경주찰보리냉면,한식,외동읍,129.3181756,35.7756193,5.0,핫플레이스
MA0101202305A0189629,술익는마을,주점,선도동,129.1809946,35.84446822,2.0,로컬상권
MA0101202303A0118429,모리커피경주,비알코올 ,안강읍,129.2256132,35.99141006,3.2,로컬상권
MA0101202302A0053662,온가족이좋아하는족발,한식,양남면,129.4714607,35.70116062,4.6,로컬상권
MA0101202305A0018944,조돌,한식,황남동,129.2099969,35.83317961,10.7,핫플레이스
MA0101202305A0045742,오케이똥집,기타 간이,용강동,129.2310049,35.87921283,1.6,로컬상권
MA0101202303A0083609,초원암소숯불,한식,외동읍,129.3406045,35.68748709,5.0,핫플레이스
MA0101202305A0070761,상화오리,한식,불국동,129.3131025,35.79056605,6.1,핫플레이스
MA0101202303A0074200,미랑쉬,한식,성건동,129.206864,35.84231074,3.3,로컬상권
MA0101202305A0201053,쭈꾸미집,한식,황성동,129.2196114,35.86648508,3.2,로컬상권
MA0101202305A0044023,알찬참숯뒷고기,한식,동천동,129.2310375,35.84918963,2.1,로컬상권
MA0101202306A0046742,미술관호프,주점,동천동,129.233622,35.8466367,2.1,로컬상권
MA0101202305A0097983,일성반점,중식,선도동,129.1850529,35.843142,2.0,로컬상권
MA0101202306A0090940,단비고집유호재,비알코올 ,내남면,129.1716781,35.79093412,4.1,로컬상권
MA0101202303A0089991,랄라에뜨,서양식,황오동,129.2115206,35.8422251,11.3,핫플레이스
MA0101202305A0108927,세숫대야칡냉면,한식,양남면,129.4731704,35.69107022,4.6,로컬상권
MA0101202305A0139133,황남쫀드기황리단길점,기타 간이,황남동,129.2099265,35.83821776,10.7,핫플레이스
MA0101202305A0031388,카도카도,기타 간이,황남동,129.2099265,35.83821776,10.7,핫플레이스
MA0101202305A0043303,코야,일식,황성동,129.2118168,35.86443937,3.2,로컬상권
MA0101202305A0168769,돌돈,한식,황성동,129.2111992,35.86691059,3.2,로컬상권
MA0101202303A0005337,피자스쿨경주충효점,기타 간이,선도동,129.1805885,35.84378179,2.0,로컬상권
MA0101202305A0133574,엄마맘국수랑밥이랑,한식,선도동,129.1794254,35.8441453,2.0,로컬상권
MA0101202306A0064961,스컹크웍스,비알코올 ,황남동,129.2098751,35.83556963,10.7,핫플레이스
MA0101202305A0205431,포도도,기타 간이,황남동,129.2092893,35.83639134,10.7,핫플레이스
MA0101202305A0127198,경주보리명가,기타 간이,불국동,129.3009251,35.77402254,6.1,핫플레이스
MA0101202305A0017913,토리우,주점,성건동,129.2058421,35.8425728,3.3,로컬상권
MA0101202305A0076694,아는언니7080,주점,동천동,129.2235439,35.85628463,2.1,로컬상권
MA0101202306A0087346,054피자,기타 간이,용강동,129.2251807,35.88275387,1.6,로컬상권
MA0101202305A0163657,구도,한식,황남동,129.2090384,35.83851342,10.7,핫플레이스
MA0101202305A0166671,풍천민물장어충효점,한식,선도동,129.1876298,35.84268062,2.0,로컬상권
MA0101202305A0181564,보영식당,한식,황오동,129.2163656,35.8453345,11.3,핫플레이스
MA0101202306A0022420,대단한탕후루경주,기타 간이,황성동,129.2152301,35.8693502,3.2,로컬상권
MA0101202306A0021028,구구곰장어아나고,한식,선도동,129.1855961,35.84317717,2.0,로컬상권
MA0101202305A0100908,금장골식당,주점,현곡면,129.2030448,35.86785339,1.2,로컬상권
MA0101202306A0032247,미남장어경주용황점,한식,황성동,129.2234934,35.88299237,3.2,로컬상권
MA0101202305A0082995,나드리김밥,기타 간이,용강동,129.2262848,35.88303975,1.6,로컬상권
MA0101202306A0108975,석궁정,주점,감포읍,129.4947171,35.80429532,4.5,로컬상권
MA0101202306A0088730,한옥집용황점,한식,황성동,129.2197233,35.8819989,3.2,로컬상권
MA0101202306A0002683,읍천활어초장집,한식,양남면,129.4753402,35.69337723,4.6,로컬상권
MA0101202305A0126240,꽃불반점,중식,천북면,129.263674,35.89895556,3.4,로컬상권
MA0101202306A0075835,제육의달인,한식,불국동,129.2774232,35.78658009,6.1,핫플레이스
MA0101202305A0065517,이중생활,주점,불국동,129.3261874,35.78457393,6.1,핫플레이스
MA0101202306A0081173,황남샵,비알코올 ,황남동,129.2150647,35.83516769,10.7,핫플레이스
MA0101202306A0107922,여우애김밥경주현곡,기타 간이,현곡면,129.1745838,35.89214179,1.2,로컬상권
MA0101202306A0110653,애요경주,서양식,황성동,129.2193112,35.86722948,3.2,로컬상권
MA0101202306A0011750,대장집,한식,용강동,129.2312539,35.88532624,1.6,로컬상권
MA0101202306A0029177,가마솥양푼이밥상,한식,보덕동,129.2645512,35.85315767,12.9,핫플레이스
MA0101202305A0080805,경주샌드분황사점,기타 간이,월성동,129.2292619,35.84071677,7.1,핫플레이스
MA0101202306A0050613,비비큐치킨,기타 간이,황오동,129.2117691,35.84440105,11.3,핫플레이스
MA0101202305A0176474,은일식당,한식,외동읍,129.325531,35.68110264,5.0,핫플레이스
MA0101202306A0071045,온반,한식,동천동,129.2270784,35.85641737,2.1,로컬상권
MA0101202306A0003806,신형섭커피,비알코올 ,선도동,129.1789563,35.84600997,2.0,로컬상권
MA0101202305A0198083,윤회,한식,현곡면,129.1746654,35.88986067,1.2,로컬상권
MA0101202306A0017717,용황숯불갈비,한식,황성동,129.2226035,35.8824502,3.2,로컬상권
MA0101202305A0155887,커피하루,비알코올 ,황성동,129.2181779,35.85397808,3.2,로컬상권
MA0101202306A0079568,오버랩커피,비알코올 ,황오동,129.2063771,35.8399139,11.3,핫플레이스
MA0101202305A0143285,녹진,한식,황남동,129.2081351,35.83746679,10.7,핫플레이스
MA0101202305A0013501,둥지,한식,안강읍,129.2220191,35.98976477,3.2,로컬상권
MA0101202305A0160424,외가,한식,황남동,129.2092193,35.8370594,10.7,핫플레이스
MA0101202305A0100324,슈만과클라라k,비알코올 ,황성동,129.2242088,35.87967231,3.2,로컬상권
MA0101202305A0186738,엄마밥,한식,불국동,129.3289542,35.78503393,6.1,핫플레이스
MA0101202305A0145451,써브웨이경주,기타 간이,황오동,129.2114365,35.8447766,11.3,핫플레이스
MA0101202305A0056059,센트레,비알코올 ,월성동,129.2510963,35.84036362,7.1,핫플레이스
MA0101202305A0059555,과일다니세번째이야기,기타 간이,선도동,129.1904336,35.84162034,2.0,로컬상권
MA0101202307A0030703,카페바나나,비알코올 ,선도동,129.1793939,35.84461441,2.0,로컬상권
MA0101202307A0071049,컴포즈동대로점,비알코올 ,성건동,129.205637,35.8555426,3.3,로컬상권
MA0101202305A0032632,엔젤커피숍cafe,비알코올 ,감포읍,129.5032095,35.80811007,4.5,로컬상권
MA0101202305A0120782,박달가마솥돼지국밥,한식,내남면,129.198447,35.75098117,4.1,로컬상권
MA0101202305A0042821,이모맛집,한식,안강읍,129.2272828,35.99046002,3.2,로컬상권
MA0101202305A0161841,밥풀릭스경주,한식,성건동,129.2070266,35.85416551,3.3,로컬상권
MA0101202305A0034433,삼국식당,한식,불국동,129.3144534,35.79748698,6.1,핫플레이스
MA0101202305A0048599,카페체리블라썸,비알코올 ,불국동,129.3254298,35.78438136,6.1,핫플레이스
MA0101202307A0088708,다복정숯불,한식,월성동,129.2661049,35.80390478,7.1,핫플레이스
MA0101202305A0092100,착한대박집,한식,성건동,129.2042936,35.84460155,3.3,로컬상권
MA0101202305A0206034,이너프레소에스프레소바,비알코올 ,황오동,129.2149849,35.84144944,11.3,핫플레이스
MA0101202303A0050000,단델리온,비알코올 ,감포읍,129.4975695,35.80496586,4.5,로컬상권
MA0101202305A0109098,꼬치피었네,기타 간이,성건동,129.2067435,35.84395286,3.3,로컬상권
MA0101202305A0120553,구루메비지터클럽,일식,황남동,129.2073349,35.83694087,10.7,핫플레이스
MA0101202305A0176709,베어58,한식,황남동,129.2103092,35.83566075,10.7,핫플레이스
MA0101202305A0175100,치즈오,기타 간이,황남동,129.2101407,35.83317697,10.7,핫플레이스
MA0101202305A0090592,올리앤&나무,기타 간이,선도동,129.1941898,35.8413896,2.0,로컬상권
MA0101202305A0059418,매머드익스프레스경주동국대,비알코올 ,성건동,129.1933923,35.85903766,3.3,로컬상권
MA0101202305A0000026,가마솥추어탕,한식,안강읍,129.2269585,35.98917758,3.2,로컬상권
MA0101202305A0128353,코토리,주점,황성동,129.2112504,35.8675584,3.2,로컬상권
MA0101202305A0080984,서가네,한식,양남면,129.4633579,35.67547677,4.6,로컬상권
MA0106202306A1075494,한국요유빵,한식,불국동,129.3131734,35.7911053,6.1,핫플레이스
MA0101202305A0001185,믐,기타 간이,불국동,129.3278432,35.78599253,6.1,핫플레이스
MA0101202305A0057139,목화노래마을,주점,불국동,129.2986427,35.77769738,6.1,핫플레이스
MA0101202305A0138216,황남볼,기타 간이,황남동,129.2096663,35.8380153,10.7,핫플레이스
MA0101202307A0007191,운칠기삼정육식당,한식,불국동,129.3072003,35.77270388,6.1,핫플레이스
MA0101202310A0064310,로망스아구찜경주,한식,황남동,129.2063083,35.79866515,10.7,핫플레이스
MA0101202310A0065765,킴스델리경주점,기타 간이,황오동,129.206485,35.83941634,11.3,핫플레이스
MA0101202307A0015896,에쿠스가요주점,주점,건천읍,129.104168,35.84778495,7.6,핫플레이스
MA0101202307A0092859,경주천년한우보문명품관,한식,보덕동,129.2859735,35.83680359,12.9,핫플레이스
MA0101202307A0014938,손서방식육식당,한식,현곡면,129.203425,35.86879251,1.2,로컬상권
MA0101202307A0024531,시드니월남쌈,동남아시아,황성동,129.2203481,35.88216756,3.2,로컬상권
MA0101202306A0090712,금돼지식당,한식,양남면,129.4704023,35.69979481,4.6,로컬상권
MA0101202307A0078933,아몬드치킨,기타 간이,외동읍,129.3323706,35.67629386,5.0,핫플레이스
MA0101202308A0013118,츄러스1500경주점,기타 간이,용강동,129.2285872,35.88420442,1.6,로컬상권
MA0101202308A0019068,투톤,한식,성건동,129.1911543,35.86097071,3.3,로컬상권
MA0101202308A0052891,온담,일식,외동읍,129.3338464,35.67729244,5.0,핫플레이스
MA0101202307A0088992,카페이조리,비알코올 ,내남면,129.2053736,35.75123277,4.1,로컬상권
MA0101202308A0058021,소디스에스프레소바,비알코올 ,성건동,129.2070728,35.85223643,3.3,로컬상권
MA0101202308A0026058,김밥마을,기타 간이,황성동,129.2179394,35.86805675,3.2,로컬상권
MA0101202307A0048379,비비카페,비알코올 ,산내면,129.0641272,35.65483677,1.0,로컬상권
MA0101202308A0094350,손가공방,비알코올 ,황성동,129.2132209,35.86437746,3.2,로컬상권
MA0101202310A0059141,카페아보르,비알코올 ,강동면,129.2536575,35.99665277,1.8,로컬상권
MA0101202306A0035852,혜성푸드,한식,성건동,129.2029856,35.84892353,3.3,로컬상권
MA0101202307A0036714,경주닭계장,한식,황오동,129.2085861,35.84574812,11.3,핫플레이스
MA0101202310A0028352,로라커피,비알코올 ,황오동,129.2141176,35.8468717,11.3,핫플레이스
MA0101202308A0058278,밤마실,주점,성건동,129.2070728,35.85223643,3.3,로컬상권
MA0101202308A0039493,교동면옥주상절리점,한식,양남면,129.4709147,35.68275518,4.6,로컬상권
MA0101202307A0067091,달빛정원,비알코올 ,안강읍,129.1579101,36.01646188,3.2,로컬상권
MA0101202306A0100427,데이투데이,비알코올 ,동천동,129.225708,35.85292872,2.1,로컬상권
MA0101202308A0042679,그린정원,비알코올 ,불국동,129.3278432,35.78599253,6.1,핫플레이스
MA0101202308A0037740,초원,한식,불국동,129.3274041,35.78572172,6.1,핫플레이스
MA0101202307A0078253,사방식당,한식,안강읍,129.2311473,35.93791245,3.2,로컬상권
MA0101202306A0082078,물방아삼계탕,한식,동천동,129.2346272,35.84420322,2.1,로컬상권
MA0101202307A0050130,경주읍성간식,비알코올 ,황오동,129.2123728,35.84740843,11.3,핫플레이스
MA0101202306A0078235,경주면국시리,한식,동천동,129.2238209,35.85154003,2.1,로컬상권
MA0101202307A0027727,지코바,기타 간이,용강동,129.230966,35.87822241,1.6,로컬상권
MA0101202307A0031287,한우한돈프라자,한식,황성동,129.2192653,35.88264711,3.2,로컬상권
MA0101202307A0063429,라벤더,비알코올 ,성건동,129.2066258,35.84329726,3.3,로컬상권
MA0101202306A0070362,트레비어경주점,주점,용강동,129.2258097,35.88188622,1.6,로컬상권
MA0101202306A0002687,코끼리밥집,한식,불국동,129.3000821,35.77469643,6.1,핫플레이스
MA0101202306A0063903,이디야커피경주괘릉점,비알코올 ,외동읍,129.3149163,35.75740014,5.0,핫플레이스
MA0101202306A0052485,풀282,기타 간이,성건동,129.1915121,35.86109934,3.3,로컬상권
MA0101202306A0005606,삼릉소머리곰탕,한식,내남면,129.2051089,35.78848725,4.1,로컬상권
MA0101202306A0014996,소반가정식,한식,성건동,129.2067435,35.84395286,3.3,로컬상권
MA0101202306A0075345,인생커피,비알코올 ,외동읍,129.320128,35.67834162,5.0,핫플레이스
MA0101202306A0082986,킹스베이커리,기타 간이,외동읍,129.3334421,35.67971507,5.0,핫플레이스
MA0101202306A0086310,1번가콩나물삼겹살,한식,안강읍,129.2189895,35.99124449,3.2,로컬상권
MA0101202306A0100241,알천한우식육식당,한식,동천동,129.2287563,35.84914188,2.1,로컬상권
MA0101202307A0055061,이소창고,한식,안강읍,129.2283962,35.93818884,3.2,로컬상권
MA0101202307A0098671,사유적정원,기타 간이,선도동,129.1887728,35.82628771,2.0,로컬상권
MA0101202305A0043918,더블유커피컴퍼니,비알코올 ,동천동,129.2257562,35.85702756,2.1,로컬상권
MA0101202307A0090007,효은옥경주분점,한식,보덕동,129.2647542,35.85251411,12.9,핫플레이스
MA0101202306A0080391,범범포차,주점,황오동,129.2153529,35.84672277,11.3,핫플레이스
MA0101202307A0044060,마라본색,중식,안강읍,129.2175546,35.99345152,3.2,로컬상권
MA0101202306A0047313,생활맥주경주,주점,용강동,129.2289139,35.88400914,1.6,로컬상권
MA0101202307A0077437,수달활어,한식,안강읍,129.1962743,36.00332199,3.2,로컬상권
MA0101202306A0088481,카페아를,비알코올 ,황남동,129.2086058,35.83568308,10.7,핫플레이스
MA0101202306A0070841,경주숙성돼지,한식,동천동,129.2298405,35.85110404,2.1,로컬상권
MA0101202306A0065187,스페이스놀,비알코올 ,외동읍,129.3352642,35.77619855,5.0,핫플레이스
MA0101202306A0088799,신전떡볶이용황점,기타 간이,용강동,129.2282426,35.8837603,1.6,로컬상권
MA0101202307A0041694,골목오뎅야,주점,성건동,129.2135306,35.85123455,3.3,로컬상권
MA0101202306A0073392,더벤티경주,비알코올 ,안강읍,129.2244916,35.99095333,3.2,로컬상권
MA0101202308A0075004,경주촌놈흑돼지,한식,선도동,129.1766268,35.8433851,2.0,로컬상권
MA0101202306A0043718,야드,비알코올 ,보덕동,129.278222,35.83350892,12.9,핫플레이스
MA0101202306A0024726,모리커피,비알코올 ,황남동,129.2096605,35.83820463,10.7,핫플레이스
MA0101202306A0097993,돈치킨경주불국사점,기타 간이,불국동,129.321067,35.78227618,6.1,핫플레이스
MA0101202306A0014089,카페해브,비알코올 ,용강동,129.2227241,35.86220163,1.6,로컬상권
MA0101202306A0053267,누룽지삼계탕본마실,한식,성건동,129.2096977,35.85589145,3.3,로컬상권
MA0101202306A0032219,텐퍼센트스페셜커피경주,비알코올 ,현곡면,129.1746917,35.89041884,1.2,로컬상권
MA0101202306A0005729,크라운호프경주,주점,용강동,129.2259772,35.88193718,1.6,로컬상권
MA0101202306A0008563,범외양간,한식,황남동,129.2093807,35.83729071,10.7,핫플레이스
MA0101202308A0090147,한솥도시락경주용황지구점휴포레,한식,용강동,129.2261052,35.88492625,1.6,로컬상권
MA0101202306A0106076,소하염전,기타 간이,황남동,129.2091541,35.83789858,10.7,핫플레이스
MA0101202307A0056640,사라클럽,주점,동천동,129.2236967,35.85422743,2.1,로컬상권
MA0101202307A0028638,조가네한우,한식,불국동,129.3058484,35.77221623,6.1,핫플레이스
MA0101202308A0088537,목우촌,한식,문무대왕면,129.4419,35.79081113,2.4,로컬상권
MA0101202308A0062741,통호프,주점,안강읍,129.2153422,35.98927561,3.2,로컬상권
MA0101202308A0015508,보리수다방,비알코올 ,문무대왕면,129.4431758,35.79166818,2.4,로컬상권
MA0101202308A0069267,하얀집,한식,산내면,129.0642701,35.65438377,1.0,로컬상권
MA0101202308A0046611,기정카츠,일식,용강동,129.2251848,35.85994851,1.6,로컬상권
MA0101202307A0049895,황남호박,비알코올 ,황남동,129.2115552,35.83589913,10.7,핫플레이스
MA0101202307A0030928,이디야커피금장점,비알코올 ,현곡면,129.2024409,35.86723374,1.2,로컬상권
MA0101202307A0015545,이오일,한식,동천동,129.2233433,35.85504491,2.1,로컬상권
MA0101202307A0076032,사라단란주점,주점,동천동,129.2236967,35.85422743,2.1,로컬상권
MA0106202308A1678156,갈비담,한식,보덕동,129.2921578,35.83368531,12.9,핫플레이스
MA0101202307A0006016,신박통숯불구이,한식,황성동,129.2096127,35.86598469,3.2,로컬상권
MA0101202306A0094791,작은분식집,기타 간이,선도동,129.1851473,35.84335654,2.0,로컬상권
MA0101202306A0093570,도우,기타 간이,황오동,129.2153449,35.84126259,11.3,핫플레이스
MA0101202306A0074162,비에이치씨,기타 간이,황오동,129.2027748,35.84130455,11.3,핫플레이스
MA0101202308A0040893,꼬푸,비알코올 ,월성동,129.2304675,35.84109085,7.1,핫플레이스
MA0101202308A0103043,뉴하나로족발,한식,황오동,129.206485,35.83941634,11.3,핫플레이스
MA0101202306A0020150,레이지스몰,비알코올 ,황오동,129.2077078,35.84161044,11.3,핫플레이스
MA0101202308A0011302,돌판돼지,한식,용강동,129.2259661,35.88114447,1.6,로컬상권
MA0101202305A0048051,파스타bee덮밥zip,기타 간이,동천동,129.2269429,35.84880609,2.1,로컬상권
MA0101202306A0003416,북경주카페테리아,비알코올 ,안강읍,129.1915682,36.00356128,3.2,로컬상권
MA0101202306A0002485,보우하사,비알코올 ,황오동,129.2197891,35.8426943,11.3,핫플레이스
MA0101202305A0047349,보명식당,한식,동천동,129.2274237,35.85056321,2.1,로컬상권
MA0101202305A0192875,오늘식당,한식,불국동,129.3261488,35.78628663,6.1,핫플레이스
MA0101202305A0143076,슬기로운과자생활,한식,황오동,129.2166022,35.84190617,11.3,핫플레이스
MA0101202306A0056373,이상복명과물천점,비알코올 ,천북면,129.275455,35.87374734,3.4,로컬상권
MA0101202307A0047930,동강반점,중식,성건동,129.2052491,35.85312592,3.3,로컬상권
MA0101202305A0027553,카페사랑별곡,비알코올 ,황남동,129.2198012,35.81413996,10.7,핫플레이스
MA0101202306A0086422,바닷가,한식,안강읍,129.215306,35.99115042,3.2,로컬상권
MA0101202305A0101298,에그카페24,비알코올 ,외동읍,129.3181756,35.7756193,5.0,핫플레이스
MA0101202306A0034334,무진장왕뽈때기경주점,한식,불국동,129.3002827,35.77436822,6.1,핫플레이스
MA0101202305A0178723,달동네꼬지,기타 간이,불국동,129.3122647,35.80362909,6.1,핫플레이스
MA0101202307A0044577,우주쭈꾸미,한식,동천동,129.223981,35.85132983,2.1,로컬상권
MA0101202306A0088384,파리바게트경주,기타 간이,용강동,129.2286129,35.87682445,1.6,로컬상권
MA0101202305A0064813,라온타운경주,기타 간이,황남동,129.2094844,35.83903683,10.7,핫플레이스
MA0101202305A0066181,케이크한입시그니쳐카페,비알코올 ,황오동,129.2118819,35.84168683,11.3,핫플레이스
MA0101202307A0056750,달팽이소원,한식,불국동,129.3270987,35.78359219,6.1,핫플레이스
MA0101202307A0070870,컴포즈커피경주외동,비알코올 ,외동읍,129.3323706,35.67629386,5.0,핫플레이스
MA0101202307A0091716,금별맥주경주용황점,주점,용강동,129.228896,35.88297328,1.6,로컬상권
MA0101202308A0075174,경주막창,한식,황성동,129.2192639,35.86751869,3.2,로컬상권
MA0101202305A0200119,커피200,비알코올 ,천북면,129.2456005,35.91930691,3.4,로컬상권
MA0106202303A1954356,지에이치컴퍼니동국대학교점만권화밥,한식,성건동,129.1910382,35.86479326,3.3,로컬상권
MA0101202305A0071193,쌈포유정록쌈밥,한식,황남동,129.2138364,35.83874946,10.7,핫플레이스
MA0101202305A0014106,미소분식,기타 간이,성건동,129.2067435,35.84395286,3.3,로컬상권
MA0101202305A0093643,부처빵,기타 간이,황오동,129.2087446,35.83949195,11.3,핫플레이스
MA0101202303A0102162,담요;따뜻한손길,한식,황남동,129.2086449,35.83350182,10.7,핫플레이스
MA0101202303A0048482,참맛푸드,한식,천북면,129.2697834,35.89689397,3.4,로컬상권
MA0101202303A0106197,이삭푸드서비스넥스틸경주1공장,구내식당·뷔페,강동면,129.3075509,35.95845205,1.8,로컬상권
MA0101202305A0005152,주점이차,주점,안강읍,129.2263243,35.99225283,3.2,로컬상권
MA0101202305A0135213,기둥집,주점,황남동,129.2087692,35.83558997,10.7,핫플레이스
MA0101202303A0096066,무장산식당,한식,보덕동,129.3202733,35.87505204,12.9,핫플레이스
MA0101202303A0044508,신라주막,한식,불국동,129.3279552,35.78414325,6.1,핫플레이스
MA0101202305A0108777,산내고향식당,한식,산내면,129.0434509,35.75707618,1.0,로컬상권
MA0106202304A1994710,현대그린푸드현대IHL경주,구내식당·뷔페,외동읍,129.3224624,35.66324915,5.0,핫플레이스
MA0101202305A0135804,베르티VERTY,기타 간이,황성동,129.2239466,35.88375886,3.2,로컬상권
MA0101202303A0001046,돈수레식당,한식,동천동,129.2247542,35.85523503,2.1,로컬상권
MA0101202303A0020472,황남타코파파,일식,황남동,129.2092193,35.8370594,10.7,핫플레이스
MA0101202305A0053772,소후리갈비정육식당,한식,안강읍,129.1964805,35.9971642,3.2,로컬상권
MA0101202303A0089691,해목,한식,내남면,129.2025577,35.77538765,4.1,로컬상권
MA0101202303A0040826,타마타마이자카야,주점,동천동,129.2231218,35.85464355,2.1,로컬상권
MA0101202305A0177423,주도,주점,황오동,129.2141176,35.8468717,11.3,핫플레이스
MA0101202303A0014240,반월성한우,한식,보덕동,129.2656332,35.85267774,12.9,핫플레이스
MA0101202303A0016638,더치앤빈경주,비알코올 ,황성동,129.2118123,35.86626857,3.2,로컬상권
MA0101202309A0049692,연화리101,비알코올 ,안강읍,129.2279101,35.99344877,3.2,로컬상권
MA0101202308A0097103,길손뷔페,구내식당·뷔페,외동읍,129.3149163,35.75740014,5.0,핫플레이스
MA0101202308A0054539,양반집,한식,황남동,129.2099247,35.83536147,10.7,핫플레이스
MA0101202310A0041532,나인틴나인티즈,비알코올 ,동천동,129.225341,35.85405281,2.1,로컬상권
MA0101202309A0056280,술,한식,건천읍,129.1046714,35.85049734,7.6,핫플레이스
MA0101202309A0024976,여기어떡,기타 간이,황오동,129.2151548,35.84198693,11.3,핫플레이스
MA0101202310A0064447,다가치통닭,기타 간이,건천읍,129.1017436,35.85069278,7.6,핫플레이스
MA0101202309A0050460,꼬꼬뽀끼,기타 간이,황성동,129.2148267,35.863609,3.2,로컬상권
MA0101202310A0002447,참돈뒷고기,한식,외동읍,129.3263877,35.71438853,5.0,핫플레이스
MA0101202308A0004283,각시돈곰탕,한식,용강동,129.2254727,35.87775671,1.6,로컬상권
MA0101202308A0100610,미소가든,한식,외동읍,129.3435187,35.72327357,5.0,핫플레이스
MA0101202308A0090975,양남태슬하,비알코올 ,양남면,129.4627395,35.70599771,4.6,로컬상권
MA0101202310A0000075,황성붕어빵,기타 간이,황성동,129.2136696,35.86618028,3.2,로컬상권
MA0101202310A0074901,건천족발,한식,건천읍,129.1044108,35.84985314,7.6,핫플레이스
MA0101202309A0042941,콩카페황리단길점,비알코올 ,황남동,129.2082424,35.83654575,10.7,핫플레이스
MA0101202309A0066438,르주르제이,서양식,황오동,129.2123399,35.84144412,11.3,핫플레이스
MA0101202309A0043863,한나물비빔밥,한식,황오동,129.2119646,35.84307291,11.3,핫플레이스
MA0101202310A0029979,황리단꼬치,기타 간이,황남동,129.2110328,35.83462025,10.7,핫플레이스
MA0101202310A0008717,댄싱컵경주,비알코올 ,황성동,129.2121688,35.86674857,3.2,로컬상권
MA0101202309A0082426,가마치통닭황성,기타 간이,용강동,129.2223058,35.86902123,1.6,로컬상권
MA0101202310A0035891,더커피로드,비알코올 ,산내면,129.0516648,35.78332905,1.0,로컬상권
MA0101202309A0044065,베트남쌀국수,동남아시아,외동읍,129.3263877,35.71438853,5.0,핫플레이스
MA0101202309A0052659,컴포즈커피경주황오점,비알코올 ,황오동,129.2138064,35.84403914,11.3,핫플레이스
MA0101202308A0068946,협동조합문화채움지니샌드위치,기타 간이,황성동,129.2144008,35.87256419,3.2,로컬상권
MA0101202308A0087886,섭이네포차,동남아시아,외동읍,129.3257494,35.71409452,5.0,핫플레이스
MA0101202308A0102795,올빼미국밥,한식,동천동,129.2232412,35.85535316,2.1,로컬상권
MA0101202309A0059091,미포기사식당,한식,황남동,129.2091358,35.83763761,10.7,핫플레이스
MA0101202309A0029426,파리바게뜨경주외동모화점,기타 간이,외동읍,129.3358281,35.67291998,5.0,핫플레이스
MA0101202309A0019036,담소,주점,동천동,129.2249173,35.85315061,2.1,로컬상권
MA0101202311A0066580,뒷고기땡기재,한식,현곡면,129.1744863,35.8901973,1.2,로컬상권
MA0101202311A0001814,녹원전통비빔밥,한식,동천동,129.223463,35.8569529,2.1,로컬상권
MA0101202311A0092805,정성닭발경주,한식,황성동,129.2198891,35.86493016,3.2,로컬상권
MA0101202311A0047190,꼬모빵미,비알코올 ,용강동,129.2296078,35.88387912,1.6,로컬상권
MA0101202310A0095336,옥문,중식,서면,129.0494658,35.89391949,0.9,로컬상권
MA0101202311A0013580,카페베네딕트,비알코올 ,안강읍,129.2262612,36.00026409,3.2,로컬상권
MA0101202310A0069155,우연히책방,비알코올 ,성건동,129.2046303,35.84236979,3.3,로컬상권
MA0101202310A0092111,창안참전복.초장집,한식,감포읍,129.502011,35.80410761,4.5,로컬상권
MA0101202310A0030748,싼타페덤7080,주점,동천동,129.2239366,35.8544933,2.1,로컬상권
MA0101202311A0059033,황금십원빵,기타 간이,황남동,129.2106759,35.83451869,10.7,핫플레이스
MA0101202311A0031793,백산,한식,성건동,129.2025854,35.84405622,3.3,로컬상권
MA0101202310A0023520,하노이신짜오,동남아시아,동천동,129.223336,35.85676604,2.1,로컬상권
MA0101202311A0080974,낮커&밤맥,주점,건천읍,129.1054381,35.84935757,7.6,핫플레이스
MA0101202311A0009438,해녀의집바랗,비알코올 ,양남면,129.4744469,35.69091783,4.6,로컬상권
MA0101202311A0104170,별마루,비알코올 ,황성동,129.2207568,35.86389594,3.2,로컬상권
MA0101202310A0073782,아드레스,기타 간이,월성동,129.2187807,35.83589203,7.1,핫플레이스
MA0101202311A0046523,소규모,한식,용강동,129.2246949,35.8685535,1.6,로컬상권
MA0101202310A0056913,럽떡,기타 간이,황남동,129.211891,35.83603711,10.7,핫플레이스
MA0101202310A0040900,콩밭,한식,외동읍,129.3197604,35.71521033,5.0,핫플레이스
MA0101202310A0007876,대복다방,비알코올 ,건천읍,129.1054381,35.84935757,7.6,핫플레이스
MA0101202406A0506650,컴포즈커피경주용강,비알코올 ,용강동,129.2219764,35.86991034,1.6,로컬상권
MA0101202311A0027884,하삼동커피경주,비알코올 ,불국동,129.2989282,35.77570964,6.1,핫플레이스
MA0101202310A0046658,성건동커피,비알코올 ,성건동,129.2044145,35.84496876,3.3,로컬상권
MA0101202310A0081617,둥글둥글식당,주점,황오동,129.2140307,35.85090997,11.3,핫플레이스
MA0101202311A0026846,비에이치씨경주문무대왕점,기타 간이,문무대왕면,129.4431758,35.79166818,2.4,로컬상권
MA0106202310A1075651,한국요유빵,한식,황남동,129.2095579,35.83410676,10.7,핫플레이스
MA0101202311A0006872,인생건어물맥주경주,주점,현곡면,129.2058376,35.87116301,1.2,로컬상권
MA0101202311A0071988,퍼주는포차,한식,안강읍,129.2221532,35.99098768,3.2,로컬상권
MA0101202311A0051218,훈이밥상,한식,감포읍,129.4937014,35.76189759,4.5,로컬상권
MA0101202311A0089745,피자모자이크,기타 간이,안강읍,129.2235565,35.99121395,3.2,로컬상권
MA0101202310A0022722,소솜당,한식,보덕동,129.2878252,35.84540921,12.9,핫플레이스
MA0101202406A0408866,에이프레임익스프레스,기타 간이,황오동,129.211827,35.84210232,11.3,핫플레이스
MA0101202311A0078546,일일수작경주용황점,주점,용강동,129.2283021,35.88232655,1.6,로컬상권
MA0101202310A0008981,윤,비알코올 ,황남동,129.2143142,35.83483913,10.7,핫플레이스
MA0101202406A0440570,천마맷돌순두부,한식,황남동,129.2105663,35.83416029,10.7,핫플레이스
MA0101202309A0090114,경주골방황리단길,주점,황오동,129.2121906,35.84124864,11.3,핫플레이스
MA0101202310A0080360,뚱삼이와대삼이,한식,외동읍,129.3323706,35.67629386,5.0,핫플레이스
MA0101202309A0085724,외동찹쌀순대,한식,황오동,129.2158604,35.84507351,11.3,핫플레이스
MA0101202311A0006117,보문애정원,비알코올 ,보덕동,129.257283,35.86225078,12.9,핫플레이스
MA0101202309A0003851,동아다방,비알코올 ,감포읍,129.5020825,35.80603424,4.5,로컬상권
MA0101202309A0069091,명가돼지국밥,한식,외동읍,129.3218706,35.72738769,5.0,핫플레이스
MA0101202310A0048048,불꽃노래주점,주점,건천읍,129.1023233,35.84875436,7.6,핫플레이스
MA0101202309A0062173,김복남맥주,주점,선도동,129.1855024,35.84298966,2.0,로컬상권
MA0101202309A0045518,옐라,서양식,황오동,129.2145371,35.84245786,11.3,핫플레이스
MA0101202309A0007414,황금십원빵,기타 간이,황남동,129.2095509,35.8370443,10.7,핫플레이스
MA0101202310A0049496,더컵커피라운지,비알코올 ,보덕동,129.2557842,35.86911779,12.9,핫플레이스
MA0101202309A0092061,16.9도,주점,동천동,129.2264584,35.85561793,2.1,로컬상권
MA0101202310A0015815,도어,비알코올 ,안강읍,129.1962743,36.00332199,3.2,로컬상권
MA0101202309A0079854,느루,비알코올 ,현곡면,129.1815401,35.87527416,1.2,로컬상권
MA0101202309A0026211,옛촌닭개장손칼국수,한식,외동읍,129.3272609,35.70376642,5.0,핫플레이스
MA0101202310A0015099,해월안,비알코올 ,동천동,129.2251741,35.84927137,2.1,로컬상권
MA0101202311A0067338,도깨비식당,한식,황오동,129.216566,35.8449794,11.3,핫플레이스
MA0101202309A0027924,초이짬뽕,중식,천북면,129.2709906,35.9418232,3.4,로컬상권
MA0101202310A0082591,꼰비떼,동남아시아,황성동,129.2205471,35.86669304,3.2,로컬상권
MA0101202310A0000331,취향가옥,한식,황남동,129.2093191,35.83866143,10.7,핫플레이스
MA0101202309A0048223,제육대가,한식,용강동,129.2219764,35.86991034,1.6,로컬상권
MA0101202310A0000141,프라이빗경주,구내식당·뷔페,황오동,129.2057837,35.84166381,11.3,핫플레이스
MA0101202309A0081363,비에이치씨경주보문점,기타 간이,보덕동,129.2849134,35.8357245,12.9,핫플레이스
MA0101202309A0041964,텐퍼센트용황점,비알코올 ,용강동,129.2256045,35.8832596,1.6,로컬상권
MA0101202309A0047340,헤브모어,비알코올 ,불국동,129.3261874,35.78457393,6.1,핫플레이스
MA0101202310A0026931,정성한우국밥,한식,선도동,129.1853484,35.84221756,2.0,로컬상권
MA0101202311A0072965,가보자소주방,한식,감포읍,129.5032929,35.8040719,4.5,로컬상권
MA0101202310A0076325,바보온달국,한식,성건동,129.2067435,35.84395286,3.3,로컬상권
MA0101202309A0063707,버거선장,기타 간이,황성동,129.2142267,35.86511579,3.2,로컬상권
MA0101202310A0091473,나밍11.11,비알코올 ,황오동,129.2020857,35.84079458,11.3,핫플레이스
MA0101202310A0077189,라라디저트,기타 간이,선도동,129.1917226,35.84181308,2.0,로컬상권
MA0101202310A0010369,명월식당,한식,산내면,129.0461074,35.75806725,1.0,로컬상권
MA0101202310A0017266,가온국수,한식,황오동,129.2120688,35.84602642,11.3,핫플레이스
MA0101202310A0034236,동양맥주경주,주점,황성동,129.2111575,35.86899277,3.2,로컬상권
MA0101202309A0057154,엄마맘식당,한식,외동읍,129.3255613,35.71522446,5.0,핫플레이스
MA0101202310A0088542,포석로소갈비찜,한식,황남동,129.2118425,35.83588483,10.7,핫플레이스
MA0101202309A0005872,햇살머믄꼬마김밥,기타 간이,용강동,129.2256481,35.88362822,1.6,로컬상권
MA0101202310A0091266,참뼈,한식,현곡면,129.2023133,35.86662337,1.2,로컬상권
MA0101202406A0458351,중국성,중식,양남면,129.4735937,35.69654866,4.6,로컬상권
MA0101202406A0220790,울산식당,한식,외동읍,129.3261834,35.71496014,5.0,핫플레이스
MA0101202406A0161444,화산순두부,한식,천북면,129.2896021,35.92328692,3.4,로컬상권
MA0101202311A0013644,파닭에파뭍혀,기타 간이,용강동,129.2229783,35.86258437,1.6,로컬상권
MA0101202406A0206246,가고파7080노래클럽,주점,강동면,129.2741373,35.98779656,1.8,로컬상권
MA0101202406A0090403,국수마을,한식,서면,129.0520616,35.89194686,0.9,로컬상권
MA0101202406A0288806,현곡식육식당,한식,현곡면,129.2024008,35.86778411,1.2,로컬상권
MA0101202311A0101333,바코드,동남아시아,성건동,129.2062437,35.85546839,3.3,로컬상권
MA0101202406A0432768,감포제빵소,기타 간이,감포읍,129.5023591,35.8056861,4.5,로컬상권
MA0101202406A0436019,한빛경주급식센터,구내식당·뷔페,현곡면,129.2263757,35.89656261,1.2,로컬상권
MA0101202406A0104981,카페7-1,비알코올 ,성건동,129.2077857,35.85519677,3.3,로컬상권
MA0101202406A0127394,하삼동커피경주협성휴포레점,비알코올 ,용강동,129.2262848,35.88303975,1.6,로컬상권
MA0101202406A0353039,알레누스카,한식,성건동,129.2050645,35.85325545,3.3,로컬상권
MA0101202311A0085615,반넉,동남아시아,성건동,129.2047824,35.85345886,3.3,로컬상권
MA0101202406A0293763,동해솥뚜껑삼겹살,한식,성건동,129.2076482,35.8550281,3.3,로컬상권
MA0101202311A0057241,공영푸드,기타 간이,성건동,129.2099154,35.8525716,3.3,로컬상권
MA0101202406A0350912,감포회센터,한식,감포읍,129.5032163,35.80445191,4.5,로컬상권
MA0101202406A0417887,기와집수제비,한식,불국동,129.3062651,35.80843876,6.1,핫플레이스
MA0101202311A0085926,인화식당,한식,감포읍,129.5024053,35.80609959,4.5,로컬상권
MA0101202406A0316714,오스테리아피아띠,서양식,황남동,129.2120854,35.83506941,10.7,핫플레이스
MA0101202406A0332010,참치향,일식,황남동,129.2087821,35.83645473,10.7,핫플레이스
MA0101202406A0350992,스시이지언,일식,용강동,129.2315441,35.88501449,1.6,로컬상권
MA0101202406A0485666,한성미인,한식,황오동,129.2102209,35.8472318,11.3,핫플레이스
MA0101202406A0061589,원더풀꽈배기,기타 간이,황성동,129.218118,35.86175518,3.2,로컬상권
MA0101202406A0358274,오시라,비알코올 ,건천읍,129.1484544,35.80821038,7.6,핫플레이스
MA0101202406A0061175,카페정키,비알코올 ,황성동,129.2158966,35.86823863,3.2,로컬상권
MA0101202406A0124683,송선흑염소식당,한식,동천동,129.2258775,35.85503401,2.1,로컬상권
MA0101202406A0565102,불국사유스댁,한식,불국동,129.3276578,35.78494192,6.1,핫플레이스
MA0101202406A0222926,가마솥족발,한식,황오동,129.2099106,35.84322786,11.3,핫플레이스
MA0101202406A0075573,투다리,주점,현곡면,129.1747911,35.89040803,1.2,로컬상권
MA0101202406A0509880,야끼심,한식,황남동,129.2106842,35.83601427,10.7,핫플레이스
MA0101202406A0310463,놋전집,한식,황남동,129.2137484,35.83239871,10.7,핫플레이스
MA0101202406A0434176,불로장생오리,한식,황남동,129.2075975,35.836035,10.7,핫플레이스
MA0101202406A0189817,투다리보우,주점,동천동,129.2264509,35.85218511,2.1,로컬상권
MA0101202406A0388353,백리향반점,중식,건천읍,129.1001857,35.85205361,7.6,핫플레이스
MA0101202406A0591069,요유베이커리황리단길점,비알코올 ,황남동,129.2095579,35.83410676,10.7,핫플레이스
MA0101202406A0141865,딤타오경주점,중식,황남동,129.2087222,35.83669011,10.7,핫플레이스
MA0101202311A0061288,목우촌,한식,감포읍,129.4983124,35.80678843,4.5,로컬상권
MA0101202311A0003376,낭만창고,한식,황오동,129.2100133,35.84573088,11.3,핫플레이스
MA0101202311A0032321,늘곰탕,한식,황남동,129.2098589,35.8290013,10.7,핫플레이스
MA0101202311A0021480,김해식당,한식,외동읍,129.3261834,35.71496014,5.0,핫플레이스
MA0101202406A0443156,경주,기타 간이,현곡면,129.203932,35.86751273,1.2,로컬상권
MA0101202311A0033637,광장까페,한식,황오동,129.2174799,35.84361997,11.3,핫플레이스
MA0101202406A0481828,인아다방,비알코올 ,안강읍,129.2249186,35.9915491,3.2,로컬상권
MA0101202406A0278596,경주계림밀면,한식,황성동,129.2149418,35.86495844,3.2,로컬상권
MA0101202311A0020862,정재원피자,기타 간이,안강읍,129.1976809,36.00206181,3.2,로컬상권
MA0101202406A0268025,좋은생각숯불에,한식,외동읍,129.3237894,35.71432162,5.0,핫플레이스
MA0101202311A0092940,명인만두,기타 간이,황성동,129.2132849,35.86588102,3.2,로컬상권
MA0101202311A0080580,입실만물상회,기타 간이,외동읍,129.3255887,35.7150257,5.0,핫플레이스
MA0101202311A0080630,인생국밥,한식,안강읍,129.1928362,36.00089809,3.2,로컬상권
MA0101202406A0121044,제이에스푸드,한식,성건동,129.2075834,35.8534885,3.3,로컬상권
MA0101202311A0092235,월지빵,기타 간이,월성동,129.2231159,35.84056037,7.1,핫플레이스
MA0101202311A0066555,경주뼈숯불구이,한식,황남동,129.2108253,35.8355161,10.7,핫플레이스
MA0101202311A0038782,건아추어탕,한식,황오동,129.216513,35.84506147,11.3,핫플레이스
MA0101202311A0007532,마조르,서양식,황남동,129.2073349,35.83694087,10.7,핫플레이스
MA0101202311A0001122,김치찜이최고야,한식,성건동,129.2102025,35.85294476,3.3,로컬상권
MA0101202406A0412192,신꼬막짬뽕,중식,동천동,129.2250556,35.85294982,2.1,로컬상권
MA0101202311A0043251,잇츠런,기타 간이,황성동,129.2155589,35.86446049,3.2,로컬상권
MA0101202406A0433017,감성커피경주금장점,비알코올 ,현곡면,129.2029179,35.87046874,1.2,로컬상권
MA0101202311A0082333,리얼펍경주,한식,성건동,129.202774,35.84367432,3.3,로컬상권
MA0101202311A0073161,달콩스,비알코올 ,불국동,129.3178459,35.78787068,6.1,핫플레이스
MA0101202311A0031488,메가엠지씨커피경주,비알코올 ,황오동,129.2039416,35.83867912,11.3,핫플레이스
MA0101202311A0075203,소나무,한식,황남동,129.2098811,35.83458738,10.7,핫플레이스
MA0101202311A0065809,서면노래하는실내포차,주점,서면,129.0507316,35.89276253,0.9,로컬상권
MA0101202406A0086722,코지cozzy,기타 간이,용강동,129.2266769,35.88241076,1.6,로컬상권
MA0101202406A0507995,시래쿡,한식,불국동,129.3117428,35.77149932,6.1,핫플레이스
MA0101202406A0149984,이종섭의한우농장,한식,내남면,129.1598355,35.74604025,4.1,로컬상권
MA0106202401A0008787,한국맥도날드경주점,서양식,황오동,129.2115127,35.8431353,11.3,핫플레이스
MA0106202403A0808291,이윤,비알코올 ,월성동,129.2191555,35.83584005,7.1,핫플레이스
MA0101202406A0176936,금빵거래소&행운상점,기타 간이,황남동,129.2097566,35.83648186,10.7,핫플레이스
MA0101202406A0184994,돼지먹는날,한식,황오동,129.2099259,35.8481653,11.3,핫플레이스
MA0106202404A0587595,폴바셋경주교동DT점,중식,월성동,129.213793,35.83201044,7.1,핫플레이스
MA0101202311A0042542,감포횟집,한식,감포읍,129.4843718,35.74449424,4.5,로컬상권
MA0101202406A0027188,33떡볶이&꼬마김밥경주,기타 간이,외동읍,129.3359782,35.67125014,5.0,핫플레이스
MA0101202406A0430195,창신식당,한식,동천동,129.2283466,35.85071729,2.1,로컬상권
MA0101202406A0337031,월드할랄푸드마트,동남아시아,외동읍,129.3246907,35.71416004,5.0,핫플레이스
MA0101202311A0037318,킹오브더킹1,기타 간이,보덕동,129.279148,35.83609533,12.9,핫플레이스
MA0101202406A0027533,전복품은메기,한식,천북면,129.2892883,35.92277932,3.4,로컬상권
MA0101202311A0034664,벅스노래궁,주점,동천동,129.2240402,35.85622138,2.1,로컬상권
MA0101202406A0221751,다과와,기타 간이,황남동,129.2090568,35.83917985,10.7,핫플레이스
MA0101202406A0503683,돈이돈이석쇠한판,한식,안강읍,129.2135533,35.99032681,3.2,로컬상권
MA0101202406A0259375,설빙경주,기타 간이,안강읍,129.1929476,36.00412173,3.2,로컬상권
MA0101202406A0247918,혜성연탄석쇠구이,한식,안강읍,129.2184469,35.99284935,3.2,로컬상권
MA0101202406A0233888,시아북카페경주용황점,비알코올 ,용강동,129.2278057,35.88278628,1.6,로컬상권
MA0101202406A0064582,중화루,중식,서면,129.0484856,35.89412544,0.9,로컬상권
MA0101202406A0091184,상하이,기타 간이,용강동,129.2261291,35.88498888,1.6,로컬상권
MA0101202406A0168675,신라명가,기타 간이,황남동,129.212677,35.82091209,10.7,핫플레이스
MA0101202311A0090703,야무,일식,황남동,129.2089869,35.83545982,10.7,핫플레이스
MA0101202406A0080586,한잔하자,한식,양남면,129.4702732,35.70133818,4.6,로컬상권
MA0101202406A0449980,가인,주점,동천동,129.2237078,35.8554166,2.1,로컬상권
MA0101202406A0437786,한성미인PUB,비알코올 ,황남동,129.2117104,35.83631075,10.7,핫플레이스
MA0101202406A0379302,이디야경주,비알코올 ,성건동,129.2068172,35.84261796,3.3,로컬상권
MA0101202406A0265189,안강갈비탕,한식,황성동,129.2131788,35.87320844,3.2,로컬상권
MA0101202406A0482548,우리분식,기타 간이,황오동,129.2158584,35.84500146,11.3,핫플레이스
MA0101202406A0585840,퀴즈노스경주더테라스,기타 간이,황성동,129.2243891,35.87938965,3.2,로컬상권
MA0101202311A0026671,경주김영국제빵소,비알코올 ,불국동,129.3102312,35.80368623,6.1,핫플레이스
MA0101202311A0029472,아이엔지,주점,용강동,129.2306378,35.87599394,1.6,로컬상권
MA0101202310A0093583,쎈놈,한식,황성동,129.218387,35.86783223,3.2,로컬상권
MA0101202310A0026725,에비앙노래클럽,주점,동천동,129.2239582,35.8552678,2.1,로컬상권
MA0101202310A0008411,버텍스경주점,일식,동천동,129.2264818,35.85289635,2.1,로컬상권
MA0101202311A0031742,새우치킨덤외동입실점,기타 간이,외동읍,129.3310698,35.71506377,5.0,핫플레이스
MA0101202311A0051000,꽉포차,한식,성건동,129.1915818,35.86081874,3.3,로컬상권
MA0101202310A0044636,경도미야꼬우동,일식,용강동,129.2244323,35.88330836,1.6,로컬상권
MA0101202311A0027699,더벤티,비알코올 ,황성동,129.2149797,35.86592185,3.2,로컬상권
MA0101202406A0192502,참다방,비알코올 ,안강읍,129.223677,35.98918442,3.2,로컬상권
MA0101202311A0072194,이백칼국수,한식,현곡면,129.205533,35.87135782,1.2,로컬상권
MA0101202310A0011218,디바인,주점,성건동,129.2066124,35.8551913,3.3,로컬상권
MA0101202310A0069539,형제반점,중식,감포읍,129.5017172,35.80250095,4.5,로컬상권
MA0101202310A0071337,주주김밥,기타 간이,불국동,129.3261874,35.78457393,6.1,핫플레이스
MA0101202406A0289417,고냅브로시스,비알코올 ,황오동,129.2207981,35.84593742,11.3,핫플레이스
MA0101202311A0072774,하삼동커피경주,비알코올 ,황오동,129.2072504,35.84506986,11.3,핫플레이스
MA0101202406A0387370,황오부엌,서양식,황오동,129.2178581,35.84130632,11.3,핫플레이스
MA0101202406A0516204,경주착한보쌈,한식,황오동,129.2031324,35.83982929,11.3,핫플레이스
MA0101202406A0413653,라멘집,일식,황오동,129.2143729,35.84729949,11.3,핫플레이스
MA0101202310A0022698,왔다생선구이,한식,황성동,129.2118935,35.86878999,3.2,로컬상권
MA0101202311A0073649,일품양평해장국,한식,월성동,129.2325849,35.84161917,7.1,핫플레이스
MA0101202311A0085635,주돈,한식,황오동,129.2102003,35.84250169,11.3,핫플레이스
MA0101202311A0035382,날마다푸드,기타 간이,동천동,129.225336,35.84912421,2.1,로컬상권
MA0101202311A0072135,복운식당,구내식당·뷔페,외동읍,129.3069404,35.66485419,5.0,핫플레이스
MA0101202310A0002230,경주아화전통국수,한식,동천동,129.2243256,35.84900777,2.1,로컬상권
MA0101202310A0039184,쉐르빌,기타 간이,천북면,129.2921757,35.9157413,3.4,로컬상권
MA0101202406A0036548,황해도순대,한식,동천동,129.2239182,35.85383588,2.1,로컬상권
MA0101202406A0073676,고향마을,한식,양남면,129.4509393,35.66226014,4.6,로컬상권
MA0101202406A0232718,대왕삼계탕,한식,외동읍,129.3235132,35.71546227,5.0,핫플레이스
MA0101202406A0162363,299카페,비알코올 ,감포읍,129.4938101,35.77458136,4.5,로컬상권
MA0101202406A0487272,국밥제작소,한식,용강동,129.2250348,35.88228803,1.6,로컬상권
MA0101202406A0142830,초이초이브런치카페,비알코올 ,감포읍,129.5027112,35.80175045,4.5,로컬상권
MA0101202406A0114871,진한돼지국밥,한식,강동면,129.2857687,36.0062894,1.8,로컬상권
MA0101202406A0473594,국밥집,한식,안강읍,129.2269428,35.99059248,3.2,로컬상권
MA0101202310A0059991,성이김밥,기타 간이,용강동,129.2296993,35.87884964,1.6,로컬상권
MA0101202308A0004737,피포,비알코올 ,황남동,129.2103092,35.83566075,10.7,핫플레이스
MA0101202308A0050880,안강회타운,한식,안강읍,129.2250814,35.99063604,3.2,로컬상권
MA0101202309A0054792,비에이치씨산내점,기타 간이,산내면,129.0468022,35.75843388,1.0,로컬상권
MA0101202308A0026645,금수저삼겹679,한식,용강동,129.2280373,35.88235849,1.6,로컬상권
MA0101202308A0016192,비스트로사계,서양식,황오동,129.2082738,35.84765506,11.3,핫플레이스
MA0101202308A0048145,동해해물아구찜경주점,한식,황성동,129.2156553,35.8631522,3.2,로컬상권
MA0101202309A0061215,꾸브라꼬숯불두마리치킨,기타 간이,성건동,129.2056348,35.85426316,3.3,로컬상권
MA0101202308A0039092,황남탕후루,기타 간이,황남동,129.2097702,35.83657172,10.7,핫플레이스
MA0101202309A0027866,달이머무는집,한식,건천읍,129.1216657,35.81746274,7.6,핫플레이스
MA0101202308A0102523,새알심,한식,성건동,129.2067435,35.84395286,3.3,로컬상권
MA0101202308A0049695,동대쇠전뭉티기,한식,성건동,129.2070132,35.85487758,3.3,로컬상권
MA0101202307A0073008,앙코르스타77,동남아시아,외동읍,129.3296428,35.6808429,5.0,핫플레이스
MA0101202307A0039212,나정에가면,기타 간이,감포읍,129.4944416,35.77462231,4.5,로컬상권
MA0101202309A0048455,보문닭강정,기타 간이,보덕동,129.2836319,35.84312832,12.9,핫플레이스
MA0101202308A0019837,막창에소주한잔,한식,동천동,129.2264697,35.85206762,2.1,로컬상권
MA0101202309A0005541,커플릭스경주점,동남아시아,황성동,129.2202884,35.86535527,3.2,로컬상권
MA0101202308A0057818,푸줏간,한식,황성동,129.2196617,35.86709686,3.2,로컬상권
MA0101202309A0073628,땅스부대찌개경주,한식,황성동,129.2118917,35.86673565,3.2,로컬상권
MA0101202309A0070462,정자횟집2,한식,황성동,129.2211169,35.88313547,3.2,로컬상권
MA0101202307A0074799,단골집함바식당,한식,안강읍,129.2151065,35.99313636,3.2,로컬상권
MA0101202308A0029018,카페오도르,비알코올 ,성건동,129.1921894,35.86197901,3.3,로컬상권
MA0101202308A0076718,경주밀면,한식,안강읍,129.2211423,35.99131276,3.2,로컬상권
MA0101202309A0030012,명품제주통갈치,한식,월성동,129.2547344,35.8430075,7.1,핫플레이스
MA0101202406A0218985,용장골순두부,한식,내남면,129.2050563,35.77457595,4.1,로컬상권
MA0101202406A0388845,리리관,중식,황오동,129.2174813,35.8416827,11.3,핫플레이스
MA0101202406A0474925,가락,한식,월성동,129.2276539,35.82358174,7.1,핫플레이스
MA0101202406A0516573,아라카페,비알코올 ,감포읍,129.4934643,35.77802132,4.5,로컬상권
MA0101202406A0154128,보리수나무,한식,문무대왕면,129.4133438,35.80643486,2.4,로컬상권
MA0101202406A0246875,청춘소주방,주점,감포읍,129.5017088,35.80434816,4.5,로컬상권
MA0101202406A0077180,새마을포차,한식,안강읍,129.1953025,36.00226757,3.2,로컬상권
MA0101202406A0186791,경주쉼;카페,비알코올 ,황남동,129.2095977,35.83514223,10.7,핫플레이스
MA0101202406A0434158,덕클황리단길점,중식,황남동,129.2085349,35.83672058,10.7,핫플레이스
MA0101202406A0216888,제일떡방앗간,기타 간이,황오동,129.2118299,35.84698593,11.3,핫플레이스
MA0101202406A0229049,새미담,비알코올 ,강동면,129.2493036,36.05489499,1.8,로컬상권
MA0101202406A0062602,대패92매운수제비,한식,선도동,129.1778649,35.84333562,2.0,로컬상권
MA0101202406A0022992,정성한끼,한식,동천동,129.2260111,35.85624794,2.1,로컬상권
MA0101202406A0010182,신호등퓨전포차,한식,현곡면,129.1750717,35.88973618,1.2,로컬상권
MA0101202406A0155290,시골밥상,한식,황남동,129.2103092,35.83566075,10.7,핫플레이스
MA0101202406A0239518,카페감산,비알코올 ,산내면,129.0567615,35.7922888,1.0,로컬상권
MA0101202406A0368920,한입앙꼬,비알코올 ,황남동,129.2112667,35.83507547,10.7,핫플레이스
MA0101202406A0193960,옛마당,한식,건천읍,129.1040524,35.84927373,7.6,핫플레이스
MA0101202406A0383259,시골다방,비알코올 ,감포읍,129.503048,35.80402294,4.5,로컬상권
MA0101202406A0579525,연담푸드,한식,외동읍,129.3122538,35.67986277,5.0,핫플레이스
MA0101202406A0229194,카페힐,비알코올 ,용강동,129.2352601,35.87107842,1.6,로컬상권
MA0101202406A0383277,오븐에꾸운닭충효점,기타 간이,선도동,129.1787398,35.84457222,2.0,로컬상권
MA0101202406A0358310,석원갈비냉면,한식,동천동,129.2266966,35.85424393,2.1,로컬상권
MA0101202406A0091587,비비큐치킨,기타 간이,동천동,129.2264492,35.85291498,2.1,로컬상권
MA0101202406A0321569,두꺼비노래궁,주점,동천동,129.2231708,35.85600321,2.1,로컬상권
MA0101202406A0283161,유노이아,비알코올 ,문무대왕면,129.4820234,35.74111893,2.4,로컬상권
MA0101202406A0409728,복만거마라탕&양꼬치,한식,성건동,129.2064909,35.85520254,3.3,로컬상권
MA0101202406A0006912,경주달밤,한식,선도동,129.1831217,35.84374478,2.0,로컬상권
MA0101202406A0474532,요거프레소경주미소지움시티점,비알코올 ,외동읍,129.3226923,35.71116215,5.0,핫플레이스
MA0101202406A0010656,경주중앙야시장돼지갈비후라이드,기타 간이,성건동,129.2067435,35.84395286,3.3,로컬상권
MA0101202406A0000574,옛날김밥;국수,기타 간이,천북면,129.2687304,35.89608494,3.4,로컬상권
MA0101202406A0045445,본도시락경주,한식,황오동,129.2147462,35.84241796,11.3,핫플레이스
MA0101202406A0375930,우마왕한우샌드보문점,비알코올 ,월성동,129.2542426,35.84283652,7.1,핫플레이스
MA0101202406A0337841,쭈꾸미도사경주,한식,성건동,129.2059012,35.85469077,3.3,로컬상권
MA0101202406A0510799,김복희대구왕뽈찜경주,한식,외동읍,129.3187257,35.70047123,5.0,핫플레이스
MA0101202406A0187089,아기고래,한식,감포읍,129.4937142,35.77681782,4.5,로컬상권
MA0101202406A0293378,울산암소숯불,한식,외동읍,129.340236,35.68697165,5.0,핫플레이스
MA0101202406A0342653,고망고경주황리단길점,비알코올 ,황남동,129.2103956,35.83638,10.7,핫플레이스
MA0101202406A0156764,명가고디탕,한식,안강읍,129.2282892,35.9891889,3.2,로컬상권
MA0101202406A0274425,정상에서,비알코올 ,황오동,129.2196233,35.84150798,11.3,핫플레이스
MA0101202406A0430848,금강채,기타 간이,황남동,129.2198012,35.81413996,10.7,핫플레이스
MA0101202406A0350204,월계관,한식,황남동,129.209444,35.83718142,10.7,핫플레이스
MA0101202406A0049941,비에이치씨치킨(충효점),기타 간이,선도동,129.1813215,35.84468755,2.0,로컬상권
MA0101202406A0385886,카페구황동,비알코올 ,월성동,129.2294461,35.84294794,7.1,핫플레이스
MA0101202406A0264843,뚜레쥬르경주충효서라벌,기타 간이,선도동,129.1845576,35.84324112,2.0,로컬상권
MA0101202406A0345759,헤즈업,한식,동천동,129.2228485,35.85674803,2.1,로컬상권
MA0101202406A0484775,낙낙,한식,황성동,129.2155762,35.86508189,3.2,로컬상권
MA0101202406A0365274,거,한식,안강읍,129.1958041,36.00315941,3.2,로컬상권
MA0101202406A0308014,다퍼주는집,한식,성건동,129.2075938,35.85027158,3.3,로컬상권
MA0101202406A0489957,투썸플레이스경주보문월드점,비알코올 ,보덕동,129.2848302,35.83629373,12.9,핫플레이스
MA0101202406A0337297,봉명동내커피,비알코올 ,동천동,129.2212042,35.85652616,2.1,로컬상권
MA0101202406A0198684,커피다루다,비알코올 ,감포읍,129.493101,35.76143251,4.5,로컬상권
MA0101202406A0251482,녹색공간,비알코올 ,동천동,129.2280211,35.84738948,2.1,로컬상권
MA0101202406A0487259,한식먹을고양,한식,황성동,129.2198817,35.86704774,3.2,로컬상권
MA0101202406A0449826,베르꾸뻬,비알코올 ,황남동,129.2112667,35.83507547,10.7,핫플레이스
MA0101202406A0314553,부산칼국수,한식,외동읍,129.3261834,35.71496014,5.0,핫플레이스
MA0101202406A0519683,동천양꼬치,중식,동천동,129.2244914,35.85296027,2.1,로컬상권
MA0101202406A0477323,씨스타,주점,양남면,129.4712807,35.7010562,4.6,로컬상권
MA0101202406A0145688,순정가든,한식,문무대왕면,129.4090978,35.82038659,2.4,로컬상권
MA0101202406A0329884,아라치경주,기타 간이,성건동,129.2045214,35.85602262,3.3,로컬상권
MA0101202406A0002975,옐로우팜,비알코올 ,용강동,129.2320984,35.88504023,1.6,로컬상권
MA0101202406A0206732,5센소커피,비알코올 ,용강동,129.2248649,35.87344299,1.6,로컬상권
MA0101202406A0273021,착한삼겹살,한식,황오동,129.220439,35.84179025,11.3,핫플레이스
MA0101202406A0307631,라베P.V,한식,감포읍,129.5179026,35.83975193,4.5,로컬상권
MA0101202406A0248650,에이틀리에화실경주보문점,비알코올 ,불국동,129.3064431,35.81000314,6.1,핫플레이스
MA0101202406A0353809,대한제국경주입실,한식,외동읍,129.3250419,35.70837759,5.0,핫플레이스
MA0101202406A0109134,호타,한식,황오동,129.2118061,35.84254422,11.3,핫플레이스
MA0101202406A0380582,민들레국수,한식,문무대왕면,129.439754,35.79368387,2.4,로컬상권
MA0101202406A0020303,본죽&비빔밥,한식,성건동,129.1928796,35.85850639,3.3,로컬상권
MA0101202406A0082902,경담숯불닭갈비&찰보리막국수,한식,불국동,129.3268991,35.78622706,6.1,핫플레이스
MA0101202406A0214599,아화식육식당,한식,서면,129.0493254,35.89362453,0.9,로컬상권
MA0101202406A0090481,미르네,한식,황남동,129.2109973,35.8237723,10.7,핫플레이스
MA0101202406A0510514,미소맛족발보쌈,한식,안강읍,129.1964097,36.00300415,3.2,로컬상권
MA0101202406A0325085,차차차단란주점,주점,문무대왕면,129.4408158,35.79115752,2.4,로컬상권
MA0101202406A0068071,봉자막창경주용황점,한식,용강동,129.2253731,35.88290348,1.6,로컬상권
MA0101202406A0183610,명랑핫도그경주,기타 간이,안강읍,129.2231699,35.99086972,3.2,로컬상권
MA0101202406A0329132,교리숯불갈비,한식,황남동,129.2096898,35.83447376,10.7,핫플레이스
MA0101202406A0412367,거북이카츠경주,한식,동천동,129.2197666,35.85657076,2.1,로컬상권
MA0101202406A0087967,감포1호초장집,한식,감포읍,129.5049922,35.80922618,4.5,로컬상권
MA0101202406A0227735,능:能,한식,황오동,129.211407,35.84211907,11.3,핫플레이스
MA0101202406A0079178,아지트,주점,동천동,129.2239615,35.85578133,2.1,로컬상권
MA0101202406A0340799,다향,비알코올 ,성건동,129.2025452,35.84500305,3.3,로컬상권
MA0101202406A0308422,칼국,한식,황오동,129.2247391,35.8451887,11.3,핫플레이스
MA0101202406A0412474,경주천년한우보문명품관점,비알코올 ,보덕동,129.2859735,35.83680359,12.9,핫플레이스
MA0101202406A0060481,보문한식뷔페,구내식당·뷔페,보덕동,129.2851026,35.83460362,12.9,핫플레이스
MA0101202406A0173096,산대림,한식,안강읍,129.1929476,36.00412173,3.2,로컬상권
MA0101202406A0139094,7080마카오,주점,동천동,129.2236998,35.8543355,2.1,로컬상권
MA0101202406A0037777,차차차노래궁,주점,문무대왕면,129.4408158,35.79115752,2.4,로컬상권
MA0101202406A0337598,호식이두마리치킨산대점,기타 간이,안강읍,129.1967871,36.00342072,3.2,로컬상권
MA0101202406A0306052,진빼이갈비,한식,안강읍,129.1934979,36.00157076,3.2,로컬상권
MA0101202406A0298417,고향식당,한식,건천읍,129.1055491,35.84895015,7.6,핫플레이스
MA0101202406A0485408,기버스테이션,기타 간이,황오동,129.2167824,35.84996718,11.3,핫플레이스
MA0101202406A0287733,멘야하나비황리단길점,일식,황남동,129.2090994,35.83712468,10.7,핫플레이스
MA0101202406A0524216,더블라이프,한식,불국동,129.3261874,35.78457393,6.1,핫플레이스
MA0101202406A0519541,연희옥칠불암가는길,한식,월성동,129.2442668,35.79158287,7.1,핫플레이스
MA0101202406A0268845,경주우두갈비,한식,황남동,129.2079348,35.83902027,10.7,핫플레이스
MA0101202406A0082566,한끼두끼,한식,안강읍,129.2230219,35.99112475,3.2,로컬상권
MA0101202406A0375716,황남역,서양식,황남동,129.2095596,35.83895435,10.7,핫플레이스
MA0101202406A0214369,더바우,한식,안강읍,129.195633,36.00138752,3.2,로컬상권
MA0101202406A0060902,모쏘베이커리카페,한식,황성동,129.2164995,35.87001157,3.2,로컬상권
MA0101202406A0538656,오마르알리,동남아시아,성건동,129.2079123,35.85297787,3.3,로컬상권
MA0101202406A0112441,십이스토리국수집,한식,용강동,129.2250249,35.88035098,1.6,로컬상권
MA0101202406A0481301,공주네뒷고기,한식,황오동,129.2024494,35.84113932,11.3,핫플레이스
MA0101202406A0262261,단향회,한식,황남동,129.2112581,35.8355622,10.7,핫플레이스
MA0101202406A0130018,리초야크리머리,한식,황남동,129.2095435,35.83757605,10.7,핫플레이스
MA0101202406A0179292,수야성,한식,안강읍,129.2249324,35.98927826,3.2,로컬상권
MA0101202406A0144922,육학당,한식,황오동,129.2199088,35.84182708,11.3,핫플레이스
MA0101202406A0276272,구구족배달경주용황점,한식,황성동,129.2236926,35.88259222,3.2,로컬상권
MA0101202406A0424596,화랑마을cafe,비알코올 ,성건동,129.1784632,35.86075108,3.3,로컬상권
MA0101202406A0512897,능,한식,황오동,129.211407,35.84211907,11.3,핫플레이스
MA0101202406A0207262,장미그리다,비알코올 ,황남동,129.2094064,35.83662346,10.7,핫플레이스
MA0101202406A0323721,복이식당,한식,감포읍,129.4909107,35.78937275,4.5,로컬상권
MA0101202406A0171736,느린353,비알코올 ,안강읍,129.1574337,36.02136306,3.2,로컬상권
MA0101202406A0465778,여우다방,비알코올 ,건천읍,129.1046714,35.85049734,7.6,핫플레이스
MA0101202406A0503931,더블유스카이펍,한식,현곡면,129.1743166,35.89006522,1.2,로컬상권
MA0101202406A0049569,일품솥밥,한식,감포읍,129.4883573,35.74897088,4.5,로컬상권
MA0101202406A0106484,은진백반,한식,외동읍,129.2886292,35.65039047,5.0,핫플레이스
MA0101202406A0217678,진솔한식뷔페,구내식당·뷔페,안강읍,129.163052,35.98018369,3.2,로컬상권
MA0101202406A0326365,로데오바베큐,한식,외동읍,129.3094445,35.76313684,5.0,핫플레이스
MA0101202406A0222768,연화춘,중식,황성동,129.2209922,35.88342611,3.2,로컬상권
MA0101202406A0161957,경주이가국밥,한식,동천동,129.2255866,35.85967075,2.1,로컬상권
MA0101202406A0488989,아델,주점,동천동,129.2238099,35.85629773,2.1,로컬상권
MA0101202406A0443978,봉황돼지집,한식,황오동,129.2106571,35.84221396,11.3,핫플레이스
MA0101202406A0206331,몰디브카페,한식,건천읍,129.1053091,35.85159447,7.6,핫플레이스
MA0101202406A0400970,경주샤이닝꽃길카페,비알코올 ,천북면,129.2779704,35.86803217,3.4,로컬상권
MA0101202406A0098182,고미사,비알코올 ,월성동,129.2311239,35.84121382,7.1,핫플레이스
MA0101202406A0487303,포롱아밀,한식,황남동,129.2108554,35.83580388,10.7,핫플레이스
MA0101202406A0527483,아하브커피,비알코올 ,성건동,129.2066707,35.84851349,3.3,로컬상권
MA0101202406A0243112,앵콜노래방,주점,양남면,129.4707411,35.70039152,4.6,로컬상권
MA0101202406A0149414,리치커피,비알코올 ,성건동,129.2067435,35.84395286,3.3,로컬상권
MA0101202406A0311512,비비큐경주건천점,기타 간이,건천읍,129.1052013,35.84710005,7.6,핫플레이스
MA0101202406A0230802,올소베이크샵,기타 간이,성건동,129.2014106,35.8423928,3.3,로컬상권
MA0101202406A0294614,쪽갈바집,한식,건천읍,129.1012388,35.84834082,7.6,핫플레이스
MA0101202406A0493114,팝핑빈,비알코올 ,황성동,129.2174579,35.86746195,3.2,로컬상권
MA0101202406A0090738,삼릉옛집,한식,동천동,129.225574,35.85803109,2.1,로컬상권
MA0101202406A0341213,오이소,한식,감포읍,129.5026529,35.80694137,4.5,로컬상권
MA0101202406A0098742,진달래산천,한식,안강읍,129.1599457,36.01505565,3.2,로컬상권
MA0101202406A0015255,복삼계탕,한식,감포읍,129.5020227,35.80589132,4.5,로컬상권
MA0101202406A0373947,천북그늘집,한식,천북면,129.2859534,35.91583296,3.4,로컬상권
MA0101202406A0131557,프롬경주,한식,황오동,129.2106483,35.84707977,11.3,핫플레이스
MA0101202406A0219447,손끝이야기,기타 간이,강동면,129.276831,35.99087196,1.8,로컬상권
MA0101202406A0150980,육삼구이,한식,동천동,129.2295222,35.85040714,2.1,로컬상권
MA0101202406A0091500,프레쉬모먼트,기타 간이,용강동,129.2269764,35.88203578,1.6,로컬상권
MA0101202406A0198856,크루그,비알코올 ,황오동,129.2099656,35.84481269,11.3,핫플레이스
MA0101202406A0184071,이강한우소머리촌,한식,동천동,129.2226971,35.85053365,2.1,로컬상권
MA0101202406A0326560,심야라멘트럭경주점,일식,황오동,129.2076876,35.84207936,11.3,핫플레이스
MA0101202406A0265636,경주아화전통국수,한식,황성동,129.2149418,35.86495844,3.2,로컬상권
MA0101202406A0279307,영주식당,한식,양남면,129.4709611,35.70072038,4.6,로컬상권
MA0101202406A0412672,대남통닭,기타 간이,현곡면,129.1733975,35.89006384,1.2,로컬상권
MA0101202406A0252182,날마다잔칫집,한식,현곡면,129.2018386,35.86747004,1.2,로컬상권
MA0101202406A0106583,뚜레쥬르경주,기타 간이,황오동,129.2114567,35.84430769,11.3,핫플레이스
MA0101202406A0239690,경주TMF한우식당,한식,용강동,129.2261976,35.86370509,1.6,로컬상권
MA0101202406A0359112,삼동소바아당지점,일식,선도동,129.1693702,35.84390383,2.0,로컬상권
MA0101202406A0180856,백식당,한식,안강읍,129.2272727,35.99049625,3.2,로컬상권
MA0101202406A0329538,블루샥,비알코올 ,현곡면,129.1756063,35.88944716,1.2,로컬상권
MA0101202406A0319279,제이에이치분식,기타 간이,황오동,129.2196233,35.84150798,11.3,핫플레이스
MA0101202406A0399352,소디스에스프레소바,비알코올 ,황성동,129.2160245,35.8648844,3.2,로컬상권
MA0101202406A0159171,보노,한식,보덕동,129.2814867,35.84550275,12.9,핫플레이스
MA0101202406A0168685,유성식당,한식,황오동,129.2159677,35.84495439,11.3,핫플레이스
MA0101202406A0439456,여우별맥주,주점,안강읍,129.1952384,36.00195338,3.2,로컬상권
MA0101202406A0032555,메고지고답례떡,기타 간이,동천동,129.224885,35.85674636,2.1,로컬상권
MA0101202406A0404135,코끼리밥집,한식,불국동,129.3264573,35.78207286,6.1,핫플레이스
MA0101202406A0163612,김밥맛집,기타 간이,황성동,129.2114185,35.86882577,3.2,로컬상권
MA0101202406A0315841,달성반점,중식,강동면,129.2430685,36.05804828,1.8,로컬상권
MA0101202406A0371065,덕수파스타경주점,서양식,용강동,129.2272895,35.88175065,1.6,로컬상권
MA0101202406A0487123,라화공방마라탕충효점,중식,선도동,129.1859189,35.84203598,2.0,로컬상권
MA0101202406A0358153,그린소주방,한식,서면,129.0492449,35.89265275,0.9,로컬상권
MA0101202406A0207655,황남상회,기타 간이,황남동,129.2154134,35.83457558,10.7,핫플레이스
MA0101202406A0461090,이춘봉,기타 간이,동천동,129.2267317,35.85272953,2.1,로컬상권
MA0101202406A0425422,패인터닷츠,서양식,불국동,129.3062074,35.772777,6.1,핫플레이스
MA0101202406A0421327,삼십오밀리미터,기타 간이,양남면,129.462777,35.68136327,4.6,로컬상권
MA0101202406A0486815,일등집,한식,동천동,129.2291235,35.84842324,2.1,로컬상권
MA0101202406A0067258,몽,한식,황성동,129.2193559,35.86764313,3.2,로컬상권
MA0101202406A0449197,비에이치씨치킨입실점,기타 간이,외동읍,129.3244723,35.71501124,5.0,핫플레이스
MA0101202406A0144385,여如,한식,황성동,129.219239,35.86742003,3.2,로컬상권
MA0101202406A0587253,향화정,한식,황남동,129.209191,35.83803305,10.7,핫플레이스
MA0101202406A0345217,카페101,비알코올 ,황오동,129.2122415,35.84268037,11.3,핫플레이스
MA0101202406A0481698,열사청,한식,황성동,129.218642,35.86784554,3.2,로컬상권
MA0101202406A0028780,초원다방,비알코올 ,감포읍,129.5023995,35.80732506,4.5,로컬상권
MA0101202406A0227277,건강분식,기타 간이,건천읍,129.1005413,35.8479115,7.6,핫플레이스
MA0101202406A0386871,텀즈,비알코올 ,양남면,129.434844,35.69684362,4.6,로컬상권
MA0101202406A0155672,은지초밥,일식,성건동,129.2067435,35.84395286,3.3,로컬상권
MA0101202406A0356422,그랑꼴,한식,감포읍,129.50161,35.80648556,4.5,로컬상권
MA0101202406A0422888,금장식육식당구황점,한식,월성동,129.2309561,35.84273068,7.1,핫플레이스
MA0101202406A0229034,은이국밥경주점,한식,성건동,129.2078931,35.85228442,3.3,로컬상권
MA0101202406A0152343,신떡순신천할매떡볶이경주월드점,기타 간이,보덕동,129.279148,35.83609533,12.9,핫플레이스
MA0101202406A0171717,일품양평해장국감포점,한식,감포읍,129.5005797,35.80466899,4.5,로컬상권
MA0101202406A0517339,블루샥경주용황점,비알코올 ,용강동,129.2256481,35.88362822,1.6,로컬상권
MA0101202406A0318964,한다솥경주점,한식,황남동,129.2145154,35.83332166,10.7,핫플레이스
MA0101202406A0065208,장군암소숯불,한식,성건동,129.1964233,35.84974654,3.3,로컬상권
MA0101202406A0321419,오로라식당,동남아시아,성건동,129.2059282,35.85287016,3.3,로컬상권
MA0101202406A0199948,고래밥,한식,외동읍,129.2987339,35.704396,5.0,핫플레이스
MA0101202406A0290093,독도횟집,한식,감포읍,129.496202,35.79873239,4.5,로컬상권
MA0101202406A0440353,경이네,한식,안강읍,129.1963306,36.00295154,3.2,로컬상권
MA0101202406A0388753,통큰돈까스,서양식,불국동,129.3083061,35.76926773,6.1,핫플레이스
MA0101202406A0126179,경주의시간cafe&lounge,비알코올 ,황남동,129.2175595,35.8170647,10.7,핫플레이스
MA0101202406A0444021,양월감자옹심이,한식,안강읍,129.2192026,35.9917271,3.2,로컬상권
MA0101202406A0075508,베트남노래,주점,동천동,129.2235439,35.85628463,2.1,로컬상권
MA0101202406A0424521,신경주암소숯불셀프,한식,건천읍,129.1472461,35.81304364,7.6,핫플레이스
MA0101202406A0114088,스펑크커피,비알코올 ,황오동,129.229019,35.84310904,11.3,핫플레이스
MA0101202406A0386389,몽토함,한식,불국동,129.3274188,35.78622601,6.1,핫플레이스
MA0101202406A0099722,펖,한식,동천동,129.2231044,35.8564009,2.1,로컬상권
MA0101202406A0592483,평양갈비,한식,황오동,129.2127294,35.84271643,11.3,핫플레이스
MA0101202406A0397671,아마도,비알코올 ,황오동,129.212247,35.8428785,11.3,핫플레이스
MA0101202406A0578761,왕푸마라탕양꼬치,중식,안강읍,129.2201275,35.99268309,3.2,로컬상권
MA0101202406A0510284,양남돈까스,서양식,양남면,129.4600494,35.6666244,4.6,로컬상권
MA0101202406A0511518,맛나콩국카페,한식,성건동,129.2075834,35.8534885,3.3,로컬상권
MA0101202406A0163583,우리막창,한식,동천동,129.2255942,35.85954446,2.1,로컬상권
MA0101202406A0321289,대화숯불가든,한식,용강동,129.22709,35.88134889,1.6,로컬상권
MA0101202406A0177110,할매칼국수,한식,서면,129.0501658,35.89315064,0.9,로컬상권
MA0101202406A0283017,교촌삼백년집,한식,월성동,129.2157538,35.83050558,7.1,핫플레이스
MA0101202406A0503312,미료,한식,용강동,129.2260395,35.88179186,1.6,로컬상권
MA0101202406A0033264,자연산오리,한식,내남면,129.203572,35.73480346,4.1,로컬상권
MA0101202406A0268134,홍짬뽕,중식,문무대왕면,129.4423588,35.79207222,2.4,로컬상권
MA0101202406A0343951,도이창,비알코올 ,양남면,129.4735876,35.68562855,4.6,로컬상권
MA0101202406A0126351,찐하오마라탕,중식,선도동,129.1839885,35.84266578,2.0,로컬상권
MA0101202406A0220259,희노래궁,주점,외동읍,129.3250444,35.71302691,5.0,핫플레이스
MA0101202406A0287960,몽돌,한식,황남동,129.2104296,35.83600995,10.7,핫플레이스
MA0101202406A0082127,나쁜놈,한식,감포읍,129.5030506,35.80375259,4.5,로컬상권
MA0101202406A0180819,소문난골목집,한식,황남동,129.2106956,35.83562661,10.7,핫플레이스
MA0101202406A0413172,영심이막걸리,한식,황오동,129.2065873,35.84191036,11.3,핫플레이스
MA0101202406A0218207,하임스동천,비알코올 ,동천동,129.241087,35.84252406,2.1,로컬상권
MA0101202406A0351262,진동,한식,강동면,129.251019,36.06525141,1.8,로컬상권
MA0101202406A0477718,동산국밥,한식,천북면,129.2879921,35.93007527,3.4,로컬상권
MA0101202406A0286253,하동갯벌낙지,한식,불국동,129.3141647,35.7985918,6.1,핫플레이스
MA0101202406A0523584,카페리포소,비알코올 ,선도동,129.1869939,35.821941,2.0,로컬상권
MA0101202406A0046035,테스7080,주점,성건동,129.2064414,35.85541069,3.3,로컬상권
MA0101202406A0307129,고기꾼정사부,한식,성건동,129.2055851,35.85486777,3.3,로컬상권
MA0101202406A0339970,세심뜰,한식,안강읍,129.161369,36.01519219,3.2,로컬상권
MA0101202406A0022258,툐이크샵,비알코올 ,용강동,129.2270645,35.88280904,1.6,로컬상권
MA0101202406A0538213,동원홈푸드교원드림센터경주,구내식당·뷔페,보덕동,129.2734577,35.85189014,12.9,핫플레이스
MA0101202406A0424236,느루79,한식,불국동,129.3273835,35.78577617,6.1,핫플레이스
MA0101202406A0139517,드루와,한식,불국동,129.307538,35.7725262,6.1,핫플레이스
MA0101202406A0066343,경주옥수수떡볶이,기타 간이,황성동,129.219198,35.86634855,3.2,로컬상권
MA0101202406A0432025,부타도리,일식,불국동,129.3273835,35.78577617,6.1,핫플레이스
MA0101202406A0424912,뜨돈경주용황점,서양식,용강동,129.228896,35.88297328,1.6,로컬상권
MA0101202406A0452408,엄마의탑,한식,성건동,129.2063215,35.85507951,3.3,로컬상권
MA0101202311A0043351,정재원피자,기타 간이,불국동,129.3097546,35.77042026,6.1,핫플레이스
MA0101202406A0128452,야놀자,주점,동천동,129.2233621,35.85572034,2.1,로컬상권
MA0101202406A0102360,뜰안에,한식,현곡면,129.2015008,35.86686353,1.2,로컬상권
MA0101202406A0416493,진한밤,한식,황남동,129.2086364,35.83838565,10.7,핫플레이스
MA0101202406A0034943,신박어탕,한식,감포읍,129.5020638,35.80579136,4.5,로컬상권
MA0101202406A0024821,진송추어탕경주용황점,한식,용강동,129.2247386,35.88278008,1.6,로컬상권
MA0101202406A0114659,도문대작,한식,황남동,129.2151371,35.83498614,10.7,핫플레이스
MA0101202406A0559902,누솜한옥카페,비알코올 ,양남면,129.4545212,35.66601647,4.6,로컬상권
MA0101202406A0063232,바다양푼이동태탕,한식,안강읍,129.2132206,35.99151329,3.2,로컬상권
MA0101202406A0397071,만복,한식,선도동,129.1735128,35.84281976,2.0,로컬상권
MA0101202406A0202891,전주진국밥경주,한식,성건동,129.2067435,35.84395286,3.3,로컬상권
MA0101202406A0243630,닭만공격보문점,기타 간이,보덕동,129.2884474,35.84549647,12.9,핫플레이스
MA0101202406A0560234,산죽칼국수,한식,불국동,129.3095973,35.78370452,6.1,핫플레이스
MA0101202406A0361567,산내소머리곰탕,한식,황남동,129.1736275,35.81538961,10.7,핫플레이스
MA0101202406A0207660,청춘포차,한식,외동읍,129.335962,35.67675582,5.0,핫플레이스
MA0101202406A0093361,김복남맥주경주,주점,동천동,129.2233146,35.856397,2.1,로컬상권
MA0101202406A0080955,용산숯불,한식,내남면,129.2051951,35.75117297,4.1,로컬상권
MA0101202406A0159448,벤츠노래타운,주점,외동읍,129.3241679,35.71480087,5.0,핫플레이스
MA0101202406A0285219,제이엔제이드림컴퍼니,한식,안강읍,129.2229226,35.99035171,3.2,로컬상권
MA0101202406A0187741,투썸플레이스보문호수점,비알코올 ,보덕동,129.2757522,35.83420447,12.9,핫플레이스
MA0101202406A0522778,요거트아이스크림의정석경주점,기타 간이,황성동,129.2189877,35.86118948,3.2,로컬상권
MA0101202406A0260649,꽃다방,비알코올 ,서면,129.0490072,35.89288208,0.9,로컬상권
MA0101202311A0049063,먹닭치킨,기타 간이,황오동,129.204515,35.83980392,11.3,핫플레이스
MA0101202406A0474435,비에이치씨치킨경주,기타 간이,안강읍,129.1953025,36.00226757,3.2,로컬상권
MA0101202406A0049802,둥지,한식,황오동,129.2200684,35.84159887,11.3,핫플레이스
MA0101202406A0355012,윤칼국수,한식,감포읍,129.4949976,35.77401612,4.5,로컬상권
MA0101202406A0375551,점점,한식,황남동,129.2103092,35.83566075,10.7,핫플레이스
MA0101202406A0134552,봉길리카페,비알코올 ,문무대왕면,129.4822152,35.74088972,2.4,로컬상권
MA0101202406A0137367,한참,한식,황오동,129.2030168,35.8396512,11.3,핫플레이스
MA0101202409A0027157,그때그놈호프,주점,외동읍,129.3246863,35.71325008,5.0,핫플레이스
MA0101202406A0340347,봉쌀빵,기타 간이,외동읍,129.3318045,35.68188228,5.0,핫플레이스
MA0101202406A0118959,울엄마찜닭,한식,성건동,129.2047969,35.85278281,3.3,로컬상권
MA0101202406A0014161,대구한우뭉티기,한식,안강읍,129.2150501,35.9895333,3.2,로컬상권
MA0101202409A0247248,미촨랭,중식,황성동,129.2229152,35.88290396,3.2,로컬상권
MA0101202406A0078670,달달하리,기타 간이,황오동,129.2146864,35.84225687,11.3,핫플레이스
MA0101202406A0090886,델레테테,서양식,황남동,129.2122909,35.83569636,10.7,핫플레이스
MA0101202406A0345172,아빠의김치찌개,한식,성건동,129.2072561,35.85326025,3.3,로컬상권
MA0101202406A0123032,도로시커피,비알코올 ,성건동,129.2077198,35.85561246,3.3,로컬상권
MA0101202406A0235507,소담뜰,한식,감포읍,129.5025149,35.80747583,4.5,로컬상권
MA0101202409A0124032,미쁨한상,한식,동천동,129.2284074,35.84932856,2.1,로컬상권
MA0101202409A0150472,두끼경주점,기타 간이,황성동,129.2120213,35.86422837,3.2,로컬상권
MA0101202409A0167876,이승윤의알통떡강정,기타 간이,용강동,129.2261291,35.88498888,1.6,로컬상권
MA0101202406A0552257,설화벌삼겹,한식,동천동,129.2239615,35.85498841,2.1,로컬상권
MA0101202409A0099191,커피클래식,비알코올 ,안강읍,129.1962466,36.00232236,3.2,로컬상권
MA0101202409A0143641,만인의밥상,한식,외동읍,129.3256361,35.68129884,5.0,핫플레이스
MA0101202409A0155681,명륜진사갈비,한식,용강동,129.22438,35.88341745,1.6,로컬상권
MA0101202409A0233900,오리덕애경주점,한식,용강동,129.2250394,35.86266333,1.6,로컬상권
MA0101202409A0120596,착한한우황성,한식,황성동,129.2157301,35.86504301,3.2,로컬상권
MA0101202406A0410310,동주,기타 간이,황남동,129.2097566,35.83648186,10.7,핫플레이스
MA0101202409A0056321,주오일장,한식,불국동,129.3265973,35.7853589,6.1,핫플레이스
MA0101202409A0212560,청춘,기타 간이,황성동,129.2090769,35.86064236,3.2,로컬상권
MA0101202406A0479815,아차차,비알코올 ,황오동,129.2093293,35.84222037,11.3,핫플레이스
MA0101202406A0032308,돼지짱,한식,외동읍,129.3261834,35.71496014,5.0,핫플레이스
MA0101202409A0239308,요거트아이스크림의정석용황점,기타 간이,용강동,129.2253376,35.88203013,1.6,로컬상권
MA0101202406A0288524,티제이,비알코올 ,안강읍,129.2216202,35.98937571,3.2,로컬상권
MA0101202409A0039931,온화애제과,기타 간이,황성동,129.2144208,35.86532847,3.2,로컬상권
MA0101202409A0105272,경주쉼족욕카페황리단점,비알코올 ,황남동,129.2151186,35.83431971,10.7,핫플레이스
MA0101202409A0165661,뚜레쥬르,기타 간이,동천동,129.2239676,35.85679038,2.1,로컬상권
MA0101202409A0123842,옥이네장어구이,한식,감포읍,129.4998237,35.80101769,4.5,로컬상권
MA0101202409A0225501,보문,일식,황성동,129.2143751,35.86448233,3.2,로컬상권
MA0101202409A0064299,봉황82,기타 간이,황오동,129.2102099,35.84683554,11.3,핫플레이스
MA0101202409A0008494,삼일다방;포차,비알코올 ,불국동,129.3009586,35.77518423,6.1,핫플레이스
MA0101202406A0517112,태화분식,기타 간이,현곡면,129.2032137,35.87155358,1.2,로컬상권
MA0101202409A0110151,마루테라cafe,한식,산내면,129.0916278,35.73384693,1.0,로컬상권
MA0101202409A0128034,오짱경주점,한식,황남동,129.2096854,35.83830328,10.7,핫플레이스
MA0101202406A0201095,쿠루와땜임,기타 간이,외동읍,129.3249085,35.71519203,5.0,핫플레이스
MA0101202406A0520264,교촌치킨,기타 간이,현곡면,129.1750168,35.89016066,1.2,로컬상권
MA0101202406A0470585,카페루나피에나,비알코올 ,감포읍,129.4908437,35.78758116,4.5,로컬상권
MA0101202406A0014397,별노래클럽,주점,황오동,129.20313,35.83934276,11.3,핫플레이스
MA0101202409A0068478,홍시갈비,한식,외동읍,129.3252155,35.71131163,5.0,핫플레이스
MA0101202406A0241592,모리커피경주구황점,비알코올 ,월성동,129.2309561,35.84273068,7.1,핫플레이스
MA0101202409A0143757,대끼리소주방,한식,감포읍,129.502666,35.80665278,4.5,로컬상권
MA0101202409A0095005,경주전복해물뚝배기,한식,보덕동,129.2814867,35.84550275,12.9,핫플레이스
MA0101202406A0255694,터미널식당,한식,황오동,129.2031324,35.83982929,11.3,핫플레이스
MA0101202409A0097803,경주제주흑돼지,한식,보덕동,129.2814867,35.84550275,12.9,핫플레이스
MA0101202409A0202452,포도밭가든,한식,내남면,129.1073124,35.72261601,4.1,로컬상권
MA0106202408A0585008,할리스경주용강DT점,비알코올 ,용강동,129.2305291,35.8815914,1.6,로컬상권
MA0101202409A0121071,꿔바로우주는마라탕경주,한식,불국동,129.3042157,35.77272509,6.1,핫플레이스
MA0101202409A0097989,60계치킨경주,기타 간이,성건동,129.2060836,35.85408372,3.3,로컬상권
MA0101202409A0224355,맛을담은쭈꾸미랑낙지랑,한식,황오동,129.2114174,35.84488508,11.3,핫플레이스
MA0101202409A0131503,인생야식포차,한식,불국동,129.3091472,35.77120682,6.1,핫플레이스
MA0101202409A0093985,소림마라경주,중식,황성동,129.2143751,35.86448233,3.2,로컬상권
MA0101202409A0090100,도깨비식당,한식,보덕동,129.2809328,35.84741445,12.9,핫플레이스
MA0101202409A0200416,나란다카페&참좋은식당,비알코올 ,감포읍,129.4936354,35.76438571,4.5,로컬상권
MA0101202409A0146358,가장맛있는족발경주,한식,동천동,129.2239636,35.85704275,2.1,로컬상권
MA0101202409A0201526,오롯이,비알코올 ,현곡면,129.2034906,35.86676396,1.2,로컬상권
MA0101202409A0159990,착한쌈밥,한식,안강읍,129.2270803,35.99193245,3.2,로컬상권
MA0101202409A0061185,억수주막촌,한식,선도동,129.1853779,35.84328927,2.0,로컬상권
MA0101202409A0067304,일산칼국수경주용황점,한식,용강동,129.2284949,35.88407098,1.6,로컬상권
MA0101202409A0096452,이디야커피경주황성,비알코올 ,황성동,129.218738,35.88120618,3.2,로컬상권
MA0101202409A0204135,경주화로,한식,황성동,129.2182915,35.86758171,3.2,로컬상권
MA0101202409A0108151,땡맥,중식,성건동,129.1910399,35.86163957,3.3,로컬상권
MA0101202409A0054576,충효민물매운탕,한식,선도동,129.1667812,35.85042913,2.0,로컬상권
MA0106202409A1001167,거송갈비찜황남점,한식,황남동,129.2115471,35.8360074,10.7,핫플레이스
MA0101202409A0136588,금장식육식당,한식,현곡면,129.2024086,35.86886522,1.2,로컬상권
MA0101202409A0220076,빅대디,한식,동천동,129.2237078,35.8554166,2.1,로컬상권
MA0101202409A0082494,소원이네,한식,성건동,129.2067435,35.84395286,3.3,로컬상권
MA0101202409A0110668,동방과자점,기타 간이,월성동,129.2603861,35.81169835,7.1,핫플레이스
MA0101202409A0149507,다솜,비알코올 ,건천읍,129.1057586,35.84850496,7.6,핫플레이스
MA0101202409A0241769,카페중산,기타 간이,현곡면,129.1553617,35.90158003,1.2,로컬상권
MA0101202409A0118244,화락바베큐치킨경주,기타 간이,황성동,129.2122903,35.86713378,3.2,로컬상권
MA0101202409A0205345,해림어탕,한식,황남동,129.2062016,35.7984058,10.7,핫플레이스
MA0101202409A0031603,산대고디탕,한식,안강읍,129.1922295,35.99780964,3.2,로컬상권
MA0101202409A0137322,깁모어막걸리,한식,황오동,129.2179202,35.84194491,11.3,핫플레이스
MA0101202409A0096912,조선의옛날통닭,기타 간이,외동읍,129.3324905,35.67510216,5.0,핫플레이스
MA0101202409A0190769,서면식육식당,한식,서면,129.0507316,35.89276253,0.9,로컬상권
MA0101202409A0219339,거래처,한식,안강읍,129.2154226,35.99016614,3.2,로컬상권
MA0101202409A0179553,만석정숯불용황점,한식,용강동,129.2275539,35.88289006,1.6,로컬상권
MA0101202409A0067411,맘스터치용황점,기타 간이,용강동,129.2279018,35.88305481,1.6,로컬상권
MA0101202409A0245211,이디야커피모화디아이점,비알코올 ,외동읍,129.3289343,35.68078453,5.0,핫플레이스
MA0101202409A0111571,봉자국수,한식,동천동,129.2249173,35.85315061,2.1,로컬상권
MA0101202409A0163687,도다닥,한식,동천동,129.2313543,35.84509302,2.1,로컬상권
MA0101202409A0112709,래빗키친,기타 간이,황성동,129.2150754,35.87373211,3.2,로컬상권
MA0101202409A0222890,굽네치킨,기타 간이,안강읍,129.2161381,35.99354979,3.2,로컬상권
MA0101202409A0215186,뉴욕버거동국대WISE,기타 간이,성건동,129.1896812,35.86214191,3.3,로컬상권
MA0101202409A0138633,유림다방,비알코올 ,문무대왕면,129.4418418,35.79288462,2.4,로컬상권
MA0101202409A0161831,현곡당,중식,현곡면,129.1745749,35.88979023,1.2,로컬상권
MA0101202409A0071873,해다미,한식,양남면,129.471282,35.70038041,4.6,로컬상권
MA0101202409A0081137,얼리버드커피랩,비알코올 ,성건동,129.2067146,35.855685,3.3,로컬상권
MA0101202409A0114261,레스트205,비알코올 ,월성동,129.257525,35.84502746,7.1,핫플레이스
MA0101202409A0229189,충효식육점,한식,선도동,129.1855961,35.84317717,2.0,로컬상권
MA0101202409A0045438,산들림커피,비알코올 ,불국동,129.325473,35.78017271,6.1,핫플레이스
MA0101202409A0063244,꼬치분식,기타 간이,감포읍,129.5023515,35.80579438,4.5,로컬상권
MA0101202409A0206738,아띠몽충효점,기타 간이,선도동,129.1836103,35.84299704,2.0,로컬상권
MA0101202409A0102946,벚꽃;한잔,한식,황오동,129.203881,35.83888748,11.3,핫플레이스
MA0101202409A0236268,오트,기타 간이,황오동,129.2178669,35.84162152,11.3,핫플레이스
MA0101202409A0014444,보문막창,한식,보덕동,129.2809328,35.84741445,12.9,핫플레이스
MA0101202409A0071816,풍경,한식,외동읍,129.3310698,35.71506377,5.0,핫플레이스
MA0101202409A0013922,장가네한식뷔페,구내식당·뷔페,용강동,129.2247829,35.86219954,1.6,로컬상권
MA0101202409A0060588,에낭경주점,기타 간이,황남동,129.2092794,35.83842789,10.7,핫플레이스
MA0101202409A0124308,한잔콜,한식,불국동,129.3064934,35.77272646,6.1,핫플레이스
MA0101202409A0029583,토함산약수삼계탕,한식,감포읍,129.5008994,35.80710402,4.5,로컬상권
MA0101202409A0087363,소소피크닉,기타 간이,동천동,129.2264383,35.85687976,2.1,로컬상권
MA0101202409A0112162,고담,한식,성건동,129.2070761,35.85315543,3.3,로컬상권
MA0101202409A0161894,생마차경주용황점,일식,용강동,129.2252376,35.88320333,1.6,로컬상권
MA0101202409A0104180,주주방,한식,안강읍,129.1959165,36.00081468,3.2,로컬상권
MA0101202409A0231376,수정분식,기타 간이,성건동,129.2067435,35.84395286,3.3,로컬상권
MA0101202409A0104179,산마루푸드,한식,외동읍,129.3320302,35.68129223,5.0,핫플레이스
MA0101202409A0181624,그집,한식,동천동,129.2237785,35.85675784,2.1,로컬상권
MA0101202409A0201085,넥스트레벨,동남아시아,성건동,129.2058954,35.8548801,3.3,로컬상권
MA0101202409A0084002,모리커피경주,비알코올 ,황오동,129.2144994,35.84428767,11.3,핫플레이스
MA0101202409A0087302,황성닭칼국수,한식,황성동,129.2091159,35.86523696,3.2,로컬상권
MA0101202409A0041868,진미꼬치,중식,외동읍,129.3252634,35.71561767,5.0,핫플레이스
MA0101202409A0025656,달성서가,한식,용강동,129.2252211,35.88142859,1.6,로컬상권
MA0101202409A0074059,미모아김밥,기타 간이,외동읍,129.3337764,35.6786814,5.0,핫플레이스
MA0101202409A0234118,탕화쿵푸마라탕4용황점,중식,용강동,129.2261291,35.88498888,1.6,로컬상권
MA0101202409A0148042,카페분황,비알코올 ,월성동,129.2321907,35.8413742,7.1,핫플레이스
MA0101202409A0208608,굽네치킨충효점,기타 간이,선도동,129.1847189,35.84347246,2.0,로컬상권
MA0101202409A0070893,쓖경주쓕,기타 간이,황남동,129.2099594,35.83820814,10.7,핫플레이스
MA0101202409A0045837,화랑,한식,성건동,129.2042936,35.84460155,3.3,로컬상권
MA0101202409A0116446,커피체리결,비알코올 ,황오동,129.2102539,35.84562733,11.3,핫플레이스
MA0101202409A0209565,백돈경주,일식,현곡면,129.1756063,35.88944716,1.2,로컬상권
MA0101202409A0044482,119딧고기,한식,황성동,129.2216881,35.88336818,3.2,로컬상권
MA0101202409A0109243,연화춘,중식,현곡면,129.1695108,35.89168394,1.2,로컬상권
MA0101202409A0069174,소문난돼지국밥,한식,외동읍,129.3287024,35.70205358,5.0,핫플레이스
MA0101202409A0158888,살롱데몬타냐,기타 간이,천북면,129.2928316,35.87513773,3.4,로컬상권
MA0101202409A0173436,해양산국밥경주,한식,동천동,129.2246217,35.8552465,2.1,로컬상권
MA0101202409A0174897,경주식당,한식,안강읍,129.2280926,35.99284169,3.2,로컬상권
MA0101202409A0010901,한솥경주,한식,안강읍,129.2241009,35.99243826,3.2,로컬상권
MA0101202409A0050421,경주家도시락,한식,용강동,129.225802,35.86182925,1.6,로컬상권
MA0101202409A0083013,랩소디인블루,한식,보덕동,129.2888966,35.84033402,12.9,핫플레이스
MA0101202409A0119829,알리스타케냐커피경주,비알코올 ,외동읍,129.317928,35.7754709,5.0,핫플레이스
MA0101202409A0065270,오실라,비알코올 ,황오동,129.2207931,35.8457573,11.3,핫플레이스
MA0101202409A0058585,목수가,비알코올 ,황남동,129.165681,35.81770465,10.7,핫플레이스
MA0101202409A0049818,태리주택황리단길,서양식,황남동,129.2092829,35.83576073,10.7,핫플레이스
MA0101202409A0106573,블루샥경주입실점,비알코올 ,외동읍,129.3262952,35.70778571,5.0,핫플레이스
MA0101202409A0004197,유진가든,한식,선도동,129.1524009,35.82081766,2.0,로컬상권
MA0101202409A0137539,양아떡집,기타 간이,성건동,129.2067435,35.84395286,3.3,로컬상권
MA0101202409A0223544,송자맛집,한식,성건동,129.2063155,35.85486337,3.3,로컬상권
MA0101202409A0221701,카네기,주점,안강읍,129.2244485,35.99060273,3.2,로컬상권
MA0101202409A0237186,소소함박,한식,황남동,129.2101739,35.83796091,10.7,핫플레이스
MA0101202409A0207418,율동장희식당,한식,성건동,129.2068344,35.84323937,3.3,로컬상권
MA0101202409A0233689,만까이,한식,성건동,129.1899732,35.8606859,3.3,로컬상권
MA0101202409A0242676,청학골소머리돼지국밥,한식,감포읍,129.5025149,35.80747583,4.5,로컬상권
MA0101202406A0447523,태평양푸드경주점,한식,외동읍,129.2990403,35.70467848,5.0,핫플레이스
MA0101202409A0047397,김복남맥주경주,주점,외동읍,129.3259505,35.71417173,5.0,핫플레이스
MA0101202409A0001354,용호동낙지경주용황점,한식,용강동,129.2253731,35.88290348,1.6,로컬상권
MA0101202409A0024421,한티재경주용황점,한식,용강동,129.2301078,35.88394191,1.6,로컬상권
MA0101202409A0118185,조통치킨성건,기타 간이,성건동,129.2063144,35.8552238,3.3,로컬상권
MA0101202409A0134258,우물집,한식,황남동,129.2090569,35.83599015,10.7,핫플레이스
MA0101202409A0221599,영천얼큰돼지국밥,한식,현곡면,129.1756063,35.88944716,1.2,로컬상권
MA0101202409A0064757,오시오,한식,성건동,129.2130493,35.85024327,3.3,로컬상권
MA0101202406A0222923,추어탕먹는오리,한식,황성동,129.2127308,35.86506227,3.2,로컬상권
MA0101202406A0472248,정성순대경주용황점,한식,용강동,129.229627,35.88219383,1.6,로컬상권
MA0101202406A0374098,디멘션커피2nd스페이스,비알코올 ,황오동,129.2119369,35.84207327,11.3,핫플레이스
MA0101202406A0523622,호누룰루,비알코올 ,안강읍,129.222373,35.99012763,3.2,로컬상권
MA0101202406A0174637,자연식당,한식,천북면,129.2714049,35.94197754,3.4,로컬상권
MA0101202406A0089827,호두마실,기타 간이,현곡면,129.2040295,35.87023209,1.2,로컬상권
MA0101202406A0295326,푸드원,한식,외동읍,129.2987339,35.704396,5.0,핫플레이스
MA0101202409A0030419,분식에바나나,기타 간이,황성동,129.2182264,35.85531974,3.2,로컬상권
MA0101202409A0240007,제주명가,한식,황성동,129.2145127,35.86664229,3.2,로컬상권
MA0101202409A0022592,백악관가요방,주점,감포읍,129.5030506,35.80375259,4.5,로컬상권
MA0101202406A0250627,대화로경주용황점,한식,용강동,129.2285486,35.8824301,1.6,로컬상권
MA0101202406A0318301,브레드베이커리,기타 간이,성건동,129.2072387,35.85103499,3.3,로컬상권
MA0101202406A0321498,컴포즈커피경주보문점,비알코올 ,보덕동,129.284818,35.83548304,12.9,핫플레이스
MA0101202406A0395748,미니만두,기타 간이,안강읍,129.2250755,35.99003246,3.2,로컬상권
MA0101202409A0187161,대경오리하우스,한식,용강동,129.2250249,35.88035098,1.6,로컬상권
MA0101202406A0475991,두메산골II,한식,내남면,129.2121701,35.74479152,4.1,로컬상권
MA0101202409A0081588,대릉갈비별관점,한식,황남동,129.2123047,35.83579522,10.7,핫플레이스
MA0101202409A0026477,읍천맛집,한식,양남면,129.4727975,35.68507715,4.6,로컬상권
MA0101202409A0190498,카페앤,비알코올 ,안강읍,129.2093868,35.99398072,3.2,로컬상권
MA0101202409A0207448,사계절미니뷔폐,구내식당·뷔페,황오동,129.2156885,35.85003242,11.3,핫플레이스
MA0101202409A0204714,찐빵;만두;어묵나라,한식,문무대왕면,129.4412131,35.79041062,2.4,로컬상권
MA0101202409A0215486,아마스빈,비알코올 ,황오동,129.213326,35.8438768,11.3,핫플레이스
MA0101202409A0065878,원츠,비알코올 ,황남동,129.2050776,35.83854114,10.7,핫플레이스
MA0101202409A0236491,루나,비알코올 ,성건동,129.2070278,35.854607,3.3,로컬상권
MA0101202409A0182657,피자옥,기타 간이,황남동,129.2108063,35.83642651,10.7,핫플레이스
MA0101202409A0198998,불국빵첨성대점,기타 간이,황남동,129.2182908,35.83578394,10.7,핫플레이스
MA0101202409A0045005,황포식당,한식,감포읍,129.4899386,35.78798735,4.5,로컬상권
MA0101202409A0032411,프리제커피브루어스,비알코올 ,황오동,129.2194829,35.8428261,11.3,핫플레이스
MA0101202409A0222558,황성상점,비알코올 ,황성동,129.2131931,35.86576558,3.2,로컬상권
MA0101202409A0206106,국수랑김밥,기타 간이,외동읍,129.3341719,35.67785378,5.0,핫플레이스
MA0101202409A0158702,활화산,한식,황오동,129.2154087,35.84196423,11.3,핫플레이스
MA0101202409A0178286,소금강산불판돼지,한식,용강동,129.2300453,35.87618515,1.6,로컬상권
MA0101202409A0087773,육삼구,한식,성건동,129.1910803,35.86190014,3.3,로컬상권
MA0101202409A0013703,신토불이밥상,한식,현곡면,129.1639782,35.89630706,1.2,로컬상권
MA0101202409A0242568,미당닭강정,기타 간이,성건동,129.2067435,35.84395286,3.3,로컬상권
MA0101202409A0013052,팔각도경주용황점,한식,용강동,129.2294327,35.88276509,1.6,로컬상권
MA0101202409A0197985,오칼국수,한식,황남동,129.2109947,35.83404428,10.7,핫플레이스
MA0101202409A0129128,수성,한식,선도동,129.1764273,35.84418164,2.0,로컬상권
MA0101202409A0166448,복호두경주용황점,기타 간이,용강동,129.2277725,35.88318335,1.6,로컬상권
MA0101202409A0103112,정이가네,기타 간이,황남동,129.2112667,35.83507547,10.7,핫플레이스
MA0101202409A0235802,빵규제빵소,기타 간이,성건동,129.2070822,35.85297511,3.3,로컬상권
MA0101202411A0065336,카페895,비알코올 ,문무대왕면,129.4423032,35.78881172,2.4,로컬상권
MA0101202411A0061240,투샷,주점,동천동,129.2231519,35.85572424,2.1,로컬상권
MA0101202411A0083379,커피피코,비알코올 ,외동읍,129.3372235,35.71921526,5.0,핫플레이스
MA0101202411A0047150,반미LINHLOAN,동남아시아,외동읍,129.3255887,35.7150257,5.0,핫플레이스
MA0101202411A0047480,고집베이커리,기타 간이,용강동,129.2295261,35.88372746,1.6,로컬상권
MA0101202411A0033272,미진이네분식,기타 간이,건천읍,129.1048124,35.84829628,7.6,핫플레이스
MA0101202411A0123264,정지간한식뷔페,구내식당·뷔페,외동읍,129.3196265,35.73649543,5.0,핫플레이스
MA0101202411A0118768,빙동댕,한식,용강동,129.2261291,35.88498888,1.6,로컬상권
MA0101202411A0144748,착한고기;착한막창경주점,한식,보덕동,129.2814867,35.84550275,12.9,핫플레이스
MA0101202411A0121934,카페봄봄,비알코올 ,현곡면,129.2027443,35.86859776,1.2,로컬상권
MA0101202411A0044998,빽다방경주,비알코올 ,황오동,129.2136422,35.84410524,11.3,핫플레이스
MA0101202411A0168257,이삭푸드서비스한전KDN,구내식당·뷔페,동천동,129.2239572,35.85562823,2.1,로컬상권
MA0101202411A0122686,웰빙족발,한식,문무대왕면,129.4431723,35.79155112,2.4,로컬상권
MA0101202411A0109544,경주황금십원빵,기타 간이,황남동,129.2098941,35.83784892,10.7,핫플레이스
MA0101202411A0045753,노브랜드버거,기타 간이,동천동,129.2244861,35.85870901,2.1,로컬상권
MA0101202412A0056598,명성초장집,한식,감포읍,129.5038886,35.80437483,4.5,로컬상권
MA0101202501A0021475,불국사밀면,한식,황오동,129.2112875,35.84220236,11.3,핫플레이스
MA0101202412A0088985,정담솥밥,한식,불국동,129.3015355,35.77486684,6.1,핫플레이스
MA0101202411A0115666,오늘의술집,주점,황오동,129.2170703,35.84560082,11.3,핫플레이스
MA0101202411A0036335,봉자막창,한식,동천동,129.2266927,35.85133364,2.1,로컬상권
MA0101202411A0055969,돈치킨양북점,기타 간이,문무대왕면,129.4411277,35.79123227,2.4,로컬상권
MA0101202412A0084175,브라더한정식도시락경주,한식,황성동,129.2198891,35.86493016,3.2,로컬상권
MA0101202411A0085698,바이닐바이브,서양식,황남동,129.2109974,35.83573819,10.7,핫플레이스
MA0101202411A0101115,경민수산횟집,한식,서면,129.0509401,35.89268688,0.9,로컬상권
MA0101202412A0021876,정다방,비알코올 ,건천읍,129.106269,35.85022605,7.6,핫플레이스
MA0101202411A0095515,라라케이터링,한식,성건동,129.2064931,35.85448167,3.3,로컬상권
MA0101202411A0039061,돈황참숯불,한식,황오동,129.2033966,35.84097778,11.3,핫플레이스
MA0101202411A0111358,투샷,주점,동천동,129.2231519,35.85572424,2.1,로컬상권
MA0101202411A0145067,감포해물어때,한식,동천동,129.2262798,35.85477426,2.1,로컬상권
MA0101202501A0074599,또래오래치킨보문점풀모리아,기타 간이,보덕동,129.2814867,35.84550275,12.9,핫플레이스
MA0101202411A0013593,양남맛집뷔페,구내식당·뷔페,양남면,129.4701657,35.69928609,4.6,로컬상권
MA0101202412A0007303,봉식할매맛집,한식,외동읍,129.3258859,35.7138486,5.0,핫플레이스
MA0101202501A0001877,그린컴퍼니,구내식당·뷔페,천북면,129.2679625,35.93744746,3.4,로컬상권
MA0101202412A0065332,청옥뚝배기,한식,건천읍,129.1064109,35.84638503,7.6,핫플레이스
MA0101202412A0068063,진미돌판삼겹살구이,한식,선도동,129.1802243,35.84462638,2.0,로컬상권
MA0101202412A0012213,앗싸노래클럽,주점,불국동,129.2984839,35.77679037,6.1,핫플레이스
MA0101202411A0040699,이루팜경주점,비알코올 ,황성동,129.2195095,35.88266962,3.2,로컬상권
MA0101202411A0019531,혜자다방,주점,황오동,129.2247391,35.8451887,11.3,핫플레이스
MA0101202412A0051943,마에똥,주점,성건동,129.2056004,35.85502067,3.3,로컬상권
MA0101202411A0118312,부르,한식,양남면,129.4706953,35.70069881,4.6,로컬상권
MA0101202412A0065325,스타트커피,비알코올 ,감포읍,129.4944416,35.77462231,4.5,로컬상권
MA0101202412A0072935,런투유나이트클럽,주점,동천동,129.2231218,35.85464355,2.1,로컬상권
MA0101202412A0019654,도원목장,한식,성건동,129.2103963,35.85474328,3.3,로컬상권
MA0101202411A0186547,보문갈비블루판다-블루판다지점,한식,보덕동,129.2853593,35.83699548,12.9,핫플레이스
MA0101202411A0142047,혜가당,한식,황남동,129.2061062,35.79495653,10.7,핫플레이스
MA0101202501A0004223,장독대,한식,불국동,129.3130142,35.78332345,6.1,핫플레이스
MA0101202412A0052488,읍내술집,한식,감포읍,129.5033195,35.80386412,4.5,로컬상권
MA0101202411A0024702,알프스카페,한식,건천읍,129.1053642,35.85074651,7.6,핫플레이스
MA0101202411A0108253,진솔보리밥뷔페,한식,강동면,129.2970643,35.95721171,1.8,로컬상권
MA0101202412A0068023,조방면옥,한식,안강읍,129.227123,35.9895079,3.2,로컬상권
MA0101202412A0013653,생선구이어물전,한식,건천읍,129.1053635,35.85155748,7.6,핫플레이스
MA0101202412A0065219,청천노래주점,주점,건천읍,129.1021566,35.84873024,7.6,핫플레이스
MA0101202412A0036126,해피토스트,기타 간이,건천읍,129.1042042,35.84831594,7.6,핫플레이스
MA0101202411A0112525,황오바오,중식,황오동,129.2154014,35.84170306,11.3,핫플레이스
MA0101202412A0048507,로얄,기타 간이,용강동,129.2327505,35.88460461,1.6,로컬상권
MA0101202412A0070936,경주땅콩제과,기타 간이,황오동,129.2130939,35.8426917,11.3,핫플레이스
MA0101202411A0011421,153숍,비알코올 ,안강읍,129.2158638,35.99325752,3.2,로컬상권
MA0101202411A0111331,대현분식,기타 간이,산내면,129.0644575,35.65437154,1.0,로컬상권
MA0101202411A0110279,본토,한식,문무대왕면,129.4405704,35.79145082,2.4,로컬상권
MA0101202411A0045913,영성루,중식,황성동,129.2179901,35.87066883,3.2,로컬상권
MA0101202411A0147169,나라분식,기타 간이,현곡면,129.2037127,35.86758884,1.2,로컬상권
MA0101202411A0094053,우리회대게,한식,감포읍,129.5034243,35.80438451,4.5,로컬상권
MA0101202411A0085378,경주닭발,한식,황남동,129.2069897,35.83486579,10.7,핫플레이스
MA0101202411A0038887,맘스터치경주,기타 간이,안강읍,129.2237141,35.99248147,3.2,로컬상권
MA0101202411A0000054,모리커피경주,비알코올 ,동천동,129.2239827,35.85693427,2.1,로컬상권
MA0101202411A0089525,더벤티경주인왕점,비알코올 ,월성동,129.2198135,35.8372155,7.1,핫플레이스
MA0101202411A0137589,백년복집,한식,성건동,129.2101553,35.85044973,3.3,로컬상권
MA0101202411A0135139,신화불닭,한식,성건동,129.2072642,35.85315197,3.3,로컬상권
MA0101202411A0099897,요하정,한식,성건동,129.1922531,35.8610768,3.3,로컬상권
MA0101202411A0056349,대구동인동찜갈비,한식,보덕동,129.2884474,35.84549647,12.9,핫플레이스
MA0101202411A0044837,파도,비알코올 ,감포읍,129.5026529,35.80694137,4.5,로컬상권
MA0101202411A0041505,찐이야,한식,불국동,129.3057137,35.77214673,6.1,핫플레이스
MA0101202411A0103236,안강활어회,한식,안강읍,129.2249058,35.99227916,3.2,로컬상권
MA0101202411A0040399,아베크노래마을,주점,동천동,129.2231708,35.85600321,2.1,로컬상권
MA0101202411A0060369,냉천휴게점,기타 간이,외동읍,129.2987712,35.72030772,5.0,핫플레이스
MA0101202411A0077569,향토국밥,한식,양남면,129.4627395,35.70599771,4.6,로컬상권
MA0101202411A0039188,동대로놀이터찻집,비알코올 ,성건동,129.2060003,35.85547286,3.3,로컬상권
MA0101202411A0080224,황남뜰에,한식,황남동,129.2109962,35.83370185,10.7,핫플레이스
MA0101202411A0131687,화이트리에경주점,기타 간이,황성동,129.2238072,35.88114844,3.2,로컬상권
MA0101202411A0141276,남산식당,한식,월성동,129.2435954,35.79523563,7.1,핫플레이스
MA0101202501A0062137,참뼈건천점,한식,건천읍,129.1016292,35.8518121,7.6,핫플레이스
MA0101202411A0148157,대호당,한식,황오동,129.2146592,35.84326654,11.3,핫플레이스
MA0101202412A0068365,하마키친,한식,황오동,129.214756,35.84276919,11.3,핫플레이스
MA0101202411A0071832,우담,한식,동천동,129.2262542,35.85464859,2.1,로컬상권
MA0101202411A0112352,커피사피엔스경주점,비알코올 ,황오동,129.2102797,35.84576201,11.3,핫플레이스
MA0101202411A0140025,반찬마을,한식,안강읍,129.2225916,35.99001546,3.2,로컬상권
MA0101202412A0071371,참새집,기타 간이,선도동,129.1861424,35.84251848,2.0,로컬상권
MA0101202411A0042963,대장집,한식,용강동,129.2312295,35.8852456,1.6,로컬상권
MA0101202411A0038524,브뤼셀프라이황리단길점,서양식,황남동,129.2094335,35.83680317,10.7,핫플레이스
MA0101202501A0029254,카페7-5,비알코올 ,건천읍,129.1014238,35.85199591,7.6,핫플레이스
MA0101202411A0055428,세명팥칼국수집,한식,성건동,129.2032784,35.84310642,3.3,로컬상권
MA0101202411A0097404,손이가꽈배기,기타 간이,황오동,129.2170846,35.84571769,11.3,핫플레이스
MA0101202411A0106700,사계돈,한식,황오동,129.2155919,35.84178965,11.3,핫플레이스
MA0101202411A0123947,경주황금스파클링,기타 간이,황남동,129.2095435,35.83757605,10.7,핫플레이스
MA0101202411A0116485,오늘닭발해경주불국사점,주점,불국동,129.3211902,35.78232787,6.1,핫플레이스
MA0101202411A0009875,등뼈석계점,한식,외동읍,129.3126961,35.68064719,5.0,핫플레이스
MA0101202411A0144107,소소뭉티기,한식,용강동,129.2255278,35.88209869,1.6,로컬상권
MA0101202411A0067205,심가네갈치동태탕,한식,외동읍,129.2716096,35.71048874,5.0,핫플레이스
MA0101202411A0135869,그여행,기타 간이,현곡면,129.1737478,35.8903188,1.2,로컬상권
MA0101202411A0143132,경주레트로,한식,성건동,129.2030828,35.84323615,3.3,로컬상권
MA0101202411A0098295,파라다이스맥주,주점,동천동,129.2264506,35.85573521,2.1,로컬상권
MA0101202411A0106828,진미꼬치,중식,외동읍,129.3249501,35.71472268,5.0,핫플레이스
MA0101202411A0143257,가장맛있는족발경주용황점,한식,용강동,129.2262267,35.8821488,1.6,로컬상권
MA0101202411A0123382,위스프레소,비알코올 ,황성동,129.2196043,35.86821521,3.2,로컬상권
MA0101202411A0118862,라지백,서양식,황남동,129.2069897,35.83486579,10.7,핫플레이스
MA0101202411A0093558,황남포차,한식,황남동,129.2103092,35.83566075,10.7,핫플레이스
MA0101202411A0010000,쉐이크잇,한식,황남동,129.2102504,35.83713054,10.7,핫플레이스
MA0101202411A0087103,암뽕수육본가점,한식,불국동,129.3011431,35.77506357,6.1,핫플레이스
MA0101202411A0045844,작은공간,비알코올 ,동천동,129.2258323,35.84985387,2.1,로컬상권
MA0101202411A0002086,콩스커피,비알코올 ,성건동,129.207228,35.85144966,3.3,로컬상권
MA0101202411A0036726,구도옥,한식,황남동,129.2116705,35.83646466,10.7,핫플레이스
MA0101202411A0085012,강구미주구리회,한식,안강읍,129.1947657,36.00370102,3.2,로컬상권
MA0101202411A0082518,별헤는밤,비알코올 ,보덕동,129.2887409,35.81873927,12.9,핫플레이스
MA0101202411A0010677,7번국도명품달인김밥,기타 간이,외동읍,129.3358139,35.67546119,5.0,핫플레이스
MA0101202411A0035611,산내숯불식육식당,한식,선도동,129.1959893,35.84243797,2.0,로컬상권
MA0101202411A0115830,궁전떡집,기타 간이,성건동,129.2067435,35.84395286,3.3,로컬상권
MA0101202501A0030334,영양맛집,한식,내남면,129.2000336,35.75119544,4.1,로컬상권
MA0101202412A0008739,에이치바,주점,동천동,129.2226954,35.8552281,2.1,로컬상권
MA0101202501A0061209,헬로팬닭갈비,한식,황성동,129.2198968,35.86719162,3.2,로컬상권
MA0101202502A0039406,경성면옥경주보문점,한식,보덕동,129.2656548,35.85265931,12.9,핫플레이스
MA0101202412A0058675,더홀릭,주점,건천읍,129.0997036,35.85265674,7.6,핫플레이스
MA0101202412A0085910,화랑쫀드기,기타 간이,황남동,129.2181576,35.83576838,10.7,핫플레이스
MA0101202501A0021158,원더풀꽈배기,기타 간이,선도동,129.188559,35.84186176,2.0,로컬상권
MA0101202501A0058918,금성식당,한식,외동읍,129.3373146,35.67163867,5.0,핫플레이스
MA0101202501A0066654,그라시아스,비알코올 ,성건동,129.1836824,35.85853882,3.3,로컬상권
MA0101202501A0052628,웜스,기타 간이,황오동,129.2141237,35.84629491,11.3,핫플레이스
MA0101202501A0069739,제빵소라온하제,기타 간이,용강동,129.2223058,35.86902123,1.6,로컬상권
MA0101202412A0001369,추억의생음악Live,주점,황오동,129.2027582,35.84150309,11.3,핫플레이스
MA0101202501A0018613,오마모리,비알코올 ,월성동,129.2180706,35.83661697,7.1,핫플레이스
MA0101202501A0064968,마당,한식,안강읍,129.1930017,36.00166994,3.2,로컬상권
MA0101202501A0001728,민횟집,한식,감포읍,129.4942677,35.79205115,4.5,로컬상권
MA0101202501A0076112,생마차,한식,성건동,129.1895132,35.86086549,3.3,로컬상권
MA0101202501A0049793,커먼스먼트,비알코올 ,황남동,129.2100309,35.82722307,10.7,핫플레이스
MA0101202501A0008964,토우카츠,일식,황오동,129.2106414,35.84284498,11.3,핫플레이스
MA0101202501A0062000,날마다대박집,기타 간이,안강읍,129.1967871,36.00342072,3.2,로컬상권
MA0101202501A0056424,명가삼계탕,한식,외동읍,129.3217265,35.72775089,5.0,핫플레이스
MA0101202501A0048259,불닭발땡초동대문엽기떡볶이경주,기타 간이,황성동,129.2136118,35.86529833,3.2,로컬상권
MA0101202412A0038490,진숙이레스푸드,한식,건천읍,129.1046215,35.84902948,7.6,핫플레이스
MA0101202502A0059842,예쁨분식,기타 간이,황성동,129.2134328,35.865626,3.2,로컬상권
MA0101202501A0047561,수백식당,한식,동천동,129.2220183,35.85278079,2.1,로컬상권
MA0101202501A0034331,대복삼계탕,한식,외동읍,129.3359992,35.67386275,5.0,핫플레이스
MA0101202501A0077000,브라운돈까스경주석계점,서양식,외동읍,129.3121078,35.67939703,5.0,핫플레이스
MA0101202412A0051587,달한스푼,한식,황성동,129.2193808,35.86774179,3.2,로컬상권
MA0101202501A0050632,동산반점,중식,천북면,129.2684947,35.89558482,3.4,로컬상권
MA0101202412A0076365,베베밀리,기타 간이,용강동,129.2286344,35.8831223,1.6,로컬상권
MA0101202412A0033564,디스이즈포유,기타 간이,성건동,129.2091319,35.85026132,3.3,로컬상권
MA0101202502A0015863,우마왕용황점,한식,용강동,129.2301442,35.88326546,1.6,로컬상권
MA0101202411A0054725,진면목,한식,황남동,129.2094488,35.83695607,10.7,핫플레이스
MA0101202411A0018373,깻잎두마리치킨,기타 간이,산내면,129.0644399,35.65368701,1.0,로컬상권
MA0101202412A0021747,경주중앙야시장베트남쌀국수,동남아시아,성건동,129.2067435,35.84395286,3.3,로컬상권
MA0101202412A0069715,먹거리분식,기타 간이,황성동,129.2145127,35.86664229,3.2,로컬상권
MA0101202411A0044131,소사이어티나귀,서양식,황오동,129.229019,35.84310904,11.3,핫플레이스
MA0101202411A0025926,아리나무카페,비알코올 ,서면,129.0513808,35.89174224,0.9,로컬상권
MA0101202411A0138333,경주제1국수,한식,황오동,129.2169622,35.84569292,11.3,핫플레이스
MA0101202501A0074919,황리단길셀프라면,기타 간이,황오동,129.2104131,35.83980365,11.3,핫플레이스
MA0101202411A0103444,부자집,한식,불국동,129.3264573,35.78207286,6.1,핫플레이스
MA0101202411A0038033,멜니짜빵집,기타 간이,성건동,129.2073186,35.85631364,3.3,로컬상권
MA0101202412A0072919,궁한정식,한식,황오동,129.205423,35.84182362,11.3,핫플레이스
MA0101202411A0058758,제우스,한식,안강읍,129.2187689,35.99168107,3.2,로컬상권
MA0101202412A0017192,경주우리밀면,한식,용강동,129.2254727,35.87775671,1.6,로컬상권
MA0101202411A0136222,선셋1844,비알코올 ,산내면,129.04416,35.75670369,1.0,로컬상권
MA0106202412A1262776,도검오마카세,일식,용강동,129.225143,35.86320203,1.6,로컬상권
MA0101202412A0045662,다루네막걸리,한식,성건동,129.2030849,35.84291174,3.3,로컬상권
MA0101202411A0011920,일등식당,한식,양남면,129.4714607,35.70116062,4.6,로컬상권
MA0101202412A0020895,고래진미,한식,동천동,129.2239615,35.85578133,2.1,로컬상권
MA0101202411A0075644,뽀야네분식,기타 간이,동천동,129.2262575,35.85041364,2.1,로컬상권
MA0101202411A0128006,수미칼국수,한식,강동면,129.2739158,36.00440643,1.8,로컬상권
MA0101202411A0109432,황성숯불뒷고기,한식,황성동,129.2155807,35.86842467,3.2,로컬상권
MA0101202411A0024277,훈춘양꼬치,중식,성건동,129.2054608,35.85557287,3.3,로컬상권
MA0101202411A0066995,우리동네참치정육점,일식,안강읍,129.2143192,35.99115062,3.2,로컬상권
MA0101202411A0043410,멍멍이와숲속에서,비알코올 ,용강동,129.2366373,35.8728098,1.6,로컬상권
MA0101202501A0068690,삼태기,한식,감포읍,129.5023591,35.8056861,4.5,로컬상권
MA0101202411A0124222,백억하누경주점,한식,불국동,129.3091299,35.77175678,6.1,핫플레이스
MA0101202411A0047147,자연밥상,한식,불국동,129.3099218,35.76931779,6.1,핫플레이스
MA0101202501A0034143,오븐마루경주,기타 간이,성건동,129.2066792,35.84881969,3.3,로컬상권
MA0101202502A0101911,고래사냥,한식,성건동,129.2060653,35.85502114,3.3,로컬상권
MA0101202502A0101026,와우족발,한식,성건동,129.2067435,35.84395286,3.3,로컬상권
MA0106202501A0500324,스타벅스,비알코올 ,선도동,129.1747212,35.8445189,2.0,로컬상권
MA0101202502A0078896,참깨파족제주파족,한식,황성동,129.2134328,35.865626,3.2,로컬상권
MA0101202502A0035694,도깨비식당,한식,보덕동,129.2809328,35.84741445,12.9,핫플레이스
MA0101202412A0088564,레브,서양식,황남동,129.2112919,35.83677799,10.7,핫플레이스
MA0101202501A0043281,동남식당,한식,양남면,129.4636502,35.67420937,4.6,로컬상권
MA0106202501A0739644,케이에이치에스경주,한식,보덕동,129.2888735,35.83760434,12.9,핫플레이스
MA0101202501A0028449,순살아구몽,한식,황성동,129.2135137,35.86575066,3.2,로컬상권
MA0101202502A0058131,웰빙푸드한식뷔페,구내식당·뷔페,외동읍,129.3126504,35.67141235,5.0,핫플레이스
MA0101202502A0001297,금쪽갈비,한식,동천동,129.2264709,35.8552753,2.1,로컬상권
MA0101202412A0027451,역전할머니맥주,주점,성건동,129.1914046,35.86121843,3.3,로컬상권
MA0101202501A0075430,롤링파스타경주용황점,서양식,용강동,129.2247386,35.88278008,1.6,로컬상권
MA0101202502A0113155,현곡휴게소,기타 간이,현곡면,129.175715,35.88937311,1.2,로컬상권
MA0101202412A0080255,알로이디,동남아시아,성건동,129.2063451,35.85393475,3.3,로컬상권
MA0101202501A0048521,동내휴게실,기타 간이,성건동,129.2057036,35.84356649,3.3,로컬상권
MA0101202502A0007889,감포해녀횟집,한식,안강읍,129.2121399,35.99410116,3.2,로컬상권
MA0101202412A0050041,소소한김밥,기타 간이,불국동,129.307839,35.77223209,6.1,핫플레이스
MA0101202502A0003452,족발에진심,한식,감포읍,129.4993906,35.80801839,4.5,로컬상권
MA0101202502A0010384,부자집식당,한식,건천읍,129.1045887,35.84862458,7.6,핫플레이스
MA0101202504A0013128,컴포즈신경주역점,비알코올 ,건천읍,129.140195,35.80546536,7.6,핫플레이스
MA0101202504A0063436,몬스터커피,비알코올 ,외동읍,129.3363463,35.67137815,5.0,핫플레이스
MA0101202501A0054498,여명노래클럽,주점,보덕동,129.2814867,35.84550275,12.9,핫플레이스
MA0101202412A0016935,부로스부리또,서양식,용강동,129.2267168,35.87750838,1.6,로컬상권
MA0101202501A0047719,블루샥,비알코올 ,동천동,129.2251794,35.85539835,2.1,로컬상권
MA0101202412A0085929,화산국수김밥,기타 간이,천북면,129.2876311,35.92908202,3.4,로컬상권
MA0101202503A0065305,배스킨라빈스경주용황,기타 간이,용강동,129.2269727,35.88309006,1.6,로컬상권
MA0101202503A0073079,제육의법칙경주점,한식,현곡면,129.2040295,35.87023209,1.2,로컬상권
MA0101202502A0058819,마산식당,한식,산내면,129.0589545,35.66020578,1.0,로컬상권
MA0101202503A0009387,송학,중식,외동읍,129.3196787,35.71391441,5.0,핫플레이스
MA0101202502A0055355,강다짐경주,기타 간이,황성동,129.2136696,35.86618028,3.2,로컬상권
MA0101202502A0101201,갈비랑국수랑,한식,불국동,129.2969031,35.77680257,6.1,핫플레이스
MA0101202501A0007700,나봉상점,비알코올 ,황오동,129.2161829,35.84194995,11.3,핫플레이스
MA0101202503A0037099,빈틈,비알코올 ,동천동,129.2231208,35.85500398,2.1,로컬상권
MA0101202503A0047488,오늘은이거,주점,안강읍,129.221675,35.99093347,3.2,로컬상권
MA0101202502A0042867,가은식당,한식,황오동,129.2158191,35.84319109,11.3,핫플레이스
MA0101202411A0025797,토담교동해장국,한식,건천읍,129.1022431,35.85074711,7.6,핫플레이스
MA0101202502A0104851,더캐슬,한식,용강동,129.2259194,35.8822446,1.6,로컬상권
MA0101202502A0088882,두레반식당,한식,천북면,129.2869755,35.93016673,3.4,로컬상권
MA0101202501A0038246,김가네옛날족발,한식,양남면,129.4711984,35.7005353,4.6,로컬상권
MA0101202501A0005077,마녀부엌,중식,황성동,129.2106651,35.8668123,3.2,로컬상권
MA0101202501A0070346,처가집양념치킨아화점,기타 간이,서면,129.0479534,35.89453099,0.9,로컬상권
MA0101202501A0030043,빽보이피자경주,기타 간이,황성동,129.2139681,35.86576931,3.2,로컬상권
MA0101202501A0000906,헌터스커피경주점,비알코올 ,황성동,129.2204523,35.86924474,3.2,로컬상권
MA0101202503A0001743,보문호블루베리카페,비알코올 ,월성동,129.2457416,35.83844553,7.1,핫플레이스
MA0101202501A0048097,현,한식,선도동,129.180051,35.84476468,2.0,로컬상권
MA0101202503A0053626,파리바게뜨신경주역점,기타 간이,건천읍,129.1374129,35.80525357,7.6,핫플레이스
MA0101202503A0001270,내고향감포식당,한식,감포읍,129.5029952,35.80797938,4.5,로컬상권
MA0101202501A0063385,홍콩라이브,주점,황오동,129.2097247,35.84410529,11.3,핫플레이스
MA0101202411A0090804,흥진구내식당,구내식당·뷔페,천북면,129.2392192,35.903559,3.4,로컬상권
MA0101202503A0079801,혜성다방,비알코올 ,문무대왕면,129.4411274,35.79122327,2.4,로컬상권
MA0101202502A0025475,든든갈비탕,한식,외동읍,129.3017884,35.66962027,5.0,핫플레이스
MA0101202503A0004800,육회더잡수소,한식,황오동,129.2048411,35.84039262,11.3,핫플레이스
MA0101202503A0071077,꽃내집밥,한식,건천읍,129.138257,35.80290479,7.6,핫플레이스
MA0101202501A0045564,맨날국수경주모화점,한식,외동읍,129.3362998,35.67319015,5.0,핫플레이스
MA0101202504A0040220,중화반점,한식,문무대왕면,129.3938952,35.79415568,2.4,로컬상권
MA0101202504A0087130,보문7080클럽,주점,보덕동,129.2880944,35.84476435,12.9,핫플레이스
MA0101202504A0077125,경주황리단십원빵,한식,황남동,129.2103956,35.83638,10.7,핫플레이스
MA0101202503A0043892,카페하야,비알코올 ,황오동,129.209994,35.84503743,11.3,핫플레이스
MA0101202503A0017274,경주십원빵,기타 간이,황남동,129.2154433,35.83485435,10.7,핫플레이스
MA0101202502A0045997,얼음골식당,한식,동천동,129.2299138,35.8501656,2.1,로컬상권
MA0101202503A0067335,한곳간,한식,불국동,129.3064934,35.77272646,6.1,핫플레이스
MA0101202503A0021509,무침장군,한식,용강동,129.2254445,35.88149654,1.6,로컬상권
MA0101202503A0018582,까만콩카페,기타 간이,용강동,129.2240748,35.86062683,1.6,로컬상권
MA0101202504A0111125,고기카페,한식,황성동,129.2194054,35.86783144,3.2,로컬상권
MA0101202504A0024352,점심나라,한식,안강읍,129.2272828,35.99046002,3.2,로컬상권
MA0101202503A0064638,오가네숯불,한식,황성동,129.2115107,35.86736439,3.2,로컬상권
MA0101202505A0048917,동천제1면,한식,동천동,129.225574,35.85803109,2.1,로컬상권
MA0101202503A0005087,클라세비지니스룸,주점,동천동,129.2239351,35.85483573,2.1,로컬상권
MA0101202504A0036982,열두달,비알코올 ,선도동,129.1786356,35.84440291,2.0,로컬상권
MA0101202503A0027944,다래맛집,한식,양남면,129.4637402,35.67677541,4.6,로컬상권
MA0101202504A0025090,신사카페,비알코올 ,황오동,129.2133389,35.84314671,11.3,핫플레이스
MA0101202504A0059322,하나미,일식,황오동,129.2102144,35.8422131,11.3,핫플레이스
MA0101202504A0058241,신평식당,한식,안강읍,129.2198639,35.99119227,3.2,로컬상권
MA0101202502A0040311,방파제회식당,한식,감포읍,129.5046025,35.80421579,4.5,로컬상권
MA0101202503A0047768,아르르,한식,황성동,129.2192143,35.87010559,3.2,로컬상권
MA0101202504A0108230,베를로가,서양식,성건동,129.2050634,35.85361589,3.3,로컬상권
MA0101202502A0061536,미풍해장국,한식,동천동,129.2297251,35.85053853,2.1,로컬상권
MA0101202504A0079730,맛있는추어탕,한식,용강동,129.2245047,35.86016835,1.6,로컬상권
MA0101202504A0098328,요거트아이스크림의정석강동워터파크점,기타 간이,보덕동,129.2949095,35.82281139,12.9,핫플레이스
MA0101202503A0019655,청하,일식,황성동,129.2186456,35.86757517,3.2,로컬상권
MA0101202504A0020241,맛있는삼겹살,한식,동천동,129.223916,35.85653004,2.1,로컬상권
MA0101202504A0076019,조이노래주점,주점,황오동,129.2048411,35.84039262,11.3,핫플레이스
MA0101202503A0010683,영호프,주점,외동읍,129.3363005,35.67624466,5.0,핫플레이스
MA0101202503A0055975,카페렐로,비알코올 ,동천동,129.2278613,35.85631274,2.1,로컬상권
MA0101202502A0105988,역전식당,한식,건천읍,129.1438918,35.80020033,7.6,핫플레이스
MA0101202501A0032754,마시오뎅,기타 간이,황오동,129.2035599,35.83928082,11.3,핫플레이스
MA0101202503A0006822,황금휴게실,한식,성건동,129.2067435,35.84395286,3.3,로컬상권
MA0101202503A0015472,아따따,기타 간이,선도동,129.1797349,35.84534709,2.0,로컬상권
MA0101202503A0075933,설빙경주용황점,기타 간이,용강동,129.2287098,35.88265236,1.6,로컬상권
MA0101202503A0032082,땅콩가,한식,황오동,129.211827,35.84210232,11.3,핫플레이스
MA0101202503A0075255,노을리,비알코올 ,안강읍,129.1709726,36.00141309,3.2,로컬상권
MA0101202501A0036055,친친,중식,용강동,129.2220892,35.86324957,1.6,로컬상권
MA0101202501A0076687,황남국수,한식,성건동,129.2067664,35.84757464,3.3,로컬상권
MA0101202503A0048967,반주,주점,선도동,129.1822272,35.84340963,2.0,로컬상권
MA0101202503A0079327,이대감밥상,한식,불국동,129.310886,35.77130856,6.1,핫플레이스
MA0101202502A0118850,맛있는한컵,기타 간이,황오동,129.2120664,35.84195375,11.3,핫플레이스
MA0101202503A0010601,카페고래섬,비알코올 ,감포읍,129.4941385,35.77730456,4.5,로컬상권
MA0101202502A0061103,천강로맛집,한식,천북면,129.2873842,35.92935703,3.4,로컬상권
MA0101202503A0003369,브런치카페포레소메,기타 간이,월성동,129.2512511,35.84231597,7.1,핫플레이스
MA0101202503A0006843,한다솥경주점,한식,황남동,129.2145154,35.83332166,10.7,핫플레이스
MA0101202502A0104929,느린마을양조장용황점,한식,용강동,129.2256336,35.88152907,1.6,로컬상권
MA0101202503A0066907,부산숯불,한식,건천읍,129.1048596,35.84798909,7.6,핫플레이스
MA0101202503A0008263,박신우제면소,한식,황오동,129.2150723,35.84180825,11.3,핫플레이스
MA0101202502A0059978,복터진집경주점,한식,성건동,129.187816,35.86032876,3.3,로컬상권
MA0101202503A0053582,연탄한우산대,한식,안강읍,129.1956139,36.00229791,3.2,로컬상권
MA0101202502A0051447,꽃마리북카페,비알코올 ,불국동,129.3102407,35.7944685,6.1,핫플레이스
MA0101202503A0058587,경주매운탕,한식,선도동,129.1725308,35.84454952,2.0,로컬상권
MA0101202505A0070959,티엠티피자,기타 간이,건천읍,129.1374129,35.80525357,7.6,핫플레이스
MA0101202505A0017174,용궁웰빙식당,한식,선도동,129.1504092,35.81916835,2.0,로컬상권
MA0101202504A0107656,유메오뎅경주,한식,용강동,129.2270645,35.88280904,1.6,로컬상권
MA0101202504A0106024,윤다방,비알코올 ,안강읍,129.2281141,35.99203037,3.2,로컬상권
MA0101202504A0044349,비비큐신경주역점,기타 간이,건천읍,129.1374129,35.80525357,7.6,핫플레이스
MA0101202503A0063690,황남식탁경주황리단길,한식,황남동,129.2109831,35.83562132,10.7,핫플레이스
MA0101202505A0063439,연화,비알코올 ,황오동,129.2191471,35.84268814,11.3,핫플레이스
MA0101202505A0028189,아방궁,한식,현곡면,129.1908586,35.87475309,1.2,로컬상권
MA0101202502A0044684,경주시청구내카페,비알코올 ,동천동,129.2247344,35.85650587,2.1,로컬상권
MA0101202503A0031193,휴,한식,황성동,129.220479,35.86147728,3.2,로컬상권
MA0101202504A0050380,경주이가국밥양남점,한식,양남면,129.4703449,35.70115651,4.6,로컬상권
MA0101202505A0036249,돌판한우우각집,한식,동천동,129.2264102,35.85270846,2.1,로컬상권
MA0101202505A0001634,브레드몬스터,기타 간이,황오동,129.2103363,35.84221987,11.3,핫플레이스
MA0101202503A0006882,박소베조경주점,서양식,황오동,129.2151548,35.84198693,11.3,핫플레이스
MA0101202503A0062167,오름,한식,성건동,129.2098876,35.85037357,3.3,로컬상권
MA0101202503A0062299,햇오프커피,비알코올 ,황남동,129.2082747,35.83731105,10.7,핫플레이스
MA0101202505A0073983,트린치,서양식,용강동,129.2313801,35.88508962,1.6,로컬상권
MA0101202504A0003900,지코바치킨,기타 간이,황성동,129.2179394,35.86805675,3.2,로컬상권
MA0101202504A0067103,자담치킨,기타 간이,외동읍,129.3187746,35.67851188,5.0,핫플레이스
MA0101202503A0061159,솔뫼,한식,양남면,129.4062374,35.66418035,4.6,로컬상권
MA0101202504A0095748,스모크하우스,서양식,성건동,129.208871,35.85123024,3.3,로컬상권
MA0101202503A0036548,카페프롤로그,비알코올 ,감포읍,129.5080477,35.82091131,4.5,로컬상권
MA0101202503A0078136,별이식당,한식,황오동,129.2161829,35.84194995,11.3,핫플레이스
MA0101202504A0001192,일미화로구이,한식,외동읍,129.3299348,35.67493542,5.0,핫플레이스
MA0101202502A0107542,경주중앙야시장,한식,성건동,129.2067435,35.84395286,3.3,로컬상권
MA0101202504A0019169,영아커피숍,비알코올 ,성건동,129.2043845,35.84868162,3.3,로컬상권
MA0101202502A0074135,영천얼큰돼지국밥,한식,용강동,129.2256093,35.8826378,1.6,로컬상권
MA0101202502A0011943,청춘호프,주점,건천읍,129.1091934,35.84656147,7.6,핫플레이스
MA0101202502A0049719,계간지,한식,동천동,129.2214607,35.85342184,2.1,로컬상권
MA0101202502A0079061,목구멍에기름칠,한식,성건동,129.2028167,35.84281754,3.3,로컬상권
MA0101202502A0019664,복미삼,한식,외동읍,129.3100177,35.7642251,5.0,핫플레이스
MA0101202502A0089622,커피얀,비알코올 ,동천동,129.2235143,35.85641133,2.1,로컬상권
MA0101202504A0049798,안강밀면,한식,안강읍,129.1934532,36.00115711,3.2,로컬상권
MA0101202502A0031363,꼬치&캠핑푸드,한식,현곡면,129.175715,35.88937311,1.2,로컬상권
MA0101202502A0066688,라이키카페,비알코올 ,건천읍,129.0892662,35.862345,7.6,핫플레이스
MA0101202503A0008842,놀고먹는도야지,한식,선도동,129.1877463,35.84289475,2.0,로컬상권
MA0101202502A0050718,미남장어경주숲머리점,한식,월성동,129.2522528,35.84290989,7.1,핫플레이스
MA0101202502A0028678,강동미엔,중식,황오동,129.2099078,35.8431288,11.3,핫플레이스
MA0101202502A0075390,깐돌이네,한식,서면,129.048323,35.89426338,0.9,로컬상권
MA0101202504A0002499,투다리동천,주점,동천동,129.2223396,35.85675745,2.1,로컬상권
MA0101202502A0012964,공돈,한식,동천동,129.2227323,35.85694841,2.1,로컬상권
MA0101202501A0032179,고위산삼계탕,한식,내남면,129.2051296,35.7748269,4.1,로컬상권
MA0101202503A0033438,시공,주점,황오동,129.2143548,35.84744399,11.3,핫플레이스
MA0101202502A0063280,송자맛집,한식,성건동,129.1919166,35.86172269,3.3,로컬상권
MA0101202502A0115898,스스무동,일식,성건동,129.2075834,35.8534885,3.3,로컬상권
MA0101202501A0042018,더이쁨디저트,기타 간이,황오동,129.2098256,35.84973497,11.3,핫플레이스
MA0101202502A0112939,삼성웰스토리힐스카이CC,구내식당·뷔페,천북면,129.3144519,35.9104753,3.4,로컬상권
MA0101202504A0000930,넘버.22,기타 간이,월성동,129.2650155,35.80838546,7.1,핫플레이스
MA0101202503A0037482,다시;봄,비알코올 ,불국동,129.3268895,35.78324484,6.1,핫플레이스
MA0101202502A0010347,만권화밥동국대경주캠퍼스점,한식,성건동,129.1910382,35.86479326,3.3,로컬상권
MA0101202501A0065343,부산가야밀면;청주본가경주점,한식,성건동,129.204193,35.84496381,3.3,로컬상권
MA0101202504A0084584,국제자갈집,한식,동천동,129.2237569,35.85717272,2.1,로컬상권
MA0101202502A0007748,명반점,중식,외동읍,129.3288462,35.73014514,5.0,핫플레이스
MA0101202502A0080893,오가네한우,한식,용강동,129.2342596,35.86501504,1.6,로컬상권
MA0101202503A0044741,도둑감자,기타 간이,보덕동,129.2849134,35.8357245,12.9,핫플레이스
MA0101202502A0092703,진카츠,일식,월성동,129.2535401,35.84303892,7.1,핫플레이스
MA0101202502A0076325,톤보리,한식,황남동,129.2108921,35.83592935,10.7,핫플레이스
MA0101202502A0098541,달롱도르요거트아이스크림,기타 간이,불국동,129.309293,35.76936591,6.1,핫플레이스
MA0101202412A0045420,약속다방,비알코올 ,건천읍,129.1053344,35.84669224,7.6,핫플레이스
MA0101202411A0043563,압구정갈비식당,한식,동천동,129.2255166,35.8567707,2.1,로컬상권
MA0101202412A0041896,사라정원,비알코올 ,성건동,129.1970373,35.84873515,3.3,로컬상권
MA0101202412A0010927,양지식당,한식,성건동,129.2052165,35.84235902,3.3,로컬상권
MA0101202412A0069865,경주샤슬릭,기타 간이,성건동,129.2055499,35.85599472,3.3,로컬상권
MA0101202412A0059280,미오케이크,기타 간이,황오동,129.2145323,35.84228675,11.3,핫플레이스
MA0101202412A0044119,카와,일식,양남면,129.4711171,35.70005043,4.6,로컬상권
MA0101202412A0029105,조선의꼬끼오,기타 간이,동천동,129.2260955,35.84976789,2.1,로컬상권
MA0101202412A0074033,란스키친,한식,불국동,129.328944,35.78506116,6.1,핫플레이스
MA0101202412A0085149,설미분식,기타 간이,안강읍,129.2214817,35.9903694,3.2,로컬상권
MA0101202501A0075831,용이네,한식,불국동,129.307538,35.7725262,6.1,핫플레이스
MA0101202412A0007852,김복희대구왕뽈찜,한식,안강읍,129.2284454,35.98213098,3.2,로컬상권
MA0101202411A0185352,이담,기타 간이,용강동,129.2280009,35.8834314,1.6,로컬상권
MA0101202502A0102313,어부바,한식,용강동,129.22825,35.88165174,1.6,로컬상권
MA0101202412A0067798,진솔한식뷔페강동,구내식당·뷔페,강동면,129.3129327,35.95678965,1.8,로컬상권
MA0101202412A0004505,원뚝배기,한식,안강읍,129.1932983,36.00116895,3.2,로컬상권
MA0101202502A0102049,학림아구찜·김밥,한식,서면,129.0500716,35.89250348,0.9,로컬상권
MA0101202412A0009940,미니분식김밥,기타 간이,선도동,129.1762247,35.84324821,2.0,로컬상권
MA0101202412A0053869,윌노래클럽,주점,동천동,129.2239615,35.85578133,2.1,로컬상권
MA0101202412A0008851,퓨전,한식,성건동,129.2094276,35.85294099,3.3,로컬상권
MA0101202412A0069495,양남국밥,한식,양남면,129.4622214,35.67658125,4.6,로컬상권
MA0101202501A0015391,가마치통닭,기타 간이,건천읍,129.1393241,35.80639995,7.6,핫플레이스
MA0101202504A0071347,시골식당,한식,건천읍,129.1044541,35.84897835,7.6,핫플레이스
MA0101202505A0029987,미담,일식,안강읍,129.1962466,36.00232236,3.2,로컬상권
MA0101202503A0022480,찰리빈웍스,비알코올 ,감포읍,129.5014186,35.80179539,4.5,로컬상권
MA0101202505A0034704,오롯,기타 간이,황오동,129.2125457,35.84407138,11.3,핫플레이스
MA0101202504A0011554,호식이두마리치킨경주,기타 간이,황성동,129.2135137,35.86575066,3.2,로컬상권
MA0101202504A0015599,커먼랩,한식,황오동,129.2177759,35.8415331,11.3,핫플레이스
MA0101202505A0081255,경주에서보냅니다,비알코올 ,황남동,129.2109974,35.83573819,10.7,핫플레이스
MA0101202504A0075453,선다방,비알코올 ,성건동,129.2055376,35.85115634,3.3,로컬상권
MA0101202503A0020859,폭시노래클럽,주점,황오동,129.2065828,35.84054986,11.3,핫플레이스
MA0101202503A0056222,감동까스,일식,성건동,129.2094464,35.85321997,3.3,로컬상권
MA0101202505A0083397,역전할머니맥주금장점,주점,현곡면,129.2027725,35.86961542,1.2,로컬상권
MA0101202503A0070208,샬레스넥,기타 간이,보덕동,129.279148,35.83609533,12.9,핫플레이스
MA0101202504A0068380,카페요아정경주강동리조트점,기타 간이,보덕동,129.2869681,35.82519739,12.9,핫플레이스
MA0101202504A0014261,카페본,동남아시아,외동읍,129.3417669,35.72080282,5.0,핫플레이스
MA0101202504A0099015,교촌치킨,기타 간이,황성동,129.2093804,35.86559251,3.2,로컬상권
MA0101202504A0062948,홍시뭉티기,한식,동천동,129.2324166,35.84706458,2.1,로컬상권
MA0101202503A0005117,바다동태,한식,보덕동,129.2634721,35.85257432,12.9,핫플레이스
MA0101202507A0031388,황리단길맛집,한식,황오동,129.2109392,35.84320893,11.3,핫플레이스
MA0101202504A0020452,바나나노래궁,주점,동천동,129.2239366,35.8544933,2.1,로컬상권
MA0101202503A0017740,충만돌판쭈꾸미,한식,외동읍,129.3322225,35.67537767,5.0,핫플레이스
MA0101202505A0005361,혜니의참새방앗간,기타 간이,용강동,129.2285822,35.88362785,1.6,로컬상권
MA0101202503A0047541,커피와친구들,비알코올 ,성건동,129.2056423,35.85413688,3.3,로컬상권
MA0101202503A0013717,수노래궁,주점,감포읍,129.5023133,35.80457884,4.5,로컬상권
MA0101202505A0069445,마라공방,중식,건천읍,129.1374129,35.80525357,7.6,핫플레이스
MA0101202504A0103045,슬랩트,비알코올 ,황남동,129.2138227,35.83984899,10.7,핫플레이스
MA0101202504A0106211,키친메이드,기타 간이,황성동,129.2165278,35.86784855,3.2,로컬상권
MA0101202503A0018450,산나물밥,한식,안강읍,129.2221642,35.99019457,3.2,로컬상권
MA0101202504A0044869,명륜진사갈비,한식,안강읍,129.2180069,35.99337107,3.2,로컬상권
MA0101202504A0061811,금화왕돈까스경주역점,서양식,건천읍,129.1385439,35.80081823,7.6,핫플레이스
MA0101202503A0032551,497커피,비알코올 ,양남면,129.4732141,35.68712289,4.6,로컬상권
MA0101202505A0027216,카페베네경주월드공원점,비알코올 ,보덕동,129.279148,35.83609533,12.9,핫플레이스
MA0101202505A0045560,커피밀,비알코올 ,안강읍,129.1966729,36.00050348,3.2,로컬상권
MA0101202503A0025284,서라벌사주타로,비알코올 ,황남동,129.2097235,35.83608601,10.7,핫플레이스
MA0101202505A0044481,태양다방,비알코올 ,안강읍,129.2191193,35.99191786,3.2,로컬상권
MA0101202503A0079648,뚜레쥬르반도유,기타 간이,건천읍,129.140195,35.80546536,7.6,핫플레이스
MA0101202504A0111095,네네치킨&봉구스밥버거,기타 간이,성건동,129.2072642,35.85315197,3.3,로컬상권
MA0101202505A0076829,웨이브커피,비알코올 ,보덕동,129.2949095,35.82281139,12.9,핫플레이스
MA0101202505A0081847,짚불함박,일식,황남동,129.2093989,35.83794814,10.7,핫플레이스
MA0101202507A0002101,프레드피자경주점,기타 간이,성건동,129.2094156,35.85410356,3.3,로컬상권
MA0101202507A0031762,서라벌커피,비알코올 ,외동읍,129.2747988,35.70919403,5.0,핫플레이스
MA0101202507A0014171,이디야커피경주한화리조트점,비알코올 ,보덕동,129.2699097,35.85942681,12.9,핫플레이스
MA0101202503A0068182,해돈가,한식,안강읍,129.2139737,35.99148137,3.2,로컬상권
MA0101202504A0012005,찜질방옹심이맛집,한식,양남면,129.4637402,35.67677541,4.6,로컬상권
MA0101202504A0102168,복미삼,한식,외동읍,129.3100177,35.7642251,5.0,핫플레이스
MA0101202505A0029479,현가네가야밀면,한식,건천읍,129.1030229,35.84926473,7.6,핫플레이스
MA0101202504A0055304,구짱가요궁,주점,동천동,129.2237078,35.8554166,2.1,로컬상권
MA0101202504A0079853,필레스토랑&카페,서양식,안강읍,129.2219759,35.99099096,3.2,로컬상권
MA0101202506A0006397,치맥킹경주용황점,기타 간이,용강동,129.2261472,35.88247465,1.6,로컬상권
MA0101202504A0110446,장수만세국수&푸드,한식,성건동,129.205044,35.85411182,3.3,로컬상권
MA0101202506A0019408,월성돼지국밥,한식,보덕동,129.2775219,35.83340506,12.9,핫플레이스
MA0101202504A0071593,안가뼈해장국,한식,용강동,129.2258899,35.8823803,1.6,로컬상권
MA0101202505A0076430,청솔다방,비알코올 ,안강읍,129.2149274,35.98831918,3.2,로컬상권
MA0101202504A0094107,비에이치씨경주역점,기타 간이,건천읍,129.1385439,35.80081823,7.6,핫플레이스
MA0101202507A0040261,릿,비알코올 ,황오동,129.2193769,35.84100795,11.3,핫플레이스
MA0101202506A0026145,카페보나,비알코올 ,건천읍,129.1086918,35.8464261,7.6,핫플레이스
MA0101202506A0000471,해다미,한식,양남면,129.471282,35.70038041,4.6,로컬상권
MA0101202506A0015298,우짝한우암소숯불,한식,용강동,129.2245047,35.86016835,1.6,로컬상권
MA0101202506A0005297,킹스델리,기타 간이,현곡면,129.1744445,35.88947722,1.2,로컬상권
MA0101202506A0004569,실론호프,주점,외동읍,129.3179701,35.68009519,5.0,핫플레이스
MA0101202505A0006363,골목안원조맛집진강이네,한식,양남면,129.4634226,35.67434918,4.6,로컬상권
MA0101202505A0065498,행운찻집,비알코올 ,서면,129.0513768,35.89244514,0.9,로컬상권
MA0101202506A0010730,소나무,한식,용강동,129.2304646,35.87850204,1.6,로컬상권
MA0101202505A0050293,동원홈푸드에프티,구내식당·뷔페,천북면,129.2690454,35.93230918,3.4,로컬상권
MA0101202505A0023931,읍천리382신경주역점,비알코올 ,건천읍,129.1374129,35.80525357,7.6,핫플레이스
MA0101202505A0058646,보물섬,주점,동천동,129.2239615,35.85578133,2.1,로컬상권
MA0101202506A0026238,금다방,비알코올 ,건천읍,129.1057732,35.85073033,7.6,핫플레이스
MA0101202506A0015775,콩씨국수까페,비알코올 ,강동면,129.2630219,35.98872766,1.8,로컬상권
MA0101202505A0004783,도정,일식,황오동,129.2141237,35.84629491,11.3,핫플레이스
MA0101202505A0071797,오붓이책방,기타 간이,내남면,129.2001649,35.74994057,4.1,로컬상권
MA0101202504A0100833,테라도스경주황남점,비알코올 ,황남동,129.2093622,35.83821913,10.7,핫플레이스
MA0101202506A0033414,꼬꼬뽀끼,기타 간이,황성동,129.2148267,35.863609,3.2,로컬상권
MA0101202505A0028897,에이오에프,기타 간이,황남동,129.210315,35.83746274,10.7,핫플레이스
MA0101202506A0001278,행운다방,비알코올 ,안강읍,129.2189724,35.99102856,3.2,로컬상권
MA0101202505A0019288,굿보이,한식,황오동,129.2138281,35.84362426,11.3,핫플레이스
MA0101202505A0056863,풀꽃,비알코올 ,황오동,129.2017186,35.84192762,11.3,핫플레이스
MA0101202506A0032994,포차해물촌,한식,동천동,129.2301152,35.8498465,2.1,로컬상권
MA0101202506A0026831,경주중앙야시장반카파오,동남아시아,성건동,129.2067435,35.84395286,3.3,로컬상권
MA0101202505A0014345,무위커피로스터스,비알코올 ,성건동,129.2091319,35.85026132,3.3,로컬상권
MA0101202505A0060633,시간의여백,비알코올 ,황오동,129.2096976,35.84352912,11.3,핫플레이스
MA0101202506A0012976,사쿠라,주점,성건동,129.2060726,35.85488585,3.3,로컬상권
MA0101202506A0007356,효현팜스테이,기타 간이,선도동,129.1889021,35.81528351,2.0,로컬상권
MA0101202507A0030250,옛날카페,한식,건천읍,129.1047605,35.84800884,7.6,핫플레이스
MA0101202506A0001870,손의손경주용황점,한식,황성동,129.2236385,35.88263827,3.2,로컬상권
MA0101202506A0030175,영천얼큰돼지국밥,한식,안강읍,129.226551,35.99124849,3.2,로컬상권
MA0101202506A0013236,할머니주방,기타 간이,외동읍,129.3257494,35.71409452,5.0,핫플레이스
MA0101202505A0010991,마당,한식,외동읍,129.3261285,35.71231215,5.0,핫플레이스
MA0101202510A0013173,리틀고냅,기타 간이,황남동,129.2095361,35.83850426,10.7,핫플레이스
MA0101202505A0080734,꼬꼬뽀끼경주,기타 간이,안강읍,129.2112849,35.99167515,3.2,로컬상권
MA0101202510A0018663,정짬뽕,중식,성건동,129.2087387,35.853242,3.3,로컬상권
MA0101202504A0023033,블렉문,한식,외동읍,129.3235258,35.67098662,5.0,핫플레이스
MA0101202505A0028283,피자피크경주불국사점,기타 간이,불국동,129.321067,35.78227618,6.1,핫플레이스
MA0101202510A0007325,로또노래타운,주점,외동읍,129.3257494,35.71409452,5.0,핫플레이스
MA0101202510A0027868,촌놈대패정식,한식,건천읍,129.107317,35.8454951,7.6,핫플레이스
MA0101202505A0035154,꾸브라꼬숯불두마리치킨,기타 간이,황성동,129.2198891,35.86493016,3.2,로컬상권
MA0101202510A0010686,태스시,일식,용강동,129.229135,35.88399602,1.6,로컬상권
MA0101202507A0032610,어마무시,비알코올 ,월성동,129.2509555,35.84164573,7.1,핫플레이스
MA0101202504A0087843,봉봉,주점,동천동,129.223731,35.85584867,2.1,로컬상권
MA0101202503A0020379,천년등갈비,한식,황남동,129.2088363,35.8352193,10.7,핫플레이스
MA0101202505A0054389,전통명가,기타 간이,보덕동,129.264115,35.85221981,12.9,핫플레이스
MA0101202505A0045004,코코,한식,동천동,129.2244914,35.85296027,2.1,로컬상권
MA0101202510A0006963,경주포차,한식,성건동,129.1899732,35.8606859,3.3,로컬상권
MA0101202505A0017073,블루샥경주충효점,비알코올 ,선도동,129.1769084,35.84477662,2.0,로컬상권
MA0101202510A0029249,제암산보양흑염소,한식,선도동,129.1802718,35.84312977,2.0,로컬상권
MA0101202510A0034167,모아삼손짜장,중식,천북면,129.2465388,35.91958669,3.4,로컬상권
MA0101202507A0020260,마오,서양식,성건동,129.2063429,35.85465562,3.3,로컬상권
MA0101202510A0022515,대승참숯뒷고기,한식,동천동,129.2256085,35.85926488,2.1,로컬상권
MA0101202505A0040116,세바치,기타 간이,용강동,129.2285872,35.88420442,1.6,로컬상권
MA0101202505A0083131,왓더버거경주점,기타 간이,황성동,129.2134989,35.86601223,3.2,로컬상권
MA0101202507A0019656,몽짬뽕,중식,외동읍,129.3179701,35.68009519,5.0,핫플레이스
MA0101202504A0064280,시골나들이,한식,용강동,129.229984,35.87676296,1.6,로컬상권
MA0101202507A0022330,대박,한식,외동읍,129.3246907,35.71416004,5.0,핫플레이스
MA0101202505A0018717,하루카맛도리,일식,황남동,129.2112152,35.83640997,10.7,핫플레이스
MA0101202506A0005571,바우네나주곰탕경주,한식,선도동,129.1555266,35.82307735,2.0,로컬상권
MA0101202505A0034534,마나살롱,기타 간이,용강동,129.2227241,35.86220163,1.6,로컬상권
MA0101202505A0038636,착한국밥,한식,안강읍,129.1956139,36.00229791,3.2,로컬상권
MA0101202506A0034795,우리집,한식,동천동,129.2244566,35.85805179,2.1,로컬상권
MA0101202507A0021014,일리터맥스경주읍성점,비알코올 ,황오동,129.2168035,35.84953429,11.3,핫플레이스
MA0101202506A0000420,보문가요주점,주점,보덕동,129.2847597,35.83615091,12.9,핫플레이스
MA0101202506A0008745,본숙성,한식,용강동,129.2253018,35.88470687,1.6,로컬상권
MA0101202506A0012737,필모어,비알코올 ,감포읍,129.4934407,35.76593946,4.5,로컬상권
MA0101202506A0016579,경주맥주직판매장,주점,황남동,129.2103092,35.83566075,10.7,핫플레이스
MA0101202505A0023691,아지트,한식,건천읍,129.1053642,35.85074651,7.6,핫플레이스
MA0101202506A0004615,코끼리냉장고,한식,황남동,129.2124531,35.83555821,10.7,핫플레이스
MA0101202506A0009792,스윗커피,비알코올 ,동천동,129.2258671,35.85822389,2.1,로컬상권
MA0101202505A0047485,둥지타코엔커피경주,한식,황성동,129.2134328,35.865626,3.2,로컬상권
MA0101202507A0043253,본스치킨건천점,기타 간이,건천읍,129.1090591,35.84692425,7.6,핫플레이스
MA0101202506A0014297,월성족발,한식,천북면,129.2670384,35.89616196,3.4,로컬상권
MA0101202506A0027466,무근본다방경주점,비알코올 ,황성동,129.2158647,35.86312131,3.2,로컬상권
MA0101202507A0025371,술창고,주점,동천동,129.2264635,35.85342831,2.1,로컬상권
MA0101202506A0028429,동경점,한식,동천동,129.2228399,35.85525246,2.1,로컬상권
MA0101202506A0012089,펑유,중식,성건동,129.2072864,35.85395349,3.3,로컬상권
MA0101202507A0038344,우리식당,한식,건천읍,129.088725,35.86281395,7.6,핫플레이스
MA0101202506A0039034,브라더뒷고기,한식,감포읍,129.5024501,35.80576529,4.5,로컬상권
MA0101202507A0041499,도야520,한식,용강동,129.23145,35.88481801,1.6,로컬상권
MA0101202506A0020377,샾노래클럽,주점,불국동,129.2982771,35.77690245,6.1,핫플레이스
MA0101202506A0030692,청송청과,한식,양남면,129.4591507,35.666841,4.6,로컬상권
MA0101202505A0014243,88베이글카페,비알코올 ,용강동,129.231011,35.88732204,1.6,로컬상권
MA0101202506A0008170,올라,기타 간이,외동읍,129.3188836,35.76192797,5.0,핫플레이스
MA0101202504A0098469,막창하우스,한식,동천동,129.2286131,35.84718928,2.1,로컬상권
MA0101202507A0002745,혜자스러운통닭,기타 간이,동천동,129.2290807,35.84768518,2.1,로컬상권
MA0101202505A0001834,인생국밥,한식,외동읍,129.3277944,35.71337018,5.0,핫플레이스
MA0101202505A0065257,자야커피,비알코올 ,성건동,129.2067435,35.84395286,3.3,로컬상권
MA0101202505A0032783,얼음골동치미냉면,한식,안강읍,129.1934653,36.00199484,3.2,로컬상권
MA0101202505A0041222,양귀비,주점,동천동,129.2239072,35.85542192,2.1,로컬상권
MA0101202505A0053734,월정약선차,비알코올 ,천북면,129.2918747,35.92296422,3.4,로컬상권
MA0101202505A0066974,숲을이루다,비알코올 ,황오동,129.2103363,35.84221987,11.3,핫플레이스
MA0101202505A0025308,미담칼국수,한식,황성동,129.2195859,35.86120545,3.2,로컬상권
MA0101202505A0051881,평화닭발,기타 간이,용강동,129.2261052,35.88492625,1.6,로컬상권
MA0101202505A0083344,베트남쌀국수,동남아시아,외동읍,129.3248106,35.71372523,5.0,핫플레이스
MA0101202504A0076352,국수본,한식,황성동,129.2143256,35.86707824,3.2,로컬상권
MA0101202505A0002306,명순이네분식,기타 간이,서면,129.049336,35.89275032,0.9,로컬상권
MA0101202505A0021298,요거프레소경주,비알코올 ,용강동,129.2300876,35.87650874,1.6,로컬상권
MA0101202507A0032056,양스김밥,기타 간이,안강읍,129.2230219,35.99112475,3.2,로컬상권
MA0101202505A0061098,풍기인삼갈비,한식,감포읍,129.5022386,35.80642742,4.5,로컬상권
MA0101202507A0020769,나탈리,한식,성건동,129.205481,35.85390557,3.3,로컬상권
MA0101202505A0082807,대영목장,비알코올 ,안강읍,129.225046,35.98740202,3.2,로컬상권
MA0101202504A0023949,라사천마라탕&공시우육면,중식,성건동,129.2098356,35.85487974,3.3,로컬상권
MA0101202504A0081599,고래고래노래클럽,주점,황오동,129.2108358,35.84267021,11.3,핫플레이스
MA0101202505A0020634,카페노을,한식,황남동,129.2049216,35.8369041,10.7,핫플레이스
MA0101202505A0031957,양식당,한식,황오동,129.2048188,35.83998756,11.3,핫플레이스
MA0101202505A0033293,모리커피신경주역점,비알코올 ,건천읍,129.1374129,35.80525357,7.6,핫플레이스
MA0101202505A0024724,월정,기타 간이,황남동,129.2125268,35.82705999,10.7,핫플레이스
MA0101202505A0064512,족발민족,한식,불국동,129.2989264,35.77641249,6.1,핫플레이스
MA0101202502A0007906,송백식당,한식,보덕동,129.2849134,35.8357245,12.9,핫플레이스
MA0101202504A0001560,텐퍼센트커피힐스테이트,비알코올 ,황성동,129.2205993,35.87372018,3.2,로컬상권
MA0101202502A0038182,대패생각,한식,황성동,129.2250875,35.8790253,3.2,로컬상권
MA0101202510A0025278,남촌유황오리,한식,월성동,129.2524529,35.83276947,7.1,핫플레이스
MA0101202505A0081851,한우마을식육식당,한식,안강읍,129.2064997,35.99461955,3.2,로컬상권
MA0101202507A0019943,일미식당,한식,황오동,129.2163189,35.8448488,11.3,핫플레이스
MA0101202507A0035903,소문만복래,한식,불국동,129.3209056,35.7892713,6.1,핫플레이스
MA0101202601A0002418,전봇대포차,한식,동천동,129.223113,35.85710355,2.1,로컬상권
MA0101202507A0017766,로우냅커피하우스달동네점,비알코올 ,불국동,129.3122647,35.80362909,6.1,핫플레이스
MA0101202507A0012633,소백산생고기,한식,동천동,129.2227954,35.85445136,2.1,로컬상권
MA0101202507A0016560,진솔한식뷔페,구내식당·뷔페,강동면,129.3072559,35.95631332,1.8,로컬상권
MA0101202507A0010691,한국피자헛경주,기타 간이,황성동,129.2159606,35.86258793,3.2,로컬상권
MA0101202505A0050051,소디스에스프레소바,비알코올 ,용강동,129.2319377,35.88483598,1.6,로컬상권
MA0101202507A0022278,강동국수한그릇,한식,강동면,129.2967275,35.95897513,1.8,로컬상권
MA0101202601A0031865,매일다방,비알코올 ,안강읍,129.2277127,35.99037094,3.2,로컬상권
MA0101202510A0026508,아이러브피자경주입실점,기타 간이,외동읍,129.3283861,35.71358398,5.0,핫플레이스
MA0101202507A0038077,오늘은오므라이스,주점,안강읍,129.1957533,36.00292607,3.2,로컬상권
MA0101202508A0033302,대박집,한식,동천동,129.2267601,35.85255781,2.1,로컬상권
MA0101202507A0032228,10비어하우스,주점,황성동,129.2135321,35.87357135,3.2,로컬상권
MA0101202512A0028226,만석정신경주역,한식,건천읍,129.1374129,35.80525357,7.6,핫플레이스
MA0101202512A0043604,미율당,기타 간이,선도동,129.1796554,35.84406003,2.0,로컬상권
MA0101202510A0024416,3.9다방삼구,비알코올 ,안강읍,129.2196826,35.99144791,3.2,로컬상권
MA0101202505A0079056,애주가,한식,안강읍,129.219333,35.99123813,3.2,로컬상권
MA0101202507A0015343,공차경주월드점,비알코올 ,보덕동,129.279148,35.83609533,12.9,핫플레이스
MA0101202508A0035224,모리커피경주외동,비알코올 ,외동읍,129.3322225,35.67537767,5.0,핫플레이스
MA0101202507A0037349,비에이치씨경주,기타 간이,동천동,129.2322218,35.84722138,2.1,로컬상권
MA0101202511A0012400,녹동치술령미나리,한식,외동읍,129.293006,35.65404654,5.0,핫플레이스
MA0101202507A0031268,필이네산꼼장어,한식,안강읍,129.1942462,36.00096239,3.2,로컬상권
MA0101202510A0015399,오꾸닭,기타 간이,현곡면,129.1766423,35.88967167,1.2,로컬상권
MA0101202509A0041540,족발민족,한식,동천동,129.2231218,35.85464355,2.1,로컬상권
MA0101202508A0032988,인생주막,한식,성건동,129.2060653,35.85502114,3.3,로컬상권
MA0101202508A0029406,산들강한우,한식,선도동,129.1663913,35.84667877,2.0,로컬상권
MA0101202508A0026579,대게홍게해피수산,한식,황성동,129.2157301,35.86504301,3.2,로컬상권
MA0101202507A0031785,소우미,한식,황오동,129.2143729,35.84729949,11.3,핫플레이스
MA0101202509A0035950,김밥천국,기타 간이,용강동,129.2293394,35.87667581,1.6,로컬상권
MA0101202507A0013404,황남십원빵,기타 간이,황남동,129.2086385,35.83646638,10.7,핫플레이스
MA0101202509A0017467,배스킨라빈스신경주역점,기타 간이,건천읍,129.1392792,35.80637372,7.6,핫플레이스
MA0101202508A0015009,서라벌다과,비알코올 ,황남동,129.2103092,35.83566075,10.7,핫플레이스
MA0101202508A0015271,소하책방,비알코올 ,황오동,129.2290162,35.84221706,11.3,핫플레이스
MA0101202508A0037566,행온당,한식,황남동,129.2105503,35.83717008,10.7,핫플레이스
MA0101202509A0025559,테라커피경주용황점,비알코올 ,용강동,129.2282079,35.88370688,1.6,로컬상권
MA0101202509A0018289,마숑드숑,한식,선도동,129.1847189,35.84347246,2.0,로컬상권
MA0101202509A0041367,아마데우스,주점,외동읍,129.3241732,35.71460254,5.0,핫플레이스
MA0101202509A0029920,빽다방경주보문점,비알코올 ,보덕동,129.284818,35.83548304,12.9,핫플레이스
MA0101202509A0005775,180도치킨,기타 간이,현곡면,129.2022842,35.86837193,1.2,로컬상권
MA0101202509A0023774,달빛한상,한식,황성동,129.2107574,35.86694576,3.2,로컬상권
MA0101202508A0012586,또와꼬마김밥,기타 간이,감포읍,129.5023696,35.80601925,4.5,로컬상권
MA0101202507A0039327,엘,주점,성건동,129.2056366,35.85392974,3.3,로컬상권
MA0101202509A0021217,동궁찜닭,한식,안강읍,129.1952775,36.00256536,3.2,로컬상권
MA0101202508A0008489,황제한식,한식,황성동,129.2198817,35.86704774,3.2,로컬상권
MA0101202508A0025571,동바커피,비알코올 ,성건동,129.2108562,35.85217585,3.3,로컬상권
MA0101202508A0006677,포마차,한식,현곡면,129.2039504,35.86857563,1.2,로컬상권
MA0101202508A0016187,통큰제육나라,한식,외동읍,129.32997,35.71144489,5.0,핫플레이스
MA0101202508A0033837,샤브마니아경주,한식,동천동,129.2415329,35.84224543,2.1,로컬상권
MA0101202508A0034324,시골숯불한우촌,한식,서면,129.0460031,35.89577168,0.9,로컬상권
MA0101202508A0035247,초선찻집,비알코올 ,서면,129.0491405,35.89418635,0.9,로컬상권
MA0101202509A0008635,한잔,한식,동천동,129.2298231,35.85008619,2.1,로컬상권
MA0101202509A0021088,황리단치킨,기타 간이,황남동,129.2087101,35.83705075,10.7,핫플레이스
MA0101202508A0030789,초이스카페,한식,건천읍,129.1064814,35.84988893,7.6,핫플레이스
MA0101202601A0037037,경주디톡스족욕카페,비알코올 ,용강동,129.2215396,35.86774692,1.6,로컬상권
MA0101202508A0016461,소디스에스프레소바보문점,비알코올 ,보덕동,129.285018,35.8366686,12.9,핫플레이스
MA0101202509A0041732,경주벚꽃만두,기타 간이,황오동,129.2139991,35.8430084,11.3,핫플레이스
MA0101202508A0002128,여우비,주점,동천동,129.2239072,35.85542192,2.1,로컬상권
MA0101202508A0022470,두찜경주,한식,불국동,129.321067,35.78227618,6.1,핫플레이스
MA0101202509A0023589,파티,주점,안강읍,129.2170899,35.99309069,3.2,로컬상권
MA0101202511A0000443,고래등,한식,감포읍,129.4925686,35.7606687,4.5,로컬상권
MA0101202508A0000722,디저트39,비알코올 ,황성동,129.2143751,35.86448233,3.2,로컬상권
MA0101202508A0030702,맘스터치경주,기타 간이,황성동,129.2129756,35.86391344,3.2,로컬상권
MA0101202508A0009176,정다방,비알코올 ,서면,129.0506723,35.89261036,0.9,로컬상권
MA0101202508A0018131,더빈스커피,비알코올 ,외동읍,129.3259253,35.71596528,5.0,핫플레이스
MA0101202509A0003992,하노이쌀국수,동남아시아,황오동,129.2151867,35.84233775,11.3,핫플레이스
MA0101202508A0020530,커피특별시경주,비알코올 ,외동읍,129.3259505,35.71417173,5.0,핫플레이스
MA0101202509A0005694,유성푸드,한식,외동읍,129.2945249,35.71017096,5.0,핫플레이스
MA0101202509A0000121,카페369,비알코올 ,서면,129.0568864,35.89010722,0.9,로컬상권
MA0101202508A0028759,이사부피자,기타 간이,황남동,129.2100746,35.83598044,10.7,핫플레이스
MA0101202508A0032295,카페바나,한식,황남동,129.1985707,35.79762658,10.7,핫플레이스
MA0101202508A0037603,페치카,서양식,성건동,129.2064811,35.85644616,3.3,로컬상권
MA0101202509A0022401,감포중매인참가자미횟집,한식,동천동,129.2267569,35.85679276,2.1,로컬상권
MA0101202601A0043995,족발공장,한식,동천동,129.2314688,35.84641542,2.1,로컬상권
MA0101202508A0018082,진막골,한식,건천읍,129.1010966,35.85175835,7.6,핫플레이스
MA0101202508A0027237,이치니산도,기타 간이,황남동,129.2092893,35.83639134,10.7,핫플레이스
MA0101202601A0009529,복돼지,한식,성건동,129.2075834,35.8534885,3.3,로컬상권
MA0101202508A0013543,우드스탁,주점,성건동,129.2050751,35.85563402,3.3,로컬상권
MA0101202601A0019547,뭉,비알코올 ,황오동,129.2240198,35.84162489,11.3,핫플레이스
MA0101202508A0006689,평화로부대찌개&부대볶음경주점,한식,성건동,129.2050634,35.85361589,3.3,로컬상권
MA0101202601A0012648,신세계7080뮤직홀,주점,동천동,129.2239582,35.8552678,2.1,로컬상권
MA0101202603A0028436,십원빵간식코너점,기타 간이,건천읍,129.1391609,35.80114064,7.6,핫플레이스
MA0101202511A0035773,옥이분식,기타 간이,동천동,129.223108,35.85652698,2.1,로컬상권
MA0101202603A0028846,냠냠숯불두마리치킨경주점,기타 간이,성건동,129.2075834,35.8534885,3.3,로컬상권
MA0101202602A0036699,방그리,한식,외동읍,129.3245231,35.71485708,5.0,핫플레이스
MA0101202603A0023844,가을닮은초밥,일식,황성동,129.2105079,35.86912186,3.2,로컬상권
MA0101202602A0031652,용궁회관,주점,감포읍,129.5027615,35.80370455,4.5,로컬상권
MA0101202511A0008649,훈이네밥집,한식,외동읍,129.3179701,35.68009519,5.0,핫플레이스
MA0101202511A0022411,경주왕실족발,한식,불국동,129.3072003,35.77270388,6.1,핫플레이스
MA0101202511A0009341,용월각,중식,안강읍,129.2226369,35.9920239,3.2,로컬상권
MA0101202509A0010656,공감,한식,감포읍,129.5027856,35.80728999,4.5,로컬상권
MA0101202511A0009450,참스시,일식,황성동,129.2131931,35.86576558,3.2,로컬상권
MA0101202511A0026354,유호재단비고집,비알코올 ,내남면,129.1716781,35.79093412,4.1,로컬상권
MA0101202506A0022106,브리즈나인,한식,현곡면,129.1689914,35.88766565,1.2,로컬상권
MA0101202602A0005625,아무데나,한식,안강읍,129.2247762,35.99279515,3.2,로컬상권
MA0101202603A0049904,페이지,한식,동천동,129.2197759,35.85531814,2.1,로컬상권
MA0101202511A0010714,오빠야분식,기타 간이,성건동,129.2028211,35.84337611,3.3,로컬상권
MA0101202603A0009990,료혼신라관,한식,황남동,129.2101612,35.83670869,10.7,핫플레이스
MA0101202511A0036275,내안애,한식,동천동,129.2293926,35.84933731,2.1,로컬상권
MA0101202603A0005147,브로드웨이,한식,성건동,129.2060656,35.85463369,3.3,로컬상권
MA0101202602A0027504,초원암소숯불,한식,외동읍,129.3406045,35.68748709,5.0,핫플레이스
MA0101202511A0035986,스쿱당,기타 간이,황남동,129.2144216,35.83432355,10.7,핫플레이스
MA0101202602A0002621,육미촨촨,중식,황성동,129.2229811,35.88288472,3.2,로컬상권
MA0101202512A0031810,카페사랑채,비알코올 ,보덕동,129.2631292,35.85219334,12.9,핫플레이스
MA0101202506A0037018,우정다방,비알코올 ,서면,129.0500862,35.8930709,0.9,로컬상권
MA0101202511A0038782,치키차카초코경주점,기타 간이,황오동,129.2139771,35.84181943,11.3,핫플레이스
MA0101202511A0023968,밤향가득,한식,황남동,129.2098084,35.82757857,10.7,핫플레이스
MA0101202509A0012024,이조짬뽕,중식,내남면,129.2003517,35.7499011,4.1,로컬상권
MA0101202511A0007610,행복다방,비알코올 ,서면,129.0512012,35.89293472,0.9,로컬상권
MA0101202603A0018801,맘스터치&피자경주금장점,기타 간이,현곡면,129.2024729,35.86799003,1.2,로컬상권
MA0101202603A0026415,이안카츠,서양식,선도동,129.1731677,35.84558322,2.0,로컬상권
MA0101202512A0027214,제주아홉혼술바경주황리단길점,한식,황남동,129.2103092,35.83566075,10.7,핫플레이스
MA0101202602A0011896,시골여행,한식,동천동,129.225948,35.8567627,2.1,로컬상권
MA0101202511A0037560,남산셀프정식,한식,황남동,129.2038,35.79474655,10.7,핫플레이스
MA0101202602A0011959,남산서가,비알코올 ,황오동,129.2146864,35.84225687,11.3,핫플레이스
MA0101202602A0008706,오세요분식,기타 간이,감포읍,129.502011,35.80410761,4.5,로컬상권
MA0101202602A0035875,시장커피,비알코올 ,문무대왕면,129.4415151,35.79052162,2.4,로컬상권
MA0101202603A0010210,황남양옥,한식,황남동,129.2113105,35.8366515,10.7,핫플레이스
MA0101202511A0018106,카페인중독경주,비알코올 ,황성동,129.2133255,35.86455574,3.2,로컬상권
MA0101202511A0036445,경주우두갈비,한식,황남동,129.2079348,35.83902027,10.7,핫플레이스
MA0101202511A0005545,국수가술술,한식,서면,129.0491197,35.89380826,0.9,로컬상권
MA0101202509A0034090,카페내서로378,비알코올 ,서면,129.0455468,35.89611285,0.9,로컬상권
MA0101202509A0037374,신당양꼬치,중식,황오동,129.2136198,35.84289826,11.3,핫플레이스
MA0101202509A0023738,철이네,한식,용강동,129.2291707,35.87894956,1.6,로컬상권
MA0101202509A0030021,돼지식당,한식,안강읍,129.1930782,36.00202895,3.2,로컬상권
MA0101202509A0006057,수라전통육개장,한식,양남면,129.4671639,35.6810932,4.6,로컬상권
MA0101202511A0023555,페리카나충효점,기타 간이,선도동,129.1838242,35.84353378,2.0,로컬상권
MA0101202509A0014497,이거숯불양념치킨,기타 간이,불국동,129.2978378,35.77662252,6.1,핫플레이스
MA0101202509A0031188,달빛주전자,한식,건천읍,129.1374129,35.80525357,7.6,핫플레이스
MA0101202509A0040993,봉이술상,한식,동천동,129.2228004,35.85264918,2.1,로컬상권
MA0101202509A0036883,우야든돈,한식,동천동,129.2326849,35.84755517,2.1,로컬상권
MA0101202509A0032129,혼술바포,주점,황오동,129.2085199,35.84375802,11.3,핫플레이스
MA0101202601A0040377,경주안주연구소,한식,황오동,129.2037354,35.84002547,11.3,핫플레이스
MA0101202509A0027385,숨;결,비알코올 ,안강읍,129.2248356,35.99254176,3.2,로컬상권
MA0101202509A0040024,동행식당,한식,외동읍,129.304379,35.70017923,5.0,핫플레이스
MA0101202509A0036546,길한우,한식,황성동,129.2152361,35.86956634,3.2,로컬상권
MA0101202509A0038941,서진푸줏간식육식당,기타 간이,불국동,129.3014361,35.77525618,6.1,핫플레이스
MA0101202512A0020191,통큰솥뚜껑닭볶음탕경주점,한식,황오동,129.2102501,35.8438974,11.3,핫플레이스
MA0101202509A0014761,그집갈비탕,한식,외동읍,129.3191106,35.73737939,5.0,핫플레이스
MA0101202509A0042132,돼지와막창,한식,외동읍,129.3310698,35.71506377,5.0,핫플레이스
MA0101202509A0013659,투썸플레이스경주고속,비알코올 ,황오동,129.2043812,35.8389684,11.3,핫플레이스
MA0101202512A0003001,안동갈비국밥,한식,외동읍,129.3250444,35.71302691,5.0,핫플레이스
MA0101202505A0051774,서울정식,한식,건천읍,129.106269,35.85022605,7.6,핫플레이스
MA0101202601A0014305,노랑통닭경주용황점,기타 간이,용강동,129.2261291,35.88498888,1.6,로컬상권
MA0101202508A0020437,코아루뼈해장국,한식,월성동,129.2661049,35.80390478,7.1,핫플레이스
MA0101202509A0043214,백년가약,한식,선도동,129.1860947,35.8423932,2.0,로컬상권
MA0101202509A0003031,경주옹기종기땅콩빵,기타 간이,불국동,129.3001571,35.77537978,6.1,핫플레이스
MA0101202509A0033273,오래뜰,서양식,용강동,129.2262119,35.86421842,1.6,로컬상권
MA0101202508A0013143,클럽허브스타트하우스,한식,양남면,129.375639,35.72028271,4.6,로컬상권
MA0101202509A0033149,정담,한식,선도동,129.1691292,35.84764755,2.0,로컬상권
MA0101202601A0008532,함바소갈비경주점,한식,황성동,129.2195436,35.86563936,3.2,로컬상권
MA0101202509A0040106,마실소주방,한식,안강읍,129.2132206,35.99151329,3.2,로컬상권
MA0101202508A0009462,맘스터치신경주역점,기타 간이,건천읍,129.1393849,35.80124478,7.6,핫플레이스
MA0101202508A0025168,카네기7080,주점,동천동,129.2231592,35.85558894,2.1,로컬상권
MA0101202512A0025869,한라도니,한식,동천동,129.2243863,35.85236753,2.1,로컬상권
MA0101202509A0023754,강동다방,비알코올 ,강동면,129.2750399,35.98988781,1.8,로컬상권
MA0101202508A0001899,두부마을,한식,불국동,129.3120581,35.7839095,6.1,핫플레이스
MA0101202509A0033727,신깡통뒷고기경주,한식,동천동,129.2231115,35.8562566,2.1,로컬상권
MA0101202508A0027145,삼성웰스토리일진글로벌경주,구내식당·뷔페,현곡면,129.2221309,35.89009974,1.2,로컬상권
MA0101202508A0017389,카네기,한식,동천동,129.2231592,35.85558894,2.1,로컬상권
MA0101202506A0009901,오늘;수제비,주점,선도동,129.187357,35.84161334,2.0,로컬상권
MA0101202506A0030566,벚꽃한잔,한식,동천동,129.2226594,35.85592257,2.1,로컬상권
MA0101202509A0004126,와이소옥,한식,황남동,129.2124361,35.83454936,10.7,핫플레이스
MA0101202601A0037502,리커피하우스,비알코올 ,황오동,129.2104457,35.8421728,11.3,핫플레이스
MA0101202509A0038775,미담영양솥밥,한식,불국동,129.315975,35.78970881,6.1,핫플레이스
MA0101202509A0012652,계수닭한마리,한식,불국동,129.3074775,35.78879102,6.1,핫플레이스
MA0101202509A0036427,북카페'알',비알코올 ,황성동,129.2154037,35.86564372,3.2,로컬상권
MA0101202506A0038828,바다양푼이동태탕양남점,한식,양남면,129.4504611,35.66106252,4.6,로컬상권
MA0101202506A0011262,장진길31,한식,감포읍,129.4952881,35.79214709,4.5,로컬상권
MA0101202601A0039620,키도트kiddot,서양식,황남동,129.2094759,35.83873063,10.7,핫플레이스
MA0101202506A0005672,아이스나라황성로,한식,황성동,129.2186445,35.8679356,3.2,로컬상권
MA0101202509A0034474,복커피숍,비알코올 ,강동면,129.2742648,35.98760493,1.8,로컬상권
MA0101202506A0022457,생고기제작소,한식,성건동,129.2063297,35.85417831,3.3,로컬상권
MA0101202601A0017765,베트남노래클럽,주점,외동읍,129.3248106,35.71372523,5.0,핫플레이스
MA0101202508A0032447,미소찬구내식당,구내식당·뷔페,외동읍,129.3128503,35.67680578,5.0,핫플레이스
MA0101202509A0030368,엘타코,서양식,동천동,129.2224766,35.85571871,2.1,로컬상권
MA0101202509A0004305,레페쉬카,기타 간이,성건동,129.2070704,35.85414668,3.3,로컬상권
MA0101202506A0026431,당근펜션&카페,기타 간이,감포읍,129.5085004,35.81807275,4.5,로컬상권
MA0101202510A0005771,메가엠지씨커피경주불국시래점,비알코올 ,불국동,129.3001571,35.77537978,6.1,핫플레이스
MA0101202510A0018356,수내닭꼬치,한식,불국동,129.3062074,35.772777,6.1,핫플레이스
MA0101202601A0017757,마왕족발경주,한식,황성동,129.2112995,35.86733223,3.2,로컬상권
MA0101202509A0019675,그집,한식,외동읍,129.3192431,35.67867405,5.0,핫플레이스
MA0101202509A0034064,이디야,비알코올 ,동천동,129.2239351,35.85483573,2.1,로컬상권
MA0101202510A0030146,오푸스11,한식,천북면,129.2797416,35.90394048,3.4,로컬상권
MA0101202506A0038008,별미돼지국밥,한식,용강동,129.2249282,35.88283063,1.6,로컬상권
MA0101202506A0017206,수복튜나스시,일식,동천동,129.2239438,35.84920406,2.1,로컬상권
MA0101202510A0007779,만족오향족발신경주점,한식,건천읍,129.1392792,35.80637372,7.6,핫플레이스
MA0101202508A0020280,폴모리아,주점,보덕동,129.2814867,35.84550275,12.9,핫플레이스
MA0101202508A0011462,경주고깃간,한식,보덕동,129.2809328,35.84741445,12.9,핫플레이스
MA0101202506A0009801,나무야,한식,안강읍,129.1603486,36.0123453,3.2,로컬상권
MA0101202510A0018502,만타스시31,일식,황성동,129.2141859,35.86763045,3.2,로컬상권
MA0101202508A0016420,홍대불고기,한식,성건동,129.1911543,35.86097071,3.3,로컬상권
MA0101202509A0005157,연희밥상,한식,감포읍,129.5074634,35.80902146,4.5,로컬상권
MA0101202510A0012967,혼밥시대2002,한식,성건동,129.2064667,35.85073381,3.3,로컬상권
MA0101202601A0028112,경주소반,한식,불국동,129.3282393,35.78516492,6.1,핫플레이스
MA0101202509A0024455,등푸른회이야기,한식,황오동,129.2071458,35.8488832,11.3,핫플레이스
MA0101202601A0039818,진흥왕갈비,한식,황오동,129.2048455,35.84095119,11.3,핫플레이스
MA0101202601A0030247,갓튀긴후라이드경주,기타 간이,황성동,129.215362,35.86494168,3.2,로컬상권
MA0101202509A0010553,여머고,한식,황오동,129.215273,35.8470306,11.3,핫플레이스
MA0101202507A0002913,초대받은손님,기타 간이,불국동,129.3277229,35.78262501,6.1,핫플레이스
MA0101202510A0032917,메이저,주점,동천동,129.2239615,35.85498841,2.1,로컬상권
MA0101202507A0042375,두찜경주황오점,한식,황오동,129.2140307,35.85090997,11.3,핫플레이스
MA0101202511A0007353,다방요,비알코올 ,동천동,129.2264335,35.85116725,2.1,로컬상권
MA0101202508A0033788,일품향,중식,황성동,129.2104834,35.86624799,3.2,로컬상권
MA0101202509A0027505,스마일하비,비알코올 ,선도동,129.1885869,35.84126655,2.0,로컬상권
MA0101202510A0017089,일성횟집,한식,양남면,129.4647394,35.66725826,4.6,로컬상권
MA0101202510A0018283,아시아레스토,한식,안강읍,129.1965261,36.00160543,3.2,로컬상권
MA0101202508A0008609,명호푸드구내식당,구내식당·뷔페,황오동,129.2023447,35.84055556,11.3,핫플레이스
MA0101202509A0002712,대명소머리곰탕,한식,외동읍,129.3217265,35.72775089,5.0,핫플레이스
MA0101202509A0040281,금은보화다방,비알코올 ,안강읍,129.2254273,35.99110717,3.2,로컬상권
MA0101202508A0027173,우후죽순경주용황점,한식,황성동,129.2191331,35.8814782,3.2,로컬상권
MA0101202508A0008837,미소,한식,안강읍,129.2264225,35.99062016,3.2,로컬상권
MA0101202508A0037220,이항우씨푸드,한식,외동읍,129.3360358,35.67095168,5.0,핫플레이스
MA0101202508A0011871,갑산옛날짜장,중식,안강읍,129.2278746,35.97444684,3.2,로컬상권
MA0101202509A0008928,69노래클럽,주점,동천동,129.2234091,35.85423276,2.1,로컬상권
MA0101202508A0006333,카페봉황당,비알코올 ,황오동,129.2089112,35.83951591,11.3,핫플레이스
MA0101202509A0026008,진곱도리탕경주점,한식,성건동,129.2050634,35.85361589,3.3,로컬상권
MA0101202509A0011431,마닐라나이트클럽,주점,황오동,129.2132298,35.84160794,11.3,핫플레이스
MA0101202511A0002930,모리커피경주용황점,비알코올 ,용강동,129.2261291,35.88498888,1.6,로컬상권
MA0101202511A0039459,고모네생선구이,한식,성건동,129.2067435,35.84395286,3.3,로컬상권
MA0101202509A0015678,양남해물칼국수,한식,양남면,129.4725489,35.68489305,4.6,로컬상권
MA0101202509A0027114,정민분식,기타 간이,강동면,129.2744625,35.98792554,1.8,로컬상권
MA0101202510A0009987,왕금짜장,중식,안강읍,129.2209773,35.99056796,3.2,로컬상권
MA0101202509A0043147,멕시카나치킨,기타 간이,외동읍,129.324553,35.71360406,5.0,핫플레이스
MA0101202508A0028952,은아먹거리,한식,안강읍,129.22226,35.99123799,3.2,로컬상권
MA0101202509A0039933,임만순숯불갈비,한식,안강읍,129.1941436,36.00126161,3.2,로컬상권
MA0101202509A0002477,블루샥경주,비알코올 ,황성동,129.2204523,35.86924474,3.2,로컬상권
MA0101202507A0021227,포비엗,동남아시아,성건동,129.2063429,35.85465562,3.3,로컬상권
MA0101202507A0010880,비비비당,비알코올 ,보덕동,129.2863841,35.83954392,12.9,핫플레이스
MA0101202507A0042700,푸드스토리,기타 간이,천북면,129.2742191,35.87156323,3.4,로컬상권
MA0101202507A0011064,갓그랑길80,한식,불국동,129.3234947,35.79273528,6.1,핫플레이스
MA0101202507A0021216,카페노경보차라파,기타 간이,황남동,129.1968392,35.79660401,10.7,핫플레이스
MA0101202510A0032424,엄마손돈까스삼겹살,한식,안강읍,129.1961566,36.00267541,3.2,로컬상권
MA0101202507A0040665,청춘꼬마김밥신경주역점,기타 간이,건천읍,129.140195,35.80546536,7.6,핫플레이스
MA0101202507A0026482,소풍날,기타 간이,외동읍,129.3197166,35.72588848,5.0,핫플레이스
MA0101202507A0013899,보통식당,한식,황성동,129.2102332,35.86640577,3.2,로컬상권
MA0101202506A0006355,경동막걸리,주점,선도동,129.1797649,35.84482393,2.0,로컬상권
MA0101202507A0029013,미소찬,한식,양남면,129.4696636,35.67942911,4.6,로컬상권
MA0101202506A0026332,디어슬로우,기타 간이,황오동,129.209556,35.84241443,11.3,핫플레이스
MA0101202510A0030674,워터도트,비알코올 ,황오동,129.2206298,35.84148938,11.3,핫플레이스
MA0101202507A0019594,쁘띠경주,비알코올 ,불국동,129.3055996,35.78312352,6.1,핫플레이스
MA0101202507A0043129,포차클래스,한식,선도동,129.188462,35.84115169,2.0,로컬상권
MA0101202510A0035524,알통떡강정경주,기타 간이,황오동,129.2174878,35.84191685,11.3,핫플레이스
MA0101202507A0035752,농부의주말빵집;농부의경주명과,기타 간이,황남동,129.2111615,35.82012004,10.7,핫플레이스
MA0101202507A0023192,추포,한식,외동읍,129.3273279,35.71442441,5.0,핫플레이스
MA0101202510A0032402,티티에이치,기타 간이,황오동,129.2150859,35.84707009,11.3,핫플레이스
MA0101202507A0029410,더벤티경주용황휴포레점,비알코올 ,용강동,129.2261052,35.88492625,1.6,로컬상권
MA0101202505A0029293,중앙식당,한식,성건동,129.2067435,35.84395286,3.3,로컬상권
MA0106202506A0421897,탁,한식,황오동,129.2099554,35.8428486,11.3,핫플레이스
MA0101202507A0001960,용담로199,한식,황성동,129.210421,35.8663933,3.2,로컬상권
MA0101202507A0036048,경주,한식,보덕동,129.2884474,35.84549647,12.9,핫플레이스
MA0101202507A0018150,내조국국밥경주점,한식,동천동,129.2239603,35.85732213,2.1,로컬상권
MA0101202511A0040457,더온오므라이스,한식,황오동,129.2133448,35.84256093,11.3,핫플레이스
MA0101202511A0022326,경주감포식당,한식,성건동,129.2067435,35.84395286,3.3,로컬상권
MA0101202511A0030392,장날족발,한식,안강읍,129.2226008,35.99113256,3.2,로컬상권
MA0101202510A0014736,에바돈가츠,일식,황성동,129.2141859,35.86763045,3.2,로컬상권
MA0101202510A0021016,더킹2,한식,양남면,129.4718986,35.68386124,4.6,로컬상권
MA0101202511A0012038,모화닭강정,기타 간이,외동읍,129.3329828,35.67797595,5.0,핫플레이스
MA0101202511A0035429,스모프치킨,기타 간이,외동읍,129.3094445,35.76313684,5.0,핫플레이스
MA0101202510A0023128,제비집경주용황점,한식,용강동,129.2263319,35.88274153,1.6,로컬상권
MA0101202512A0013770,계림촌,한식,황남동,129.2094335,35.83680317,10.7,핫플레이스
MA0101202510A0021487,닭이랑오리랑,한식,불국동,129.2981773,35.77766123,6.1,핫플레이스
MA0101202601A0023875,커피데이,비알코올 ,안강읍,129.1977975,36.00346527,3.2,로컬상권
MA0101202510A0032356,진코7080,주점,황오동,129.2030213,35.8410117,11.3,핫플레이스
MA0101202511A0037408,말자곰탕,한식,안강읍,129.2250425,35.98964564,3.2,로컬상권
MA0101202510A0023501,한우114숯불,한식,안강읍,129.2281207,35.99226452,3.2,로컬상권
MA0101202511A0003727,따시락,한식,황오동,129.2157069,35.84631978,11.3,핫플레이스
MA0101202601A0034628,장수대박뒷고기,한식,불국동,129.3067145,35.77234378,6.1,핫플레이스
MA0101202511A0027875,본죽앤비빔밥신경주점,한식,건천읍,129.1374129,35.80525357,7.6,핫플레이스
MA0101202511A0025083,리틀포레스트,기타 간이,황남동,129.2094064,35.83662346,10.7,핫플레이스
MA0101202509A0035688,오마카세청담,한식,동천동,129.224465,35.85320404,2.1,로컬상권
MA0101202510A0035966,튀긴치킨싫어서구운치킨만파는집경주,기타 간이,황성동,129.2122903,35.86713378,3.2,로컬상권
MA0101202510A0012056,꾸브라꼬숯불치킨신경주역점,기타 간이,건천읍,129.1374129,35.80525357,7.6,핫플레이스
MA0101202511A0017632,육갑화로,한식,황성동,129.2106799,35.86893849,3.2,로컬상권
MA0101202512A0013101,맛나분식,기타 간이,황오동,129.2163118,35.84538956,11.3,핫플레이스
MA0101202601A0039362,피트스탑피자펍,기타 간이,보덕동,129.2802195,35.84723878,12.9,핫플레이스
MA0101202510A0008356,참치이찌방,일식,외동읍,129.3244115,35.71405731,5.0,핫플레이스
MA0101202510A0022238,어반922A.VAN922,일식,성건동,129.214533,35.8530542,3.3,로컬상권
MA0101202510A0013557,초원카페,비알코올 ,안강읍,129.2225258,35.98925081,3.2,로컬상권
MA0101202601A0018929,팡도르,기타 간이,양남면,129.4624659,35.67735112,4.6,로컬상권
MA0101202512A0015479,두꺼비가든,한식,내남면,129.2359095,35.73642318,4.1,로컬상권
MA0101202601A0025522,경주빵맛집둥근달붕어빵,비알코올 ,황오동,129.2115679,35.84353074,11.3,핫플레이스
MA0101202510A0033842,연막창경주,한식,동천동,129.2244168,35.85385368,2.1,로컬상권
MA0101202512A0020156,장사부양꼬치,중식,외동읍,129.3246706,35.71461095,5.0,핫플레이스
MA0101202511A0028321,화루,한식,건천읍,129.1374129,35.80525357,7.6,핫플레이스
MA0101202509A0025184,경주한우심곡셀프식당,한식,서면,129.0586821,35.89659115,0.9,로컬상권
MA0101202510A0006549,대구식당,한식,문무대왕면,129.4406619,35.79118767,2.4,로컬상권
MA0101202512A0027677,코오롱글로벌FS보문GC점,한식,보덕동,129.2768565,35.85386208,12.9,핫플레이스
MA0101202511A0024023,진국수,한식,성건동,129.2067435,35.84395286,3.3,로컬상권
MA0101202601A0023729,경산소찌개경주점,한식,동천동,129.2251007,35.85694059,2.1,로컬상권
MA0101202511A0032390,경주해장국식당,한식,황오동,129.2166372,35.84077922,11.3,핫플레이스
MA0101202510A0021281,송죽다방,비알코올 ,안강읍,129.227375,35.99255769,3.2,로컬상권
MA0101202601A0001235,송정원순두부,한식,불국동,129.3099451,35.7705067,6.1,핫플레이스
MA0101202511A0001893,87닭강정경주보문점,기타 간이,보덕동,129.2595993,35.85962125,12.9,핫플레이스
MA0101202508A0000497,행복술센타,한식,황성동,129.2193489,35.86818389,3.2,로컬상권
MA0101202602A0030539,써니키친,한식,용강동,129.2223058,35.86902123,1.6,로컬상권
MA0101202511A0001420,수영냉삼경주용황점,한식,용강동,129.2273336,35.88213728,1.6,로컬상권
MA0101202601A0013827,정숙한칼국수,한식,감포읍,129.5014824,35.80453307,4.5,로컬상권
MA0101202512A0040901,호치킨,기타 간이,황성동,129.2198817,35.86704774,3.2,로컬상권
MA0101202512A0039823,육사사식당,한식,양남면,129.4712558,35.699534,4.6,로컬상권
MA0101202601A0034759,물레방아찻집,비알코올 ,감포읍,129.4938197,35.76462515,4.5,로컬상권
MA0101202603A0002778,새마당,한식,양남면,129.457686,35.71410204,4.6,로컬상권
MA0101202602A0005954,김가,기타 간이,황남동,129.2110285,35.83446715,10.7,핫플레이스
MA0101202511A0015193,호베,비알코올 ,용강동,129.231774,35.88492011,1.6,로컬상권
MA0101202511A0021309,금두꺼비식당,한식,불국동,129.2977665,35.77721857,6.1,핫플레이스
MA0101202512A0004557,또봉이통닭,기타 간이,안강읍,129.1965604,36.00364112,3.2,로컬상권
MA0101202511A0036640,대가숯불,한식,산내면,129.0645158,35.65492021,1.0,로컬상권
MA0101202511A0031856,닭만공격,기타 간이,외동읍,129.3274338,35.71426918,5.0,핫플레이스
MA0101202511A0035760,풍녀네카페,비알코올 ,보덕동,129.2615028,35.84948483,12.9,핫플레이스
MA0101202602A0009930,더원에프건천공장점,구내식당·뷔페,건천읍,129.1078198,35.86406619,7.6,핫플레이스
MA0101202512A0024208,아모로소커피,비알코올 ,선도동,129.1800689,35.81590365,2.0,로컬상권
MA0101202601A0020736,해파랑,한식,양남면,129.4710711,35.7003487,4.6,로컬상권
MA0101202511A0028326,유니네,한식,서면,129.0490072,35.89288208,0.9,로컬상권
MA0101202511A0000785,호궁회센타,한식,감포읍,129.5032795,35.80435148,4.5,로컬상권
MA0101202510A0022502,샤브야,한식,용강동,129.2326785,35.88085765,1.6,로컬상권
MA0101202510A0014938,고민석불오뎅가마솥떡볶이,기타 간이,용강동,129.2261291,35.88498888,1.6,로컬상권
MA0101202602A0004799,산내식당,한식,황오동,129.2163118,35.84538956,11.3,핫플레이스
MA0101202512A0009129,원커피&cafe,비알코올 ,안강읍,129.2267119,35.99223663,3.2,로컬상권
MA0101202602A0000990,불국장터국밥,한식,불국동,129.3011232,35.77552348,6.1,핫플레이스
MA0101202602A0015145,바분월정교점,한식,월성동,129.2151532,35.82959759,7.1,핫플레이스
MA0101202511A0036596,함흥식당,기타 간이,안강읍,129.2273735,35.99053042,3.2,로컬상권
MA0101202603A0042733,카페피어39,비알코올 ,양남면,129.4696636,35.67942911,4.6,로컬상권
MA0101202511A0008670,인생아구찜경주점,한식,황성동,129.2141387,35.8675232,3.2,로컬상권
MA0101202511A0039792,수제팥집호문당,기타 간이,보덕동,129.2902318,35.84443529,12.9,핫플레이스
MA0101202601A0022731,반미,동남아시아,외동읍,129.3256168,35.71485396,5.0,핫플레이스
MA0101202511A0035314,등촌샤브칼국수,한식,동천동,129.2237828,35.85691094,2.1,로컬상권
MA0101202602A0022611,오구또오구,한식,안강읍,129.2223136,35.98998457,3.2,로컬상권
MA0101202511A0023654,보현갈비,한식,양남면,129.4713407,35.70013593,4.6,로컬상권
MA0101202512A0004956,만백,한식,황오동,129.2151919,35.84292334,11.3,핫플레이스
MA0101202512A0002542,미발이분식,기타 간이,선도동,129.1894765,35.84142154,2.0,로컬상권
MA0101202512A0022167,동맥,한식,동천동,129.2253477,35.85745862,2.1,로컬상권
MA0101202512A0014119,밥이랑국시랑,한식,성건동,129.2067435,35.84395286,3.3,로컬상권
MA0101202512A0015839,참다방,비알코올 ,천북면,129.270623,35.89759892,3.4,로컬상권
MA0101202512A0020511,읍천회식당,한식,양남면,129.474541,35.69324951,4.6,로컬상권
MA0101202512A0020583,디프,한식,동천동,129.2255141,35.8570771,2.1,로컬상권
MA0101202512A0007675,흥원탁가라오케,주점,감포읍,129.5029539,35.80419609,4.5,로컬상권
MA0101202512A0033729,에이스8090라이브카페,한식,동천동,129.2266927,35.85133364,2.1,로컬상권
MA0101202512A0011865,극동실비,한식,황성동,129.2188821,35.86970626,3.2,로컬상권
MA0101202508A0014698,청하,일식,동천동,129.2237785,35.85675784,2.1,로컬상권
MA0101202512A0007807,감포가생각라면,기타 간이,감포읍,129.5093364,35.82635338,4.5,로컬상권
MA0101202512A0037445,북성로국수집,한식,황오동,129.2101814,35.84740372,11.3,핫플레이스
MA0101202511A0008625,서울찹쌀순대,한식,황오동,129.2163118,35.84538956,11.3,핫플레이스
MA0101202512A0016337,호식이두마리치킨,기타 간이,불국동,129.3006948,35.7748559,6.1,핫플레이스
MA0101202512A0027325,국대뚝막이,한식,용강동,129.225245,35.88109477,1.6,로컬상권
MA0101202512A0032805,고로북,비알코올 ,황오동,129.2102094,35.84880884,11.3,핫플레이스
MA0101202601A0015028,골목식당,한식,황오동,129.2143514,35.84374076,11.3,핫플레이스
MA0101202508A0019497,찬찬찬라이브,주점,안강읍,129.2234311,35.99109013,3.2,로컬상권
MA0101202512A0008960,오소,비알코올 ,안강읍,129.192851,36.00023105,3.2,로컬상권
MA0101202512A0031612,대패제패,한식,선도동,129.1857464,35.84220131,2.0,로컬상권
MA0101202512A0006374,회비비다,한식,선도동,129.1839885,35.84266578,2.0,로컬상권
MA0101202512A0016448,싱글커피숍,비알코올 ,서면,129.0482988,35.89418269,0.9,로컬상권
MA0101202512A0020673,밥집,한식,외동읍,129.2987339,35.704396,5.0,핫플레이스
MA0101202512A0019232,독도사랑휴게소,기타 간이,황남동,129.1986247,35.81282634,10.7,핫플레이스
MA0101202512A0034656,맥반,한식,황남동,129.2090057,35.83813558,10.7,핫플레이스
MA0101202512A0041541,집앞에서..한잔,한식,월성동,129.2652469,35.80446158,7.1,핫플레이스
MA0101202512A0004238,염가네고깃집,한식,외동읍,129.3253859,35.71299327,5.0,핫플레이스
MA0101202511A0004980,친구야,한식,안강읍,129.2238386,35.99099248,3.2,로컬상권
MA0101202601A0027941,킴스델리,기타 간이,외동읍,129.3234083,35.71185113,5.0,핫플레이스
MA0101202601A0018071,미아호,한식,황오동,129.2084538,35.84337179,11.3,핫플레이스
MA0101202512A0021648,풍년,한식,황오동,129.2085746,35.84573031,11.3,핫플레이스
MA0101202512A0035128,깐부쿡,한식,용강동,129.2238075,35.85977579,1.6,로컬상권
MA0101202603A0014544,교촌치킨신경주역점,기타 간이,건천읍,129.1363808,35.80264982,7.6,핫플레이스
MA0101202603A0026427,굽네치킨동천,기타 간이,동천동,129.2264833,35.85136456,2.1,로컬상권
MA0101202603A0015429,은일식당,한식,외동읍,129.3358261,35.69859965,5.0,핫플레이스
MA0101202603A0012114,김혜경제주항통갈치,한식,외동읍,129.3168623,35.77494182,5.0,핫플레이스
MA0101202602A0007173,동동국밥,한식,선도동,129.1887119,35.84098495,2.0,로컬상권
MA0101202603A0008374,포션,한식,황오동,129.2147462,35.84241796,11.3,핫플레이스
MA0101202603A0008771,맛깔람,한식,용강동,129.2319353,35.88553883,1.6,로컬상권
MA0101202602A0017142,돈마당,한식,불국동,129.3091472,35.77120682,6.1,핫플레이스
MA0101202603A0018229,연풍수산,한식,안강읍,129.2149224,35.99329293,3.2,로컬상권
MA0101202603A0048536,싸가지없는갈비,한식,동천동,129.2318177,35.84820201,2.1,로컬상권
MA0101202603A0032840,들꽃녁,한식,외동읍,129.3222929,35.67111854,5.0,핫플레이스
MA0101202603A0025888,고향분식,기타 간이,감포읍,129.502011,35.80410761,4.5,로컬상권
MA0101202603A0045103,양남분식,기타 간이,양남면,129.4584357,35.66728809,4.6,로컬상권
MA0101202604A0026905,사조식당,한식,불국동,129.3256657,35.78298921,6.1,핫플레이스
MA0101202603A0039423,티읕황리단길점,비알코올 ,황남동,129.212804,35.83544363,10.7,핫플레이스
MA0101202602A0003933,티엠티피자,기타 간이,황성동,129.2201347,35.86461025,3.2,로컬상권
MA0101202511A0034377,올인노래마을,주점,황오동,129.2072504,35.84506986,11.3,핫플레이스
MA0101202602A0004317,누리마을감자탕경주,한식,황성동,129.2151557,35.86548611,3.2,로컬상권
MA0101202602A0012890,푸른회식당,한식,양남면,129.4602047,35.66664826,4.6,로컬상권
MA0101202603A0006993,천원다방,비알코올 ,황남동,129.2125268,35.82705999,10.7,핫플레이스
MA0101202603A0020557,소향몽경주,한식,황남동,129.2093738,35.83784047,10.7,핫플레이스
MA0101202603A0017983,부엌과방,한식,황오동,129.2207953,35.84623481,11.3,핫플레이스
MA0101202603A0017759,포디엠,주점,황오동,129.2138064,35.84403914,11.3,핫플레이스
MA0101202603A0034151,경주면가,한식,동천동,129.2237569,35.85717272,2.1,로컬상권
MA0101202603A0014794,럭키7080,주점,황오동,129.2097247,35.84410529,11.3,핫플레이스
MA0101202603A0005442,flfnb,비알코올 ,문무대왕면,129.3891789,35.79509649,2.4,로컬상권
MA0101202603A0030634,교리김밥,기타 간이,황남동,129.2107845,35.82168578,10.7,핫플레이스
MA0101202602A0010012,부민폐백,기타 간이,황오동,129.2163118,35.84538956,11.3,핫플레이스
MA0101202511A0034323,국수이야기,한식,양남면,129.4709873,35.70049459,4.6,로컬상권
MA0101202603A0020279,진심장어,한식,동천동,129.2257643,35.85731574,2.1,로컬상권
MA0101202602A0019893,안티솔로,서양식,황오동,129.2112875,35.84220236,11.3,핫플레이스
MA0101202603A0019362,그남자의왕돈까스,서양식,양남면,129.4706953,35.70069881,4.6,로컬상권
MA0101202603A0031624,경주하누가물애,한식,월성동,129.2587389,35.84490553,7.1,핫플레이스
MA0101202603A0018457,신라제면경주황리단길점,한식,황남동,129.2118981,35.83509989,10.7,핫플레이스
MA0101202603A0021663,커피볶는시골커피경주충효점,비알코올 ,선도동,129.1844385,35.84253145,2.0,로컬상권
MA0101202603A0042506,백세밀면,한식,외동읍,129.3260918,35.71561066,5.0,핫플레이스
MA0101202603A0021595,오렌지다방,비알코올 ,안강읍,129.2183929,35.99092215,3.2,로컬상권
MA0101202603A0047983,고기만장,한식,현곡면,129.1743166,35.89006522,1.2,로컬상권
MA0101202603A0025854,브이아이피7080,주점,동천동,129.2235143,35.85641133,2.1,로컬상권
MA0101202512A0019606,장수바베큐보쌈,한식,황성동,129.219075,35.86987389,3.2,로컬상권
MA0101202603A0047897,부산식당,한식,황오동,129.2121923,35.8421046,11.3,핫플레이스
MA0101202602A0016077,페리카나,기타 간이,안강읍,129.2190024,35.99170378,3.2,로컬상권
MA0101202603A0046396,가마치통닭경주건천점,기타 간이,건천읍,129.1063637,35.84543974,7.6,핫플레이스
MA0101202511A0033892,꽃내반찬,한식,건천읍,129.138257,35.80290479,7.6,핫플레이스
MA0101202512A0004480,6.6식육식당,한식,용강동,129.2273024,35.8826064,1.6,로컬상권
MA0101202603A0015569,용강무인카페,비알코올 ,용강동,129.2299344,35.87854793,1.6,로컬상권
MA0101202603A0039427,카우치빈,서양식,황오동,129.2073065,35.83950937,11.3,핫플레이스
MA0101202511A0040402,달리는커피,비알코올 ,황성동,129.2205848,35.86685453,3.2,로컬상권
MA0101202603A0007844,다락베어,비알코올 ,황오동,129.2213603,35.84149389,11.3,핫플레이스
MA0101202603A0048265,대길회초장집,한식,감포읍,129.502011,35.80410761,4.5,로컬상권
MA0101202603A0000892,영빈라이브7080,주점,황오동,129.2110984,35.84296272,11.3,핫플레이스
MA0101202512A0014069,깐부7080라이브,주점,외동읍,129.3248106,35.71372523,5.0,핫플레이스
MA0101202603A0019702,제주본가고기국수,한식,동천동,129.2284547,35.85062518,2.1,로컬상권
MA0106202603A1471338,대릉원,기타 간이,황남동,129.2150351,35.83489792,10.7,핫플레이스
MA0101202603A0026015,우아한,비알코올 ,동천동,129.2342413,35.84425545,2.1,로컬상권
MA0101202511A0037376,돈카츠마켙경주점,일식,황성동,129.2144208,35.86532847,3.2,로컬상권
MA0101202511A0008621,범굴,한식,황남동,129.2104296,35.83600995,10.7,핫플레이스
MA0101202511A0007386,제이더블유컴퍼니,한식,동천동,129.2218747,35.85318891,2.1,로컬상권
MA0101202601A0026217,온기푸드,한식,성건동,129.1910382,35.86479326,3.3,로컬상권
MA0101202603A0037965,충효포차,한식,선도동,129.1861791,35.84304943,2.0,로컬상권
MA0101202603A0045859,킹스로드카페,비알코올 ,문무대왕면,129.4060435,35.8276829,2.4,로컬상권
MA0101202602A0022146,밥통,한식,천북면,129.2456161,35.9202527,3.4,로컬상권
MA0101202602A0012641,슈슈슈,한식,황남동,129.2103956,35.83638,10.7,핫플레이스
MA0101202601A0004196,오늘도고기,주점,황성동,129.2186464,35.86522344,3.2,로컬상권
MA0101202603A0019663,옛날장우동푸드,일식,황오동,129.208668,35.84750365,11.3,핫플레이스
MA0101202602A0036523,숏커피,비알코올 ,외동읍,129.3265128,35.70577218,5.0,핫플레이스
MA0101202603A0006989,경주십원빵첨성대,한식,월성동,129.218569,35.83584187,7.1,핫플레이스
MA0101202512A0016730,카페;불국동,기타 간이,불국동,129.3060189,35.77467278,6.1,핫플레이스
MA0101202602A0036031,진솔한식뷔페국당점,구내식당·뷔페,강동면,129.2893808,35.97205414,1.8,로컬상권
MA0101202601A0049737,파라다이스,기타 간이,보덕동,129.2615028,35.84948483,12.9,핫플레이스
MA0101202512A0023604,핑크마티니,서양식,용강동,129.224697,35.88089768,1.6,로컬상권
MA0101202603A0005238,락만나야,한식,성건동,129.2070728,35.85223643,3.3,로컬상권
MA0101202601A0007368,롤아웃라운지,비알코올 ,현곡면,129.2027309,35.86491274,1.2,로컬상권
MA0101202603A0037253,을찌로국물떡볶이경주,기타 간이,황성동,129.2166198,35.86281003,3.2,로컬상권
MA0101202604A0019519,오봉산식당,한식,서면,129.0502244,35.89198726,0.9,로컬상권
MA0101202601A0008077,친구가요방,주점,서면,129.0495213,35.89306253,0.9,로컬상권
MA0101202604A0035891,제이바,한식,성건동,129.2070132,35.85487758,3.3,로컬상권
MA0101202601A0013213,11레지온,서양식,성건동,129.2051158,35.85590358,3.3,로컬상권
MA0101202603A0016999,네네치킨,기타 간이,황성동,129.2149285,35.87044602,3.2,로컬상권
MA0101202603A0049972,연화식당,한식,황오동,129.2163118,35.84538956,11.3,핫플레이스
MA0101202602A0020767,둥지,서양식,황남동,129.2103092,35.83566075,10.7,핫플레이스
MA0101202602A0004758,달이이쁘다,비알코올 ,동천동,129.2231208,35.85500398,2.1,로컬상권
MA0101202603A0044473,정원돼지국밥,한식,안강읍,129.1466048,35.98156046,3.2,로컬상권
MA0101202603A0034716,신세계닭발,한식,성건동,129.1897826,35.86059927,3.3,로컬상권
MA0101202512A0020408,뮤직홀,주점,용강동,129.2322723,35.88531632,1.6,로컬상권
MA0101202603A0008754,이박사냄비갈비,한식,성건동,129.1915657,35.85943142,3.3,로컬상권
MA0101202603A0016756,카페라파우자,비알코올 ,황남동,129.210659,35.82553557,10.7,핫플레이스
MA0101202601A0037497,냠냠분식,기타 간이,용강동,129.2212031,35.86679804,1.6,로컬상권
MA0101202602A0032316,밀양회식당,한식,양남면,129.4604423,35.66683262,4.6,로컬상권
MA0101202603A0009250,사희반점,한식,동천동,129.2221669,35.8533457,2.1,로컬상권
MA0101202601A0044139,황리단쉼터,주점,황남동,129.2086457,35.83313238,10.7,핫플레이스
MA0101202603A0029942,옹기골숯불뒷고기,한식,성건동,129.2074845,35.8443357,3.3,로컬상권
MA0101202603A0019497,40호족발,한식,감포읍,129.502011,35.80410761,4.5,로컬상권
MA0101202604A0046392,바다다방,비알코올 ,감포읍,129.5029539,35.80419609,4.5,로컬상권
MA0101202512A0029687,커피특별시경주,비알코올 ,황성동,129.2091159,35.86523696,3.2,로컬상권
MA0101202512A0029858,일일시호다,일식,황남동,129.2094029,35.83809223,10.7,핫플레이스
MA0101202602A0000831,데이리프,한식,황오동,129.2168434,35.84341547,11.3,핫플레이스
MA0101202603A0002873,송림,한식,강동면,129.2818339,36.0071212,1.8,로컬상권
MA0101202603A0017334,선술집반주,한식,황성동,129.2109995,35.86729271,3.2,로컬상권
MA0101202603A0001759,꼼장어랑바다장어,한식,황오동,129.2041859,35.83871068,11.3,핫플레이스
MA0101202601A0022508,화조유흥주점,주점,문무대왕면,129.4416178,35.79206926,2.4,로컬상권
MA0101202603A0014320,란데부RANDEVU,한식,성건동,129.206061,35.8552645,3.3,로컬상권
MA0101202603A0039618,빽다방경주용황점,비알코올 ,용강동,129.2262848,35.88303975,1.6,로컬상권
MA0101202602A0025383,동방숯불,한식,월성동,129.2611032,35.81045945,7.1,핫플레이스
MA0101202512A0021531,모리커피경주삼릉점,비알코올 ,황남동,129.2054145,35.79113975,10.7,핫플레이스
MA0101202601A0000198,텐고쿠,일식,용강동,129.2255278,35.88209869,1.6,로컬상권
MA0101202602A0012488,자담치킨,기타 간이,선도동,129.1781234,35.84469152,2.0,로컬상권
MA0101202509A0030715,와와노래클럽,주점,황오동,129.2147788,35.84120095,11.3,핫플레이스
MA0101202601A0031306,원다방,비알코올 ,건천읍,129.1056123,35.85092237,7.6,핫플레이스
MA0101202604A0030059,카페로사,비알코올 ,불국동,129.3259665,35.78647938,6.1,핫플레이스
MA0101202602A0006950,가인다방,비알코올 ,안강읍,129.2180965,35.993009,3.2,로컬상권
MA0101202512A0021345,경주산내그로브,비알코올 ,산내면,129.057264,35.69672001,1.0,로컬상권
MA0101202604A0051801,보문얼큰이칼국수&호프광장,한식,보덕동,129.2911099,35.8357236,12.9,핫플레이스
MA0101202512A0020193,데이루트,비알코올 ,황성동,129.2216881,35.88336818,3.2,로컬상권
MA0101202604A0048911,독상,한식,용강동,129.2282093,35.88257155,1.6,로컬상권
MA0101202512A0001729,브런치바이트,비알코올 ,황오동,129.2118819,35.84168683,11.3,핫플레이스
MA0101202601A0009385,다예내,한식,강동면,129.2526733,36.04659645,1.8,로컬상권
MA0101202601A0005533,감포오션뷰카페,비알코올 ,감포읍,129.5131788,35.83066985,4.5,로컬상권
MA0101202512A0039000,신라찜닭,한식,황남동,129.2124193,35.83593727,10.7,핫플레이스
MA0101202512A0044285,원샷클럽,주점,동천동,129.2231208,35.85500398,2.1,로컬상권
MA0101202510A0035389,비타민,주점,불국동,129.2979194,35.77715257,6.1,핫플레이스
MA0101202510A0026738,베이시크,기타 간이,황남동,129.20999,35.83572069,10.7,핫플레이스
MA0101202601A0010979,팔곡보쌈경주,한식,성건동,129.2105843,35.85473982,3.3,로컬상권
MA0101202604A0028702,상상바,주점,동천동,129.2244112,35.85365555,2.1,로컬상권
MA0101202511A0013694,정가네한우경주용황점,한식,용강동,129.2284171,35.88247759,1.6,로컬상권
MA0101202602A0038477,달리는커피경주,비알코올 ,현곡면,129.1747911,35.89040803,1.2,로컬상권
MA0101202511A0002024,꽃밭에서,한식,황오동,129.2074568,35.84732768,11.3,핫플레이스
MA0101202512A0006080,동춘한상,한식,보덕동,129.2690515,35.85300966,12.9,핫플레이스
MA0101202512A0028759,오꾸닭,기타 간이,황성동,129.2110508,35.86714759,3.2,로컬상권
MA0101202603A0033922,권자카야,일식,용강동,129.2257202,35.88264475,1.6,로컬상권
MA0101202512A0021455,고메드갤러리아더케이호텔앤리조트,구내식당·뷔페,보덕동,129.2902061,35.8381556,12.9,핫플레이스
MA0101202510A0014214,먹방,한식,황오동,129.2024494,35.84113932,11.3,핫플레이스
MA0101202512A0043340,좋은일단란주점,주점,감포읍,129.5017088,35.80434816,4.5,로컬상권
MA0101202511A0009677,텐퍼센트커피경주보문북군점,비알코올 ,보덕동,129.264115,35.85221981,12.9,핫플레이스
MA0101202512A0044701,마카모디1925감포지점,비알코올 ,감포읍,129.5015758,35.80574746,4.5,로컬상권
MA0101202511A0007380,카페무아,비알코올 ,불국동,129.3051948,35.77178726,6.1,핫플레이스
MA0101202512A0043028,순정식당,한식,문무대왕면,129.4090978,35.82038659,2.4,로컬상권
MA0101202512A0039966,콘서트7080,주점,동천동,129.2232412,35.85535316,2.1,로컬상권
MA0101202512A0034888,수참치,일식,용강동,129.2286886,35.87873325,1.6,로컬상권
MA0106202511A0490891,스타벅스,비알코올 ,용강동,129.2317651,35.88460492,1.6,로컬상권
MA0101202511A0006252,필노래궁,주점,감포읍,129.5017088,35.80434816,4.5,로컬상권
MA0101202511A0025424,가마치통닭경주,기타 간이,동천동,129.2264709,35.8552753,2.1,로컬상권
MA0101202512A0005969,중앙카페,한식,안강읍,129.2281217,35.99190409,3.2,로컬상권
MA0101202512A0040374,한입두입,비알코올 ,양남면,129.4508744,35.66338774,4.6,로컬상권
MA0101202509A0013347,오지버거경주,기타 간이,외동읍,129.3289343,35.68078453,5.0,핫플레이스
MA0101202511A0001844,샤브한쌈,한식,황오동,129.2225146,35.84677067,11.3,핫플레이스
MA0101202512A0004113,엄마손맛,한식,현곡면,129.2026759,35.86572469,1.2,로컬상권
MA0101202511A0013562,양숙이네횟집,한식,감포읍,129.5033693,35.80439466,4.5,로컬상권
MA0101202511A0012012,몰심빵경주,기타 간이,동천동,129.228769,35.8484118,2.1,로컬상권
MA0101202511A0025401,청포,한식,불국동,129.3006148,35.77553321,6.1,핫플레이스
MA0101202510A0028849,화덕에구운고등어,한식,황성동,129.223012,35.88319951,3.2,로컬상권
MA0101202511A0035457,에키초밥,일식,현곡면,129.174413,35.88832446,1.2,로컬상권
MA0101202511A0014346,리프커피,비알코올 ,황오동,129.2150271,35.8441608,11.3,핫플레이스
MA0101202511A0009621,공원생아귀찜,한식,불국동,129.3258732,35.78479626,6.1,핫플레이스
MA0101202512A0029689,중식먹을고양,한식,황성동,129.2198817,35.86704774,3.2,로컬상권
MA0101202509A0039222,봉이해물탕,한식,안강읍,129.228268,35.9931628,3.2,로컬상권
MA0101202511A0014597,다왕갈비탕,한식,안강읍,129.225639,35.99232863,3.2,로컬상권
MA0101202512A0008974,샤브20경주점,한식,용강동,129.2277727,35.88200299,1.6,로컬상권
MA0101202512A0021703,김복남맥주신경주점,주점,건천읍,129.1374129,35.80525357,7.6,핫플레이스
MA0101202512A0022343,해물천국,한식,성건동,129.2047772,35.85326974,3.3,로컬상권
MA0101202511A0029878,외갓집,한식,불국동,129.3086177,35.77163146,6.1,핫플레이스
MA0101202512A0004520,카페동희,비알코올 ,황오동,129.2277184,35.84408827,11.3,핫플레이스
MA0101202512A0029214,크루어텅바이,동남아시아,외동읍,129.3321399,35.68088464,5.0,핫플레이스
MA0101202508A0002711,김밥천국,기타 간이,황성동,129.2143996,35.86576136,3.2,로컬상권
MA0101202511A0018335,뷔페서라벌,구내식당·뷔페,외동읍,129.3211056,35.73110572,5.0,핫플레이스
MA0101202511A0038628,아사가남촌,비알코올 ,월성동,129.2578596,35.83184802,7.1,핫플레이스
MA0101202510A0025766,옹심이,한식,황오동,129.2163118,35.84538956,11.3,핫플레이스
MA0101202511A0032494,메밀향막국수,한식,동천동,129.2301218,35.84573763,2.1,로컬상권
MA0101202511A0020475,잘돼소,한식,동천동,129.229684,35.85025997,2.1,로컬상권
MA0101202511A0019135,함양집보문점,한식,보덕동,129.2622281,35.85203011,12.9,핫플레이스
MA0101202512A0017380,남정,한식,황성동,129.2187239,35.88109832,3.2,로컬상권
MA0101202509A0032658,튀호,기타 간이,황남동,129.2095579,35.83410676,10.7,핫플레이스
MA0101202512A0017846,이상복경주빵봉황대점,기타 간이,황오동,129.2118005,35.8411477,11.3,핫플레이스
MA0101202603A0036774,천일가든용황점,한식,용강동,129.2285454,35.88350239,1.6,로컬상권
MA0101202603A0023913,동천소주,한식,동천동,129.2326849,35.84755517,2.1,로컬상권
MA0101202604A0042162,바다양푼이동태탕과미나리삼겹살,한식,산내면,129.0456005,35.75899499,1.0,로컬상권
MA0101202603A0020341,강경불고기경주분황사점,한식,월성동,129.2325849,35.84161917,7.1,핫플레이스
MA0101202604A0030064,경주숙성돼지,한식,동천동,129.2298405,35.85110404,2.1,로컬상권
MA0101202604A0005343,강동감자칼국수수제비,한식,강동면,129.2722679,35.98601195,1.8,로컬상권
MA0101202602A0016904,감포막창식당,한식,감포읍,129.4981868,35.80666491,4.5,로컬상권
MA0101202603A0016752,카페썬트리휴,비알코올 ,외동읍,129.3389556,35.67376028,5.0,핫플레이스
MA0101202602A0031590,슈만과클라라,한식,보덕동,129.2690515,35.85300966,12.9,핫플레이스
MA0101202604A0029128,나이팟타이,기타 간이,황남동,129.20849,35.83909116,10.7,핫플레이스
MA0101202604A0041347,블랙비지니스클럽,주점,동천동,129.2239851,35.85424912,2.1,로컬상권
MA0101202604A0001829,옥산리,한식,안강읍,129.1692652,35.9909019,3.2,로컬상권
MA0101202602A0036562,먼치즈,서양식,성건동,129.2062437,35.85546839,3.3,로컬상권
MA0101202601A0038408,통큰왕갈비탕,한식,황성동,129.2197233,35.8819989,3.2,로컬상권
MA0101202603A0020284,하나분식,기타 간이,성건동,129.2067435,35.84395286,3.3,로컬상권
MA0101202602A0037680,멕시코코하시엔다,서양식,황오동,129.2140095,35.84218826,11.3,핫플레이스
MA0101202604A0007337,오지버거,기타 간이,불국동,129.3043228,35.7726059,6.1,핫플레이스
MA0101202602A0023563,나비,한식,동천동,129.2262652,35.85504485,2.1,로컬상권
MA0101202604A0012166,카이막딜라이트,비알코올 ,황남동,129.2154433,35.83485435,10.7,핫플레이스
MA0101202603A0028814,일품양평해장국경주모화점,한식,외동읍,129.3196717,35.67860271,5.0,핫플레이스
MA0101202601A0045068,홍화루,중식,건천읍,129.1387566,35.80091356,7.6,핫플레이스
MA0101202602A0009566,위더스요양병원장례식장식당,한식,용강동,129.232038,35.87776098,1.6,로컬상권
MA0101202603A0023121,메가엠지씨커피경주첨성대점,비알코올 ,월성동,129.218569,35.83584187,7.1,핫플레이스
MA0101202602A0038066,정해장국,한식,외동읍,129.3204509,35.72910904,5.0,핫플레이스
MA0101202603A0020908,후미칼국수,한식,서면,129.0504325,35.89232611,0.9,로컬상권
MA0101202604A0030706,멕시카나치킨호프보문점,기타 간이,보덕동,129.2884474,35.84549647,12.9,핫플레이스
MA0101202602A0027405,까마귀,한식,황오동,129.2037021,35.83962061,11.3,핫플레이스
MA0101202604A0051741,보문밀면,한식,보덕동,129.264115,35.85221981,12.9,핫플레이스
MA0101202604A0033761,참새방앗간by소소월,비알코올 ,내남면,129.1976983,35.75028302,4.1,로컬상권
MA0101202601A0043992,우리갤러리,한식,건천읍,129.1021566,35.84873024,7.6,핫플레이스
MA0101202602A0022875,소담족발보쌈,한식,안강읍,129.2190024,35.99170378,3.2,로컬상권
MA0101202602A0007352,타이라오무카타,한식,성건동,129.208314,35.85508794,3.3,로컬상권
MA0101202604A0022818,대성식당,한식,황오동,129.2284754,35.84147923,11.3,핫플레이스
MA0101202602A0006373,초가집,한식,안강읍,129.2216387,35.99122247,3.2,로컬상권
MA0101202602A0036767,경주교동우엉김밥,기타 간이,황남동,129.21104,35.83328656,10.7,핫플레이스
MA0101202603A0041675,가마치통닭,기타 간이,황성동,129.2107574,35.86694576,3.2,로컬상권
MA0101202603A0003429,장터김밥,기타 간이,불국동,129.3011232,35.77552348,6.1,핫플레이스
MA0101202602A0008936,대신맷돌순두부,한식,용강동,129.2264158,35.86319646,1.6,로컬상권
MA0101202604A0055532,피피케이키친경주점,서양식,현곡면,129.1743166,35.89006522,1.2,로컬상권
MA0101202604A0003870,다향한빙수집,비알코올 ,황오동,129.2099323,35.84401137,11.3,핫플레이스
MA0101202602A0003919,그린힐골프앤스파찜질방,한식,외동읍,129.3378339,35.71666248,5.0,핫플레이스
MA0101202602A0002744,에스에이치푸드,구내식당·뷔페,건천읍,129.1098113,35.86444571,7.6,핫플레이스
MA0101202602A0017879,언노운피자,기타 간이,선도동,129.1877566,35.84246206,2.0,로컬상권
MA0101202604A0052095,황남옼수수,기타 간이,황남동,129.2096663,35.8380153,10.7,핫플레이스
MA0101202604A0042440,비에이치씨경주,기타 간이,천북면,129.2706269,35.89463447,3.4,로컬상권
MA0101202601A0033081,동동국밥경주용황점,한식,용강동,129.2261067,35.88142119,1.6,로컬상권
MA0101202603A0048510,하삼동커피충효,비알코올 ,선도동,129.1853484,35.84221756,2.0,로컬상권
MA0101202602A0022920,경주교동순두부황리단길점,한식,황남동,129.210563,35.83324128,10.7,핫플레이스
MA0101202604A0014479,맘스분식,기타 간이,천북면,129.2456005,35.91930691,3.4,로컬상권
MA0101202601A0045004,대구반야월막창,한식,현곡면,129.1748865,35.88984766,1.2,로컬상권
MA0101202602A0028651,골목식당,한식,황오동,129.2163327,35.85170548,11.3,핫플레이스
MA0101202602A0021521,부엉이식당,한식,천북면,129.2697826,35.89686696,3.4,로컬상권
MA0101202601A0012706,퐁퐁노래클럽,주점,안강읍,129.2286828,35.99332629,3.2,로컬상권
MA0101202602A0002689,만나흑염소식당,한식,외동읍,129.3026284,35.67502851,5.0,핫플레이스
MA0101202602A0020214,로94돈집,한식,동천동,129.2267412,35.8562344,2.1,로컬상권
MA0101202604A0003462,청다방,비알코올 ,문무대왕면,129.4416178,35.79206926,2.4,로컬상권
MA0101202603A0041051,돌커피,비알코올 ,성건동,129.2052562,35.8433945,3.3,로컬상권
MA0101202604A0021332,몽실포차,한식,건천읍,129.1052481,35.84928882,7.6,핫플레이스
MA0101202602A0013375,봄식당,한식,천북면,129.2878005,35.92688931,3.4,로컬상권
MA0101202604A0049035,보타닉일레븐,기타 간이,외동읍,129.3284447,35.68103729,5.0,핫플레이스
MA0101202604A0017968,인생짜글이&비빔밥,한식,건천읍,129.1392792,35.80637372,7.6,핫플레이스
MA0101202602A0011972,미족,한식,외동읍,129.3261834,35.71496014,5.0,핫플레이스
MA0101202603A0048649,미소웰빙뷔페,구내식당·뷔페,선도동,129.1831852,35.83839139,2.0,로컬상권
MA0101202604A0049102,고추마늘통닭,기타 간이,동천동,129.2264697,35.85206762,2.1,로컬상권
MA0101202604A0021745,부자호두,한식,황남동,129.2075775,35.83690938,10.7,핫플레이스
MA0101202602A0016070,블루밍,한식,양남면,129.4505676,35.66454729,4.6,로컬상권
MA0101202604A0041158,마루들깨삼계탕,한식,월성동,129.2194397,35.83690704,7.1,핫플레이스
MA0101202604A0036510,와그스테이크경주점,서양식,용강동,129.2284949,35.88407098,1.6,로컬상권
MA0101202604A0017331,안포강터,한식,안강읍,129.2250348,35.99055581,3.2,로컬상권
MA0101202604A0032039,늘푸른카페,비알코올 ,용강동,129.2267073,35.87835553,1.6,로컬상권
MA0101202602A0023392,동네국시,한식,문무대왕면,129.4428896,35.79171004,2.4,로컬상권
MA0101202603A0041212,커피사피엔스황리단길점,비알코올 ,황남동,129.2103092,35.83566075,10.7,핫플레이스
MA0101202603A0049887,칠평식육식당,한식,안강읍,129.2250755,35.99003246,3.2,로컬상권
MA0101202604A0009830,온브레이즈,한식,황성동,129.2243891,35.87938965,3.2,로컬상권
MA0101202604A0028196,하라르푸드,기타 간이,성건동,129.2065935,35.85411039,3.3,로컬상권
MA0101202603A0025637,루위카오위경주점,한식,동천동,129.2284074,35.84932856,2.1,로컬상권
MA0101202602A0021556,꼬꼬분식,기타 간이,황오동,129.2163118,35.84538956,11.3,핫플레이스
MA0101202604A0049056,비비큐용황점,기타 간이,용강동,129.2276112,35.88256463,1.6,로컬상권
MA0101202602A0011330,파라다이스단란주점,주점,건천읍,129.1006404,35.8525052,7.6,핫플레이스
MA0101202604A0014480,동네짬뽕경주점,중식,동천동,129.2257714,35.85480171,2.1,로컬상권
MA0101202604A0008847,진수미가경주빵찰보리빵,기타 간이,황남동,129.210563,35.83324128,10.7,핫플레이스
MA0101202604A0052741,인생국밥,한식,성건동,129.2079168,35.85353644,3.3,로컬상권
MA0101202604A0047771,산드레,한식,불국동,129.3062774,35.80962789,6.1,핫플레이스
MA0101202603A0025320,육회하다,한식,건천읍,129.1391609,35.80114064,7.6,핫플레이스
MA0101202604A0025669,보글보글찌개,한식,용강동,129.2311168,35.87767899,1.6,로컬상권
MA0101202604A0012621,디제리크,기타 간이,황성동,129.2239466,35.88375886,3.2,로컬상권
MA0101202604A0002022,백년손님,한식,황남동,129.2127801,35.83498453,10.7,핫플레이스
MA0101202602A0031531,빵빵한토스트,기타 간이,외동읍,129.3257594,35.71443673,5.0,핫플레이스
MA0101202604A0045509,통통바베큐&홍어,한식,성건동,129.2099295,35.85228301,3.3,로컬상권
MA0101202604A0014065,카페동방,한식,월성동,129.2650155,35.80838546,7.1,핫플레이스
MA0101202601A0004577,옥이식당,한식,안강읍,129.2247762,35.99279515,3.2,로컬상권
MA0101202603A0027952,054피자,기타 간이,현곡면,129.1766423,35.88967167,1.2,로컬상권
MA0101202604A0050958,비비큐경주한화리조트점,기타 간이,보덕동,129.270249,35.85968169,12.9,핫플레이스
MA0101202604A0027920,슈퍼크리스피경주용황점,기타 간이,용강동,129.2286344,35.8831223,1.6,로컬상권
MA0101202601A0011686,야키토리소기,일식,황남동,129.2106842,35.83601427,10.7,핫플레이스
MA0101202604A0028278,경주손칼국수,한식,월성동,129.2192771,35.83702718,7.1,핫플레이스
MA0101202604A0046705,행복한찜닭경주점,한식,황성동,129.2158647,35.86312131,3.2,로컬상권
MA0101202604A0013522,투핸즈커피,비알코올 ,선도동,129.175742,35.84542849,2.0,로컬상권
MA0101202604A0040820,꾸덕희,비알코올 ,황남동,129.2102504,35.83713054,10.7,핫플레이스
MA0101202604A0009247,한가짬뽕,중식,건천읍,129.0799485,35.87007569,7.6,핫플레이스
MA0101202604A0016556,오늘은대패다,주점,용강동,129.2289384,35.88251296,1.6,로컬상권
MA0101202604A0024923,풍문,일식,성건동,129.2028138,35.84431333,3.3,로컬상권
MA0101202604A0020775,디알에프앤비,일식,황남동,129.2090833,35.83574638,10.7,핫플레이스
MA0101202601A0029539,이동간받이경주보문점,한식,보덕동,129.284818,35.83548304,12.9,핫플레이스
MA0101202604A0004214,태양포차,한식,감포읍,129.5025948,35.80368099,4.5,로컬상권
MA0101202604A0023320,신짜우,동남아시아,성건동,129.2111483,35.85432396,3.3,로컬상권
MA0101202604A0036087,쉐,동남아시아,외동읍,129.3240514,35.71497432,5.0,핫플레이스
MA0101202601A0029745,황남닭발,한식,황성동,129.2121688,35.86674857,3.2,로컬상권
MA0101202604A0012714,아몬드식당,한식,양남면,129.4715741,35.6998248,4.6,로컬상권
MA0101202604A0014314,여왕의간식,기타 간이,강동면,129.2942192,35.96229381,1.8,로컬상권
MA0101202604A0020853,귀한식탁,한식,동천동,129.2280492,35.85116432,2.1,로컬상권
MA0101202601A0030403,이음소반,한식,황오동,129.2284001,35.843535,11.3,핫플레이스
MA0101202601A0011341,역전옛날통닭,기타 간이,황오동,129.2165334,35.84460156,11.3,핫플레이스
MA0101202604A0045975,카페.한칸,비알코올 ,성건동,129.1919166,35.86172269,3.3,로컬상권
MA0101202604A0026592,모티경주점,한식,용강동,129.2303691,35.88378388,1.6,로컬상권
MA0101202604A0007375,술친구식당,한식,감포읍,129.5040351,35.80411049,4.5,로컬상권
MA0106202605A2128273,돈천숯불,한식,황오동,129.2031324,35.83982929,11.3,핫플레이스
MA0106202605A0093339,잎새달,한식,동천동,129.2291493,35.84736855,2.1,로컬상권
MA0106202605A1225515,아마스빈경주용황점,비알코올 ,용강동,129.2292158,35.88411166,1.6,로컬상권
MA0106202605A1365033,청정,한식,안강읍,129.1596019,36.01383644,3.2,로컬상권
MA0106202605A1386888,고궁단란주점,주점,감포읍,129.502142,35.80616815,4.5,로컬상권
MA0106202605A1937481,에셀나무,한식,황오동,129.2082399,35.84762866,11.3,핫플레이스
MA0106202605A1159827,호궁노래클럽,주점,감포읍,129.5032795,35.80435148,4.5,로컬상권
MA0106202605A2115730,경주황성한우,한식,황성동,129.215362,35.86494168,3.2,로컬상권
MA0106202605A1144443,송선식당,한식,건천읍,129.0779022,35.83664544,7.6,핫플레이스
MA0106202605A1405269,아리수경주호텔ATWOSOMEPLACE,비알코올 ,불국동,129.3247496,35.78152924,6.1,핫플레이스
MA0106202605A0532296,연한밤,한식,황남동,129.2089167,35.83851565,10.7,핫플레이스
MA0106202605A0459486,타코비경주점,일식,황오동,129.2136619,35.84361831,11.3,핫플레이스
MA0106202605A1613819,인덕왕족발,한식,성건동,129.2063451,35.85393475,3.3,로컬상권
MA0106202605A2291985,룩!,서양식,황오동,129.2141377,35.84640278,11.3,핫플레이스
MA0106202605A1899954,보리네,한식,문무대왕면,129.4414554,35.79145988,2.4,로컬상권
MA0106202605A2121913,서라벌커피,비알코올 ,외동읍,129.3211056,35.73110572,5.0,핫플레이스
MA0106202605A2063026,곤탄,일식,성건동,129.2065,35.84235347,3.3,로컬상권
MA0106202605A1246051,피자와썹충효점,기타 간이,선도동,129.1865679,35.84229448,2.0,로컬상권
MA0101202604A0025494,교동경주빵,기타 간이,황남동,129.2048775,35.83850877,10.7,핫플레이스
MA0101202604A0031521,소원수산,한식,건천읍,129.1046024,35.8529134,7.6,핫플레이스
MA0101202604A0023367,급식옥수수빵콘이코니,기타 간이,황남동,129.2089206,35.83905621,10.7,핫플레이스
MA0101202604A0031092,박순옥밀면명가,한식,성건동,129.2068015,35.85602579,3.3,로컬상권
MA0101202604A0016627,신바람난찐빵,기타 간이,감포읍,129.4905057,35.7887955,4.5,로컬상권
MA0101202604A0018971,매일분식,기타 간이,성건동,129.190891,35.86105661,3.3,로컬상권
MA0101202604A0049508,커피템플경주,비알코올 ,황오동,129.2166372,35.84077922,11.3,핫플레이스
MA0101202604A0004208,경주천북김밥커피,기타 간이,천북면,129.2706269,35.89463447,3.4,로컬상권
MA0101202604A0056735,주상절리돌짬뽕,중식,양남면,129.4737931,35.68727317,4.6,로컬상권
MA0101202604A0054880,타르당,기타 간이,황남동,129.2085349,35.83672058,10.7,핫플레이스
MA0101202604A0026630,도원성,중식,현곡면,129.2016059,35.86705983,1.2,로컬상권
MA0101202604A0009475,무등소갈비경주용황점,한식,용강동,129.2312487,35.88395676,1.6,로컬상권
MA0101202604A0004080,투맨,한식,용강동,129.2296078,35.88387912,1.6,로컬상권
MA0101202604A0021898,아노르,동남아시아,성건동,129.207036,35.8537058,3.3,로컬상권
MA0101202604A0017350,영천얼큰돼지국밥경주역점,한식,건천읍,129.1374129,35.80525357,7.6,핫플레이스
MA0101202604A0004938,오행족발,한식,황성동,129.2150459,35.86511871,3.2,로컬상권
MA0101202604A0007969,체크인치즈황리단길점,기타 간이,황남동,129.2117767,35.8355076,10.7,핫플레이스
MA0101202604A0004828,이삭토스트&커피경주금장점,기타 간이,현곡면,129.2027443,35.86859776,1.2,로컬상권
MA0101202604A0049546,북경쟁반짜장,중식,내남면,129.202749,35.72338407,4.1,로컬상권
MA0101202601A0014805,영성루,중식,성건동,129.2065411,35.85421948,3.3,로컬상권
MA0101202604A0036621,하나보리밥,한식,외동읍,129.3292331,35.68080578,5.0,핫플레이스
MA0101202604A0051608,대박면옥,한식,외동읍,129.3272609,35.70376642,5.0,핫플레이스
MA0101202603A0022180,점심밥상저녁술상,한식,동천동,129.2287699,35.84962819,2.1,로컬상권
MA0101202603A0039510,오누이커피하우스,비알코올 ,황오동,129.2100854,35.84593679,11.3,핫플레이스
MA0101202602A0013385,하나8386밀크티,비알코올 ,외동읍,129.3248106,35.71372523,5.0,핫플레이스
MA0101202603A0021004,상상곰탕,한식,황오동,129.2175189,35.84263711,11.3,핫플레이스
MA0101202601A0022365,고도경주점,한식,황남동,129.2104296,35.83600995,10.7,핫플레이스
MA0101202604A0031499,아리랑식당,한식,월성동,129.2566493,35.84458439,7.1,핫플레이스
MA0101202604A0010236,별난만두,기타 간이,황성동,129.2138268,35.86586202,3.2,로컬상권
MA0101202601A0034942,상하이반점,중식,현곡면,129.2060542,35.87218622,1.2,로컬상권
MA0101202601A0006455,두산식당,한식,문무대왕면,129.4415151,35.79052162,2.4,로컬상권
MA0101202602A0002166,장수식당,한식,용강동,129.2296078,35.88387912,1.6,로컬상권
MA0101202604A0039861,강동밀면,한식,강동면,129.2748694,35.99012531,1.8,로컬상권
MA0101202601A0035990,골목칼국수,한식,감포읍,129.5018844,35.80571401,4.5,로컬상권
MA0101202603A0023612,호호,한식,동천동,129.2228,35.85540638,2.1,로컬상권
MA0101202601A0023727,일품양평해장국,한식,황오동,129.2027582,35.84150309,11.3,핫플레이스
MA0101202601A0032143,하삼동커피경주,비알코올 ,안강읍,129.2250389,35.9906999,3.2,로컬상권
MA0101202603A0046668,보경칼국수,한식,불국동,129.3094416,35.77412052,6.1,핫플레이스
MA0101202604A0008304,해진호1996경주,한식,동천동,129.2228616,35.85642341,2.1,로컬상권
MA0101202603A0019398,보문칼국수·보쌈,한식,보덕동,129.2775006,35.83343249,12.9,핫플레이스
MA0101202602A0011747,안반미ANBANHMI,동남아시아,황남동,129.2107742,35.83726507,10.7,핫플레이스
MA0101202601A0031043,물레방아찻집,비알코올 ,감포읍,129.4938197,35.76462515,4.5,로컬상권
MA0101202601A0010329,포호느호,동남아시아,동천동,129.2249723,35.85868198,2.1,로컬상권
MA0101202604A0036906,금산재칼국수,한식,선도동,129.1941872,35.84651661,2.0,로컬상권
MA0101202601A0045037,더벤티경주,비알코올 ,황오동,129.2136296,35.84285302,11.3,핫플레이스
MA0101202601A0007815,보문민속식당,한식,보덕동,129.2884474,35.84549647,12.9,핫플레이스
MA0101202604A0034390,민들레,한식,황오동,129.2119066,35.84297487,11.3,핫플레이스
MA0101202604A0015848,동천,비알코올 ,동천동,129.2217299,35.85117326,2.1,로컬상권
MA0101202511A0024506,청해중식당,중식,양남면,129.4737201,35.68669803,4.6,로컬상권
